estado,grupo,producto_normalizado,match_score,nb_categoria,nb_codigo,nb_id_fabricante,nb_nombre,nb_marca,nb_brand_key,nb_precio_ars,nb_stock,cg_fuente,cg_cate,cg_nombre,cg_marca,cg_precio_ars,cg_disponible,cg_url,diferencia_ars,diferencia_pct
repetido,placas_video,placas_video|ASUS|RTX|5070||12GB|PLACA|DE|TUF|RTX|5070|OC,84.0,PLACA DE VIDEO,120233,TUF-RTX5070-O12G-GAMING,PLACA DE VIDEO ASUS TUF RTX 5070 OC 12GB GAMING,ASUS,ASUS,1341812.91,10.0,compragamer_geforce,6.0,Placa de Video ASUS TUF GeForce RTX 5090 32GB GDDR7 GAMING OC,Asus,5779990.0,True,https://compragamer.com/producto/Placa_de_Video_ASUS_TUF_GeForce_RTX_5090_32GB_GDDR7_GAMING_OC_17355?cate=6,4438177.09,330.75975472616375
repetido,placas_video,placas_video|GIGABYTE|RTX|5070||12GB|PLACA|DE|RTX|5070|AORUS|12GB,83.0,PLACA DE VIDEO,121690,GV-N5070AORUS M-12GD,PLACA DE VIDEO GIGABYTE RTX 5070 AORUS 12GB GDRR7,GIGABYTE                                          ,GIGABYTE,1417766.21,10.0,compragamer_geforce,6.0,Placa de Video Gigabyte AORUS GeForce RTX 5090 32GB GDDR7 MASTER,Gigabyte,5836830.0,True,https://compragamer.com/producto/Placa_de_Video_Gigabyte_AORUS_GeForce_RTX_5090_32GB_GDDR7_MASTER_20204?cate=6,4419063.79,311.69199539605336
repetido,discos_ssd,discos_ssd|ADATA|1000GB|LEGEND|860|1000GB|M2|GEN4,70.0,DISCOS SSD,121149,SLEG-860-1000GCS,DISCO SSD ADATA LEGEND 860 1TB M2 Gen4 x4 M.2 2280 6.000/5.000 MB/s,ADATA,ADATA,319145.0,10.0,compragamer_ssd,81.0,Disco Solido SSD M.2 ADATA 4TB Legend 900 PRO 7400MB/s NVMe PCIe Gen4 x4,Adata,1056550.0,True,https://compragamer.com/producto/Disco_Solido_SSD_M_2_ADATA_4TB_Legend_900_PRO_7400MB_s_NVMe_PCIe_Gen4_x4_19014?cate=81,737405.0,231.05641636246847
repetido,placas_video,placas_video|ZOTAC|RTX|5070||12GB|PLACA|DE|RTX|5070|12GB|SOLID,89.0,PLACA DE VIDEO,120478,ZT-B50700J-10P,PLACA DE VIDEO ZOTAC RTX 5070 12GB SOLID OC GDDR7,ZOTAC,ZOTAC,1133613.79,10.0,compragamer_geforce,6.0,Placa de Video Zotac GeForce RTX 5070 Ti 16GB GDDR7 SOLID SFF OC,Zotac,1697500.0,True,https://compragamer.com/producto/Placa_de_Video_Zotac_GeForce_RTX_5070_Ti_16GB_GDDR7_SOLID_SFF_OC_18659?cate=6,563886.21,49.74235625697531
repetido,placas_video,placas_video|ASUS|RX|9070||16GB|PLACA|DE|PRIME|RX|9070|16GB,82.0,PLACA DE VIDEO,120361,PRIME-RX9070-O16G,PLACA DE VIDEO ASUS PRIME RX 9070 O 16GB,ASUS,ASUS,1118179.0,10.0,compragamer_radeon,62.0,Placa de Video ASUS PRIME Radeon RX 9070 XT 16GB GDDR6 OC,Asus,1401750.0,True,https://compragamer.com/producto/Placa_de_Video_ASUS_PRIME_Radeon_RX_9070_XT_16GB_GDDR6_OC_17048?cate=62,283571.0,25.360072045710037
repetido,discos_ssd,discos_ssd|WD|1000GB|1000GB|GREEN|SN3000,68.0,DISCOS SSD,121558,WDS100T4G0E,DISCO SSD M.2 1TB WD GREEN SN3000 NVME,WD                                                ,WD,251470.76,10.0,compragamer_ssd,81.0,Disco Solido SSD M.2 WD 2TB Green SN3000 5000MB/s NVMe PCI-E Gen3 x4,Western Digital,479478.0,True,https://compragamer.com/producto/Disco_Solido_SSD_M_2_WD_2TB_Green_SN3000_5000MB_s_NVMe_PCI_E_Gen3_x4_20216?cate=81,228007.24,90.66948380002509
repetido,mothers,mothers|ASUS|B650M|AM5|AM5|PRIME|B650M|II,81.0,MOTHER ASUS,118258,PRIME B650M-A II,MOTHER ASUS (AM5) PRIME B650M-A II,ASUS,ASUS,178245.03,6.0,compragamer_mothers_amd,26.0,Mother ASUS PRIME B850-PLUS AM5 DDR5,Asus,344700.0,True,https://compragamer.com/producto/Mother_ASUS_PRIME_B850_PLUS_AM5_DDR5_18654?cate=26,166454.97,93.38547616166353
repetido,mothers,mothers|ASUS|B550M|AM4|AM4|PRIME|B550M,87.0,MOTHER ASUS,121686,PRIME B550M-K ARGB,MOTHER ASUS (AM4) PRIME B550M-K ARGB,ASUS,ASUS,113927.27,10.0,compragamer_mothers_amd,26.0,Mother ASUS PRIME B850M-A WIFI AM5 DDR5,Asus,267850.0,True,https://compragamer.com/producto/Mother_ASUS_PRIME_B850M_A_WIFI_AM5_DDR5_18650?cate=26,153922.72999999998,135.10613393966167
repetido,mothers,mothers|ASROCK|Z890M||LGA1851|Z890M|PHANTHOM|RIPTIDE,80.0,MOTHER ASROCK,119773,Z890M RIPTIDE WIFI,MOTHER ASROCK (LGA1851) Z890M PHANTHOM GAMING RIPTIDE WIFI,ASROCK,ASROCK,384281.41,10.0,compragamer_mothers_intel,49.0,Mother Asrock Z890 RIPTIDE WIFI LGA1851 DDR5,Asrock,529250.0,True,https://compragamer.com/producto/Mother_Asrock_Z890_RIPTIDE_WIFI_LGA1851_DDR5_17336?cate=49,144968.59000000003,37.724590944953604
repetido,mothers,mothers|ASUS|B650E|AM5|AM5|ROG|STRIX|B650E,92.0,MOTHER ASUS,118494,ROG STRIX B650E-F GAMING WIFI,MOTHER ASUS (AM5) ROG STRIX B650E-F GAMING WIFI,ASUS,ASUS,392872.09,10.0,compragamer_mothers_amd,26.0,Mother ASUS ROG STRIX B850-F GAMING WIFI AM5 DDR5,Asus,534600.0,True,https://compragamer.com/producto/Mother_ASUS_ROG_STRIX_B850_F_GAMING_WIFI_AM5_DDR5_16938?cate=26,141727.90999999997,36.07482272410849
repetido,mothers,mothers|ASUS|X870E|AM5|AM5|ROG|CROSSHAIR|X870E|DARK,92.0,MOTHER ASUS,122666,ROG CROSSHAIR X870E DARK HERO,MOTHER ASUS (AM5) ROG CROSSHAIR X870E DARK HERO,ASUS,ASUS,1120966.72,4.0,compragamer_mothers_amd,26.0,Mother ASUS ROG CROSSHAIR X870E HERO DDR5 AM5,Asus,1239100.0,True,https://compragamer.com/producto/Mother_ASUS_ROG_CROSSHAIR_X870E_HERO_DDR5_AM5_16445?cate=26,118133.28000000003,10.53851803914393
repetido,mothers,mothers|GIGABYTE|B840M|AM5|AM5|B840M|AORUS|ELITE|WIFI6E,85.0,MOTHER GIGABYTE,120649,B840M A ELITE WIFI6E,MOTHER GIGABYTE (AM5) B840M AORUS ELITE WIFI6E,GIGABYTE                                          ,GIGABYTE,243525.2,10.0,compragamer_mothers_amd,26.0,Mother Gigabyte B850 AORUS ELITE WIFI 7 ICE AM5,Gigabyte,357550.0,True,https://compragamer.com/producto/Mother_Gigabyte_B850_AORUS_ELITE_WIFI_7_ICE_AM5_20157?cate=26,114024.79999999999,46.82258755972687
repetido,mothers,mothers|ASROCK|B850M|AM5|AM5|B850M,100.0,MOTHER ASROCK,120127,B850M-X,MOTHER ASROCK (AM5) B850M-X,ASROCK,ASROCK,189940.72,10.0,compragamer_mothers_amd,26.0,Mother Asrock B850M PRO-A WIFI AM5 DDR5,Asrock,257000.0,True,https://compragamer.com/producto/Mother_Asrock_B850M_PRO_A_WIFI_AM5_DDR5_18234?cate=26,67059.28,35.305373171166245
repetido,mothers,mothers|ASUS|B850|AM5|AM5|TUF|B850,100.0,MOTHER ASUS,120209,TUF GAMING B850-PLUS WIFI,MOTHER ASUS (AM5) TUF GAMING B850-PLUS WIFI,ASUS,ASUS,354585.39,4.0,compragamer_mothers_amd,26.0,Mother ASUS TUF GAMING B850-PLUS WIFI AM5 DDR5,Asus,419850.0,True,https://compragamer.com/producto/Mother_ASUS_TUF_GAMING_B850_PLUS_WIFI_AM5_DDR5_16936?cate=26,65264.609999999986,18.405893711526012
repetido,mothers,mothers|ASROCK|B860||LGA1851|B860|STEEL|LEGEND,100.0,MOTHER ASROCK,120128,B860 STEEL LEGEND WIFI,MOTHER ASROCK (LGA1851) B860 STEEL LEGEND WIFI,ASROCK,ASROCK,292850.96,6.0,compragamer_mothers_intel,49.0,Mother Asrock B860 STEEL LEGEND WIFI LGA1851 DDR5,Asrock,357650.0,True,https://compragamer.com/producto/Mother_Asrock_B860_STEEL_LEGEND_WIFI_LGA1851_DDR5_17349?cate=49,64799.03999999998,22.126968612293428
repetido,mothers,mothers|ASUS|B850|AM5|AM5|ROG|STRIX|B850,100.0,MOTHER ASUS,119908,ROG STRIX B850-E GAMING WIFI,MOTHER ASUS (AM5) ROG STRIX B850-E GAMING WIFI,ASUS,ASUS,576975.67,10.0,compragamer_mothers_amd,26.0,Mother ASUS ROG STRIX B850-E GAMING WIFI AM5 DDR5,Asus,640650.0,True,https://compragamer.com/producto/Mother_ASUS_ROG_STRIX_B850_E_GAMING_WIFI_AM5_DDR5_16939?cate=26,63674.32999999996,11.035877821329962
repetido,mothers,mothers|ASUS|Z890|1851|1851|TUF|Z890,90.0,MOTHER ASUS,119907,TUF GAMING Z890-PLUS WIFI,MOTHER ASUS (1851) TUF GAMING Z890-PLUS WIFI,ASUS,ASUS,474834.47,2.0,compragamer_mothers_intel,49.0,Mother ASUS TUF GAMING Z890-PLUS WIFI LGA1851,Asus,535010.0,True,https://compragamer.com/producto/Mother_ASUS_TUF_GAMING_Z890_PLUS_WIFI_LGA1851_16706?cate=49,60175.53000000003,12.672948954190295
repetido,mothers,mothers|ASUS|X670E|AM5|AM5|ROG|CROSSHAIR|X670E|HERO,100.0,MOTHER ASUS,119145,ROG CROSSHAIR X670E HERO,MOTHER ASUS (AM5) ROG CROSSHAIR X670E HERO,ASUS,ASUS,895922.26,3.0,compragamer_mothers_amd,26.0,Mother ASUS ROG CROSSHAIR X670E HERO AM5,Asus,955100.0,True,https://compragamer.com/producto/Mother_ASUS_ROG_CROSSHAIR_X670E_HERO_AM5_14095?cate=26,59177.73999999999,6.605231574444861
repetido,mothers,mothers|ASUS|X870|AM5|AM5|PRIME|X870,100.0,MOTHER ASUS,119734,PRIME X870-P WIFI,MOTHER ASUS (AM5) PRIME X870-P WIFI,ASUS,ASUS,369808.55,5.0,compragamer_mothers_amd,26.0,Mother ASUS PRIME X870-P WIFI DDR5 AM5,Asus,424500.0,True,https://compragamer.com/producto/Mother_ASUS_PRIME_X870_P_WIFI_DDR5_AM5_16441?cate=26,54691.45000000001,14.789125346074345
repetido,mothers,mothers|ASUS|B840M|AM5|AM5|PRIME|B840M,100.0,MOTHER ASUS,120206,PRIME B840M-A,MOTHER ASUS (AM5) PRIME B840M-A,ASUS,ASUS,178578.22,10.0,compragamer_mothers_amd,26.0,Mother ASUS PRIME B840M-A WIFI AM5 DDR5,Asus,232450.0,True,https://compragamer.com/producto/Mother_ASUS_PRIME_B840M_A_WIFI_AM5_DDR5_16891?cate=26,53871.78,30.167049486773916
repetido,mothers,mothers|ASROCK|A620M|AM5|AM5|A620M|HDV,80.0,MOTHER ASROCK,119769,A620M-HDV/M.2+,MOTHER ASROCK (AM5) A620M-HDV/M.2+,ASROCK,ASROCK,154458.75,10.0,compragamer_mothers_amd,26.0,Mother Asrock A620M PRO RS AM5 DDR5,Asrock,206700.0,True,https://compragamer.com/producto/Mother_Asrock_A620M_PRO_RS_AM5_DDR5_17067?cate=26,52241.25,33.822136978319456
repetido,mothers,mothers|ASROCK|X870|AM5|AM5|X870|STEEL|LEGEND,100.0,MOTHER ASROCK,119754,X870 STEEL LEGEND WIFI,MOTHER ASROCK (AM5) X870 STEEL LEGEND WIFI,ASROCK,ASROCK,426578.51,5.0,compragamer_mothers_amd,26.0,Mother Asrock X870 STEEL LEGEND WIFI DDR5 AM5,Asrock,478550.0,True,https://compragamer.com/producto/Mother_Asrock_X870_STEEL_LEGEND_WIFI_DDR5_AM5_16658?cate=26,51971.48999999999,12.1833352552148
repetido,mothers,mothers|ASUS|X870|AM5|AM5|TUF|X870,100.0,MOTHER ASUS,119735,TUF GAMING X870-PLUS WIFI,MOTHER ASUS (AM5) TUF GAMING X870-PLUS WIFI,ASUS,ASUS,474120.85,4.0,compragamer_mothers_amd,26.0,Mother ASUS TUF GAMING X870-PLUS WIFI DDR5 AM5,Asus,525600.0,True,https://compragamer.com/producto/Mother_ASUS_TUF_GAMING_X870_PLUS_WIFI_DDR5_AM5_16442?cate=26,51479.15000000002,10.857811884881254
repetido,mothers,mothers|ASROCK|Z890||LGA1851|Z890,100.0,MOTHER ASROCK,119771,Z890 PRO-A,MOTHER ASROCK (LGA1851) Z890 PRO-A,ASROCK,ASROCK,277980.99,10.0,compragamer_mothers_intel,49.0,Mother Asrock Z890 PRO-A LGA1851 DDR5,Asrock,327250.0,True,https://compragamer.com/producto/Mother_Asrock_Z890_PRO_A_LGA1851_DDR5_18937?cate=49,49269.01000000001,17.72387744931767
repetido,mothers,mothers|ASROCK|Z890||LGA1851|Z890|RS,100.0,MOTHER ASROCK,119777,Z890 PRO RS WIFI WHITE,MOTHER ASROCK (LGA1851) Z890 PRO RS WIFI WHITE,ASROCK,ASROCK,359455.71,10.0,compragamer_mothers_intel,49.0,Mother Asrock Z890 PRO RS LGA1851 DDR5,Asrock,403150.0,True,https://compragamer.com/producto/Mother_Asrock_Z890_PRO_RS_LGA1851_DDR5_17333?cate=49,43694.28999999998,12.155681154710264
repetido,mothers,mothers|ASUS|AM5|TUF|B650EM,89.0,MOTHER ASUS,121651,TUF GAMING B650EM-PLUS WIFI,MOTHER ASUS (AM5) TUF GAMING B650EM-PLUS WIFI,ASUS,ASUS,293517.66,10.0,compragamer_mothers_amd,26.0,Mother ASUS TUF GAMING B850M-E WIFI AM5 DDR5,Asus,336550.0,True,https://compragamer.com/producto/Mother_ASUS_TUF_GAMING_B850M_E_WIFI_AM5_DDR5_18649?cate=26,43032.340000000026,14.660903197443053
repetido,mothers,mothers|ASROCK|Z890||LGA1851|Z890,100.0,MOTHER ASROCK,119772,Z890 PRO-A WIFI,MOTHER ASROCK (LGA1851) Z890 PRO-A WIFI,ASROCK,ASROCK,294696.11,10.0,compragamer_mothers_intel,49.0,Mother Asrock Z890 PRO-A WIFI LGA1851 DDR5,Asrock,336050.0,True,https://compragamer.com/producto/Mother_Asrock_Z890_PRO_A_WIFI_LGA1851_DDR5_19457?cate=49,41353.890000000014,14.032723404458924
repetido,mothers,mothers|ASUS|B850M|AM5|AM5|PRIME|B850M,100.0,MOTHER ASUS,121654,PRIME B850M-K,MOTHER ASUS (AM5) PRIME B850M-K,ASUS,ASUS,205373.61,6.0,compragamer_mothers_amd,26.0,Mother ASUS PRIME B850M-A AM5 DDR5,Asus,243550.0,True,https://compragamer.com/producto/Mother_ASUS_PRIME_B850M_A_AM5_DDR5_18651?cate=26,38176.390000000014,18.588751495384447
repetido,mothers,mothers|ASUS|B760M||LGA1700|PRIME|B760M|D4|CSM,94.0,MOTHER ASUS,119264,PRIME B760M-A D4-CSM,MOTHER ASUS (LGA1700) PRIME B760M-A D4 CSM,ASUS,ASUS,156129.74,10.0,compragamer_mothers_intel,49.0,Mother ASUS PRIME B760M-A CSM LGA1700 DDR5,Asus,192900.0,True,https://compragamer.com/producto/Mother_ASUS_PRIME_B760M_A_CSM_LGA1700_DDR5_16617?cate=49,36770.26000000001,23.551092828310615
repetido,mothers,mothers|ASUS|B850M|AM5|AM5|TUF|B850M,100.0,MOTHER ASUS,119902,TUF GAMING B850M-PLUS WIFI,MOTHER ASUS (AM5) TUF GAMING B850M-PLUS WIFI,ASUS,ASUS,324853.01,10.0,compragamer_mothers_amd,26.0,Mother ASUS TUF GAMING B850M-PLUS WIFI AM5 DDR5,Asus,357990.0,True,https://compragamer.com/producto/Mother_ASUS_TUF_GAMING_B850M_PLUS_WIFI_AM5_DDR5_16896?cate=26,33136.98999999999,10.20061042377289
repetido,mothers,mothers|GIGABYTE|B650|AM5|AM5|B650|AORUS|ELITE|AX,84.0,MOTHER GIGABYTE,119238,B650 A ELITE AX ICE,MOTHER GIGABYTE (AM5) B650 AORUS ELITE AX ICE,GIGABYTE                                          ,GIGABYTE,296013.75,2.0,compragamer_mothers_amd,26.0,Mother Gigabyte B850M AORUS ELITE WIFI 6E ICE AM5,Gigabyte,328500.0,True,https://compragamer.com/producto/Mother_Gigabyte_B850M_AORUS_ELITE_WIFI_6E_ICE_AM5_20155?cate=26,32486.25,10.974574660805454
repetido,mothers,mothers|ASUS|B850|AM5|AM5|TUF|B850,100.0,MOTHER ASUS,121655,TUF GAMING B850-E WIFI,MOTHER ASUS (AM5) TUF GAMING B850-E WIFI,ASUS,ASUS,321588.81,10.0,compragamer_mothers_amd,26.0,Mother ASUS TUF GAMING B850-E WIFI AM5 DDR5,Asus,353750.0,True,https://compragamer.com/producto/Mother_ASUS_TUF_GAMING_B850_E_WIFI_AM5_DDR5_18653?cate=26,32161.190000000002,10.000717997619384
repetido,mothers,mothers|GIGABYTE|B650|AM5|AM5|B650|AORUS|ELITE|AX,88.0,MOTHER GIGABYTE,117987,B650 AORUS ELITE AX,MOTHER GIGABYTE (AM5) B650 AORUS ELITE AX,GIGABYTE                                          ,GIGABYTE,317385.19,2.0,compragamer_mothers_amd,26.0,Mother Gigabyte B850 AORUS ELITE WIFI 7 AM5,Gigabyte,347850.0,True,https://compragamer.com/producto/Mother_Gigabyte_B850_AORUS_ELITE_WIFI_7_AM5_20156?cate=26,30464.809999999998,9.598686693604071
repetido,placas_video,placas_video|ASUS|RTX|5060|||PLACA|DE|RTX|5060|O8GB|EVO,82.0,PLACA DE VIDEO,122669,DUAL-RTX5060-O8G EVO,PLACA DE VIDEO ASUS DUAL RTX 5060 O8GB EVO,ASUS,ASUS,652365.88,10.0,compragamer_geforce,6.0,Placa de Video ASUS DUAL GeForce RTX 5060 8GB GDDR7 OC,Asus,681900.0,True,https://compragamer.com/producto/Placa_de_Video_ASUS_DUAL_GeForce_RTX_5060_8GB_GDDR7_OC_18426?cate=6,29534.119999999995,4.5272324788046845
repetido,placas_video,placas_video|ASUS|RTX|5080||16GB|PLACA|DE|PRIME|RTX|5080|16GB,91.0,PLACA DE VIDEO,120228,PRIME-RTX5080-O16G,PLACA DE VIDEO ASUS PRIME RTX 5080 O 16GB D7,ASUS,ASUS,2588735.78,10.0,compragamer_geforce,6.0,Placa de Video ASUS PRIME GeForce RTX 5080 16GB GDDR7 OC,Asus,2618100.0,True,https://compragamer.com/producto/Placa_de_Video_ASUS_PRIME_GeForce_RTX_5080_16GB_GDDR7_OC_17111?cate=6,29364.220000000205,1.1343073413231926
repetido,mothers,mothers|ASROCK|B850M|AM5|AM5|B850M,100.0,MOTHER ASROCK,120766,B850M PRO-A WIFI,MOTHER ASROCK (AM5) B850M PRO-A WIFI,ASROCK,ASROCK,218652.43,9.0,compragamer_mothers_amd,26.0,Mother Asrock B850M PRO-A AM5 DDR5,Asrock,246450.0,True,https://compragamer.com/producto/Mother_Asrock_B850M_PRO_A_AM5_DDR5_17612?cate=26,27797.570000000007,12.713131063761793
repetido,monitores,monitores|ASUS|24|100HZ|24|VA24EHF|FHD|IPS|100HZ|1MS,92.0,MONITORES,120317,VA24EHF-J,MONITOR 24 ASUS VA24EHF FHD IPS 100Hz 1ms,ASUS,ASUS,137682.19,5.0,compragamer_monitores,5.0,"Monitor Gamer ASUS VA24EHF-J 24"" FHD IPS 100Hz",Asus,165400.0,True,https://compragamer.com/producto/Monitor_Gamer_ASUS_VA24EHF_J_24_FHD_IPS_100Hz_16498?cate=5,27717.809999999998,20.131732361317027
repetido,memorias,memorias|16GB|DDR4|3200|CL16,59.0,MEMORIAS,122622,NTSHD4P32SP-16K,MEMORIA NETAC SHADOW III DDR4 3200 16GB C16 BLACK,NETAC ,NETAC,231408.78,10.0,compragamer_memorias,15.0,Memoria Corsair DDR4 16GB 3200MHz Vengeance RGB RS Black CL16,Corsair,258100.0,True,https://compragamer.com/producto/Memoria_Corsair_DDR4_16GB_3200MHz_Vengeance_RGB_RS_Black_CL16_15558?cate=15,26691.22,11.534229600104197
repetido,monitores,monitores|ASUS|27|100HZ|27|AS|VA27EHF|FHD|IPS|100HZ,87.0,MONITORES,119803,VA27EHF-J,MONITOR 27 ASUS AS VA27EHF FHD IPS 100Hz 1ms,ASUS,ASUS,188082.39,5.0,compragamer_monitores,5.0,"Monitor Gamer ASUS VA27EHF-J 27"" FHD IPS 100Hz",Asus,211150.0,True,https://compragamer.com/producto/Monitor_Gamer_ASUS_VA27EHF_J_27_FHD_IPS_100Hz_16499?cate=5,23067.609999999986,12.264630410109094
repetido,memorias,memorias|16GB|DDR4|3200|CL16,58.0,MEMORIAS,122624,NTSHD4P32SP-16W,MEMORIA NETAC SHADOW III DDR4 3200 16GB C16 WHITE,NETAC ,NETAC,231408.78,10.0,compragamer_memorias,15.0,Memoria Corsair DDR4 16GB 3200MHz Vengeance LPX Black CL16,Corsair,253110.0,True,https://compragamer.com/producto/Memoria_Corsair_DDR4_16GB_3200MHz_Vengeance_LPX_Black_CL16_15560?cate=15,21701.22,9.37787235212078
repetido,discos_ssd,discos_ssd|WD|1000GB|1000GB|GREEN|SN350,71.0,DISCOS SSD,118985,WDS100T2G0C,DISCO SSD M.2 1TB WD GREEN SN350 NVME,WD                                                ,WD,230094.28,10.0,compragamer_ssd,81.0,Disco Solido SSD M.2 WD 1TB Green SN350 2400MB/s NVMe PCI-E Gen3 x4,Western Digital,251550.0,True,https://compragamer.com/producto/Disco_Solido_SSD_M_2_WD_1TB_Green_SN350_2400MB_s_NVMe_PCI_E_Gen3_x4_15714?cate=81,21455.72,9.324751575745386
repetido,mothers,mothers|ASUS|AM5|TUF|A620AM,100.0,MOTHER ASUS,122515,TUF GAMING A620AM-PLUS WIFI,MOTHER ASUS (AM5) TUF GAMING A620AM-PLUS WIFI,ASUS,ASUS,188139.34,6.0,compragamer_mothers_amd,26.0,Mother ASUS TUF GAMING A620AM-PLUS WIFI AM5 DDR5,Asus,209250.0,True,https://compragamer.com/producto/Mother_ASUS_TUF_GAMING_A620AM_PLUS_WIFI_AM5_DDR5_18988?cate=26,21110.660000000003,11.220757976508265
repetido,mothers,mothers|ASUS|B760M||LGA1700|PRIME|B760M,79.0,MOTHER ASUS,119899,PRIME B760M-A,MOTHER ASUS (LGA1700) PRIME B760M-A,ASUS,ASUS,164842.77,4.0,compragamer_mothers_intel,49.0,Mother ASUS PRIME B860M-K LGA1851 DDR5,Asus,185800.0,True,https://compragamer.com/producto/Mother_ASUS_PRIME_B860M_K_LGA1851_DDR5_18655?cate=49,20957.23000000001,12.71346629275886
repetido,memorias,memorias|32GB|DDR5|6000|CL36,44.0,MEMORIAS,121676,VEU532G6036,MEMORIA PATRIOT DDR5 VIPER ELITE 5 ULTRA DDR5 32GB CL36 6000MTS BLACK HS PE001179,PATRIOT                                           ,PATRIOT,812529.17,6.0,compragamer_memorias,15.0,Memoria Corsair DDR5 32GB (2x16GB) 6000MHz Vengeance CL36 Black Intel XMP 3.0 / AMD EXPO,Corsair,827210.0,True,https://compragamer.com/producto/Memoria_Corsair_DDR5_32GB_2x16GB_6000MHz_Vengeance_CL36_Black_Intel_XMP_3_0_AMD_EXPO_17050?cate=15,14680.829999999958,1.8068065174816996
repetido,mothers,mothers|ASUS|AM5|PRIME|B650EM,90.0,MOTHER ASUS,121302,PRIME B650EM-A WIFI,MOTHER ASUS (AM5) PRIME B650EM-A WIFI,ASUS,ASUS,210818.35,10.0,compragamer_mothers_amd,26.0,Mother ASUS PRIME B850M-K AM5 DDR5,Asus,223350.0,True,https://compragamer.com/producto/Mother_ASUS_PRIME_B850M_K_AM5_DDR5_18987?cate=26,12531.649999999994,5.944288056518796
repetido,mothers,mothers|ASUS|A620M|AM5|AM5|PRIME|A620M,100.0,MOTHER ASUS,118982,PRIME A620M-K,MOTHER ASUS (AM5) PRIME A620M-K,ASUS,ASUS,113927.27,10.0,compragamer_mothers_amd,26.0,Mother ASUS PRIME A620M-K AM5 DDR5,Asus,123100.0,True,https://compragamer.com/producto/Mother_ASUS_PRIME_A620M_K_AM5_DDR5_15423?cate=26,9172.729999999996,8.051391032190972
repetido,memorias,memorias|8GB|DDR4|3200|CL16,53.0,MEMORIAS,122623,NTSHD4P32SP-08K,MEMORIA NETAC SHADOW III DDR4 3200 8GB C16 BLACK,NETAC ,NETAC,119949.89,10.0,compragamer_memorias,15.0,Memoria Team DDR4 8GB 3200MHz T-Force Vulcan Z Grey CL16,Team,127900.0,True,https://compragamer.com/producto/Memoria_Team_DDR4_8GB_3200MHz_T_Force_Vulcan_Z_Grey_CL16_13905?cate=15,7950.110000000001,6.627859350267016
repetido,mothers,mothers|ASUS|A520M|AM4|AM4|PRIME|A520M|CSM,100.0,MOTHER ASUS,119263,PRIME A520M-K/CSM,MOTHER ASUS (AM4) PRIME A520M-K CSM,ASUS,ASUS,79026.02,10.0,compragamer_mothers_amd,26.0,Mother ASUS PRIME A520M-K/CSM DDR4 AM4,Asus,86900.0,True,https://compragamer.com/producto/Mother_ASUS_PRIME_A520M_K_CSM_DDR4_AM4_16252?cate=26,7873.979999999996,9.96378154941878
repetido,mothers,mothers|ASUS|A520M|AM4|AM4|PRIME|A520M,100.0,MOTHER ASUS,106820,PRIME A520M-K,MOTHER ASUS (AM4) PRIME A520M-K,ASUS,ASUS,77474.07,10.0,compragamer_mothers_amd,26.0,Mother ASUS PRIME A520M-K DDR4 AM4,Asus,84800.0,True,https://compragamer.com/producto/Mother_ASUS_PRIME_A520M_K_DDR4_AM4_10578?cate=26,7325.929999999993,9.45597669000737
repetido,discos_ssd,discos_ssd|WD|500GB|500GB|GREEN|SN350,76.0,DISCOS SSD,118363,WDS500G2G0C,DISCO SSD M.2 500GB WD GREEN SN350 NVME,WD                                                ,WD,138035.41,8.0,compragamer_ssd,81.0,Disco Solido SSD M.2 WD 500GB Green SN350 2400Mb/s PCI-e Gen 3,Western Digital,143040.0,True,https://compragamer.com/producto/Disco_Solido_SSD_M_2_WD_500GB_Green_SN350_2400Mb_s_PCI_e_Gen_3_15038?cate=81,5004.5899999999965,3.6255841888686366
repetido,mothers,mothers|ASROCK|B550M|AM4|AM4|B550M|PHANTOM,100.0,MOTHER ASROCK,118814,B550M PHANTOM GAMING 4,MOTHER ASROCK (AM4) B550M PHANTOM GAMING 4,ASROCK,ASROCK,136315.29,10.0,compragamer_mothers_amd,26.0,Mother Asrock B550M Phantom Gaming 4 AM4,Asrock,140900.0,True,https://compragamer.com/producto/Mother_Asrock_B550M_Phantom_Gaming_4_AM4_12178?cate=26,4584.709999999992,3.3633130956916073
repetido,mothers,mothers|ASROCK|A520M|AM4|AM4|A520M|HDV,100.0,MOTHER ASROCK,118112,A520M-HDV,MOTHER ASROCK (AM4) A520M-HDV,ASROCK,ASROCK,72275.29,10.0,compragamer_mothers_amd,26.0,Mother Asrock A520M-HDV AM4,Asrock,76650.0,True,https://compragamer.com/producto/Mother_Asrock_A520M_HDV_AM4_11626?cate=26,4374.710000000006,6.052843233143729
repetido,mothers,mothers|ASUS|B850M|AM5|AM5|PRIME|B850M,88.0,MOTHER ASUS,121653,PRIME B850M-A WIFI,MOTHER ASUS (AM5) PRIME B850M-A WIFI,ASUS,ASUS,248435.51,10.0,compragamer_mothers_amd,26.0,Mother ASUS PRIME B850M AYW GAMING WIFI AM5 DDR5,Asus,252650.0,True,https://compragamer.com/producto/Mother_ASUS_PRIME_B850M_AYW_GAMING_WIFI_AM5_DDR5_18652?cate=26,4214.489999999991,1.6964120789334787
repetido,mothers,mothers|ASUS|B840M|AM5|AM5|PRIME|B840M,100.0,MOTHER ASUS,120205,PRIME B840M-A WIFI,MOTHER ASUS (AM5) PRIME B840M-A  WIFI,ASUS,ASUS,205373.61,10.0,compragamer_mothers_amd,26.0,Mother ASUS PRIME B840M-A AM5 DDR5,Asus,196950.0,True,https://compragamer.com/producto/Mother_ASUS_PRIME_B840M_A_AM5_DDR5_16895?cate=26,-8423.609999999986,-4.101602927464724
repetido,mothers,mothers|ASUS|B850M|AM5|AM5|B850M|AYW,92.0,MOTHER ASUS,121652,B850M AYW GAMING WIFI,MOTHER ASUS (AM5) B850M AYW GAMING WIFI,ASUS,ASUS,236372.63,9.0,compragamer_mothers_amd,26.0,Mother ASUS B650M-AYW WIFI AM5 DDR5,Asus,212250.0,True,https://compragamer.com/producto/Mother_ASUS_B650M_AYW_WIFI_AM5_DDR5_18403?cate=26,-24122.630000000005,-10.205339763745068
repetido,mothers,mothers|ASUS|B860M||LGA1851|PRIME|B860M,89.0,MOTHER ASUS,122668,PRIME B860M-K,MOTHER ASUS (LGA1851) PRIME B860M-K,ASUS,ASUS,174576.78,10.0,compragamer_mothers_intel,49.0,Mother ASUS Prime H810M-E LGA1851 DDR5,Asus,149150.0,True,https://compragamer.com/producto/Mother_ASUS_Prime_H810M_E_LGA1851_DDR5_20152?cate=49,-25426.78,-14.564812113042752
repetido,memorias,memorias|16GB|DDR5|4800|CL40,65.0,MEMORIAS,119121,NTSWD5P48SP-16W,MEMORIA NETAC SHADOW II DDR5 4800 16GB C40 WHITE,NETAC ,NETAC,344380.88,10.0,compragamer_memorias,15.0,Memoria KingDian DDR5 16GB 4800MHz CL40,KingDian,317300.0,True,https://compragamer.com/producto/Memoria_KingDian_DDR5_16GB_4800MHz_CL40_19017?cate=15,-27080.880000000005,-7.863642139482309
repetido,mothers,mothers|ASUS|B850|AM5|AM5|ROG|STRIX|B850,79.0,MOTHER ASUS,119906,ROG STRIX B850-F GAMING WIFI,MOTHER ASUS (AM5) ROG STRIX B850-F GAMING WIFI,ASUS,ASUS,466589.73,10.0,compragamer_mothers_amd,26.0,Mother ASUS ROG STRIX B650E-F GAMING WIFI,Asus,432700.0,True,https://compragamer.com/producto/Mother_ASUS_ROG_STRIX_B650E_F_GAMING_WIFI_15011?cate=26,-33889.72999999998,-7.263282455874025
repetido,mothers,mothers|ASROCK|B650M|AM5|AM5|B650M|PG|RIPTIDE,100.0,MOTHER ASROCK,118109,B650M PG RIPTIDE WIFI,MOTHER ASROCK (AM5) B650M PG RIPTIDE WIFI,ASROCK,ASROCK,328312.46,1.0,compragamer_mothers_amd,26.0,Mother Asrock B650M PG RIPTIDE WIFI AM5 DDR5,Asrock,291200.0,True,https://compragamer.com/producto/Mother_Asrock_B650M_PG_RIPTIDE_WIFI_AM5_DDR5_16656?cate=26,-37112.46000000002,-11.304005946042992
repetido,memorias,memorias|16GB|DDR5|6000|CL36,59.0,MEMORIAS,121678,VEUR516G6036,MEMORIA PATRIOT DDR5 VIPER ELITE 5 ULTRA RGB DDR5 16GB 6000Mhz CL36 BLACK HS PE001173,PATRIOT                                           ,PATRIOT,488020.38,10.0,compragamer_memorias,15.0,Memoria Kingston DDR5 16GB 6000MHz Fury Black RGB CL36 AMD EXPO,Kingston,445750.0,True,https://compragamer.com/producto/Memoria_Kingston_DDR5_16GB_6000MHz_Fury_Black_RGB_CL36_AMD_EXPO_18723?cate=15,-42270.380000000005,-8.661601386401117
repetido,mothers,mothers|ASROCK|B650M|AM5|AM5|B650M|HDV,100.0,MOTHER ASROCK,118287,B650M-HDV/M.2,MOTHER ASROCK (AM5) B650M-HDV/M.2,ASROCK,ASROCK,222438.61,1.0,compragamer_mothers_amd,26.0,Mother Asrock B650M-HDV/M.2 WHITE AM5 DDR5,Asrock,175950.0,True,https://compragamer.com/producto/Mother_Asrock_B650M_HDV_M_2_WHITE_AM5_DDR5_18465?cate=26,-46488.609999999986,-20.899523693301262
repetido,placas_video,placas_video|ASROCK|RX|9070|XT|16GB|PLACA|DE|RX9070XT|16GB|CHALLENGER,83.0,PLACA DE VIDEO,121560,RX9070XT CL16G,PLACA DE VIDEO ASROCK RX9070XT 16GB CHALLENGER,ASROCK,ASROCK,1124367.28,10.0,compragamer_radeon,62.0,Placa de Video Asrock Radeon RX 9060 XT 16GB GDDR6 Challenger OC,Asrock,779900.0,True,https://compragamer.com/producto/Placa_de_Video_Asrock_Radeon_RX_9060_XT_16GB_GDDR6_Challenger_OC_17960?cate=62,-344467.28,-30.636544314950182
repetido,discos_ssd,discos_ssd|WD|2000GB|2000GB|GREEN,67.0,DISCOS SSD,121435,WDS200T5G0A,DISCO SSD SATA 2TB WD GREEN,WD                                                ,WD,449810.21,6.0,compragamer_ssd,81.0,Disco Solido SSD M.2 WD 240GB Green SATA 545MB/s,Western Digital,87400.0,True,https://compragamer.com/producto/Disco_Solido_SSD_M_2_WD_240GB_Green_SATA_545MB_s_19646?cate=81,-362410.21,-80.56958289141546
solo_compragamer,coolers,coolers|DEEPCOOL|120MM|FL12R|120MM,-,-,-,-,-,-,-,-,-,compragamer_coolers_fan,35.0,Cooler Fan DeepCool FL12R White 120mm ARGB,Deepcool,44050.0,True,https://compragamer.com/producto/Cooler_Fan_DeepCool_FL12R_White_120mm_ARGB_17759?cate=35,-,-
solo_compragamer,coolers,coolers|DEEPCOOL|120MM|FL12|120MM,-,-,-,-,-,-,-,-,-,compragamer_coolers_fan,35.0,Cooler Fan DeepCool FL12 White 120mm ARGB,Deepcool,36350.0,True,https://compragamer.com/producto/Cooler_Fan_DeepCool_FL12_White_120mm_ARGB_17755?cate=35,-,-
solo_compragamer,coolers,coolers|DEEPCOOL|120MM|RF120|FS|120MM|FIXED,-,-,-,-,-,-,-,-,-,compragamer_coolers_fan,35.0,Cooler Fan DeepCool RF120 FS 120mm Fixed RGB Black,Deepcool,8050.0,True,https://compragamer.com/producto/Cooler_Fan_DeepCool_RF120_FS_120mm_Fixed_RGB_Black_17762?cate=35,-,-
solo_compragamer,coolers,coolers|DEEPCOOL|120MM|RF120|FS|120MM|FIXED|X3,-,-,-,-,-,-,-,-,-,compragamer_coolers_fan,35.0,Cooler Fan DeepCool RF120 FS 120mm Fixed RGB KIT x3,Deepcool,25600.0,True,https://compragamer.com/producto/Cooler_Fan_DeepCool_RF120_FS_120mm_Fixed_RGB_KIT_x3_17763?cate=35,-,-
solo_compragamer,coolers,coolers|IDCOOLING|120MM|ID|COOLING|120MM|TF|12025,-,-,-,-,-,-,-,-,-,compragamer_coolers_fan,35.0,Cooler Fan ID-Cooling 120mm TF-12025-PRO Black,ID-Cooling,10700.0,True,https://compragamer.com/producto/Cooler_Fan_ID_Cooling_120mm_TF_12025_PRO_Black_15583?cate=35,-,-
solo_compragamer,coolers,coolers|IDCOOLING||ID|COOLING|AF|127,-,-,-,-,-,-,-,-,-,compragamer_coolers_fan,35.0,Cooler Fan ID-Cooling AF-127-ARGB-W,ID-Cooling,23950.0,True,https://compragamer.com/producto/Cooler_Fan_ID_Cooling_AF_127_ARGB_W_19093?cate=35,-,-
solo_compragamer,coolers,coolers|IDCOOLING||ID|COOLING|AF|127,-,-,-,-,-,-,-,-,-,compragamer_coolers_fan,35.0,Cooler Fan ID-Cooling AF-127-ARGB-K Black,ID-Cooling,23900.0,True,https://compragamer.com/producto/Cooler_Fan_ID_Cooling_AF_127_ARGB_K_Black_19094?cate=35,-,-
solo_compragamer,coolers,coolers|IDCOOLING||ID|COOLING|FL|12025,-,-,-,-,-,-,-,-,-,compragamer_coolers_fan,35.0,Cooler Fan ID-Cooling FL-12025 White,ID-Cooling,6850.0,True,https://compragamer.com/producto/Cooler_Fan_ID_Cooling_FL_12025_White_19101?cate=35,-,-
solo_compragamer,coolers,coolers|IDCOOLING||ID|COOLING|TF|12025,-,-,-,-,-,-,-,-,-,compragamer_coolers_fan,35.0,Cooler Fan ID-Cooling TF-12025-PRO ARGB,ID-Cooling,15550.0,True,https://compragamer.com/producto/Cooler_Fan_ID_Cooling_TF_12025_PRO_ARGB_19095?cate=35,-,-
solo_compragamer,coolers,coolers|IDCOOLING||ID|COOLING|TF|12025,-,-,-,-,-,-,-,-,-,compragamer_coolers_fan,35.0,Cooler Fan ID-Cooling TF-12025-PRO ARGB WHITE,ID-Cooling,16800.0,True,https://compragamer.com/producto/Cooler_Fan_ID_Cooling_TF_12025_PRO_ARGB_WHITE_19096?cate=35,-,-
solo_compragamer,coolers,coolers|IDCOOLING||ID|COOLING|TF|12025,-,-,-,-,-,-,-,-,-,compragamer_coolers_fan,35.0,Cooler Fan ID-Cooling TF-12025-PRO WHITE,ID-Cooling,10700.0,True,https://compragamer.com/producto/Cooler_Fan_ID_Cooling_TF_12025_PRO_WHITE_19097?cate=35,-,-
solo_compragamer,coolers,coolers|IDCOOLING||ID|COOLING|XF|120,-,-,-,-,-,-,-,-,-,compragamer_coolers_fan,35.0,Cooler Fan ID-Cooling XF-120-ARGB-K,ID-Cooling,12000.0,True,https://compragamer.com/producto/Cooler_Fan_ID_Cooling_XF_120_ARGB_K_19098?cate=35,-,-
solo_compragamer,coolers,coolers|IDCOOLING||ID|COOLING|XF|120,-,-,-,-,-,-,-,-,-,compragamer_coolers_fan,35.0,Cooler Fan ID-Cooling XF-120-ARGB-W White,ID-Cooling,12100.0,True,https://compragamer.com/producto/Cooler_Fan_ID_Cooling_XF_120_ARGB_W_White_19099?cate=35,-,-
solo_compragamer,coolers,coolers|XYZ|120MM|VORTEX|120MM|REVERSED|AIRFLOW|X3,-,-,-,-,-,-,-,-,-,compragamer_coolers_fan,35.0,Cooler FAN XYZ VORTEX PRO 120mm White Reversed Airflow ARGB KIT X3,XYZ,100000.0,True,https://compragamer.com/producto/Cooler_FAN_XYZ_VORTEX_PRO_120mm_White_Reversed_Airflow_ARGB_KIT_X3_18077?cate=35,-,-
solo_distribuidor,coolers,coolers|ASROCK||WATER|CHALLENGER|360|DIGITAL,-,COOLERS,122354,CL360DIGI,WATER COOLER ASROCK CHALLENGER 360 DIGITAL,ASROCK,ASROCK,148145.44,10.0,-,-,-,-,-,-,-,-,-
solo_distribuidor,coolers,coolers|ASROCK||WATER|CHALLENGER|360|DIGITAL,-,COOLERS,122355,CLW360DIGI,WATER COOLER ASROCK CHALLENGER 360 DIGITAL WHITE,ASROCK,ASROCK,148145.44,10.0,-,-,-,-,-,-,-,-,-
solo_distribuidor,coolers,coolers|ASUS||WATER|PRIME|LC|240,-,COOLERS,121166,PRIME LC 240 ARGB,WATER COOLER ASUS PRIME LC 240 ARGB,ASUS,ASUS,115867.21,2.0,-,-,-,-,-,-,-,-,-
solo_distribuidor,coolers,coolers|ASUS||WATER|PRIME|LC|360,-,COOLERS,120181,PRIME LC 360 ARGB,WATER COOLER ASUS PRIME LC 360 ARGB,ASUS,ASUS,140698.41,1.0,-,-,-,-,-,-,-,-,-
solo_distribuidor,coolers,coolers|ASUS||WATER|ROG|RYUJIN|III|360|EXTREME,-,COOLERS,120186,RYUJIN III 360 ARGB EXTREME,WATER COOLER ASUS ROG RYUJIN III 360 ARGB EXTREME,ASUS,ASUS,594899.94,10.0,-,-,-,-,-,-,-,-,-
solo_distribuidor,coolers,coolers|ASUS||WATER|ROG|RYUJIN|III|360|EXTREME,-,COOLERS,121649,RYUJIN III 360 ARGB EXTREME WHITE,WATER COOLER ASUS ROG RYUJIN III 360 ARGB EXTREME WHITE,ASUS,ASUS,607479.78,10.0,-,-,-,-,-,-,-,-,-
solo_distribuidor,coolers,coolers|ASUS||WATER|ROG|RYUO|IV|360|MIKU,-,COOLERS,121650,ROG RYUO IV 360 ARGB MIKU,WATER COOLER ASUS ROG RYUO IV 360 ARGB MIKU EDITION,ASUS,ASUS,603408.9,6.0,-,-,-,-,-,-,-,-,-
solo_distribuidor,coolers,coolers|ASUS||WATER|ROG|STRIX|LC|III|360,-,COOLERS,120192,ROG STRIX LC III 360 ARGB WHITE,WATER COOLER ASUS ROG STRIX LC III 360 ARGB WHITE,ASUS,ASUS,388337.95,10.0,-,-,-,-,-,-,-,-,-
solo_distribuidor,coolers,coolers|ASUS||WATER|ROG|STRIX|LC|III|360,-,COOLERS,120180,ROG STRIX LC III 360 ARGB,WATER COOLER ASUS ROG STRIX LC III 360 ARGB,ASUS,ASUS,373872.03,10.0,-,-,-,-,-,-,-,-,-
solo_distribuidor,coolers,coolers|ASUS||WATER|ROG|STRIX|LC|III|360,-,COOLERS,121647,ROG STRIX LC III 360 ARGB LCD,WATER COOLER ASUS ROG STRIX LC III 360 ARGB LCD,ASUS,ASUS,391073.87,3.0,-,-,-,-,-,-,-,-,-
solo_distribuidor,coolers,coolers|COOLERMASTER||CPU|MASTER|HYPER|212|3DHP,-,COOLERS,121481,MAY-T2HP-217PA-R1,COOLER CPU COOLER MASTER HYPER 212 3DHP BLACK ARGB,COOLER MASTER,COOLERMASTER,50202.57,10.0,-,-,-,-,-,-,-,-,-
solo_distribuidor,coolers,coolers|COOLERMASTER||CPU|MASTER|HYPER|212|SPECTRUM|V3,-,COOLERS,121439,RR-S4NA-17PA-R1,COOLER CPU COOLER MASTER HYPER 212 SPECTRUM V3 RGB,COOLER MASTER,COOLERMASTER,25712.02,10.0,-,-,-,-,-,-,-,-,-
solo_distribuidor,coolers,coolers|COOLERMASTER||CPU|MASTER|V4|ALPHA|3DHP,-,COOLERS,122371,MAZ-T2HP-217PK-R1,COOLER CPU COOLER MASTER V4 ALPHA 3DHP BLACK,COOLER MASTER,COOLERMASTER,62833.91,10.0,-,-,-,-,-,-,-,-,-
solo_distribuidor,coolers,coolers|COOLERMASTER||GABINETE|MASTER|MF120|LITE,-,COOLERS,121461,MFW-B2DN-17NPA-R1,COOLER PARA GABINETE COOLER MASTER MF120 LITE ARGB,COOLER MASTER,COOLERMASTER,9504.07,10.0,-,-,-,-,-,-,-,-,-
solo_distribuidor,coolers,coolers|COOLERMASTER||WATER|MASTER|MASTERLIQUID|240L|CORE|II,-,COOLERS,121444,MLW-D24M-A18PA-R1,WATER COOLER MASTER MASTERLIQUID 240L CORE II ARGB,COOLER MASTER,COOLERMASTER,96185.65,10.0,-,-,-,-,-,-,-,-,-
solo_distribuidor,coolers,coolers|COOLERMASTER||WATER|MASTER|MASTERLIQUID|240|ATMOS|II,-,COOLERS,121464,MLX-D24M-A25SZ-L1,WATER COOLER MASTER MASTERLIQUID 240 ATMOS II LCD ARGB,COOLER MASTER,COOLERMASTER,290693.1,6.0,-,-,-,-,-,-,-,-,-
solo_distribuidor,coolers,coolers|COOLERMASTER||WATER|MASTER|MASTERLIQUID|240|CORE|NEX,-,COOLERS,121441,MLX-D24M-A18PA-RW,WATER COOLER MASTER MASTERLIQUID 240 CORE NEX ARGB BLANCO,COOLER MASTER,COOLERMASTER,97359.06,10.0,-,-,-,-,-,-,-,-,-
solo_distribuidor,coolers,coolers|COOLERMASTER||WATER|MASTER|MASTERLIQUID|240|CORE|NEX,-,COOLERS,121440,MLX-D24M-A18PA-R1,WATER COOLER MASTER MASTERLIQUID 240 CORE NEX ARGB,COOLER MASTER,COOLERMASTER,97359.06,10.0,-,-,-,-,-,-,-,-,-
solo_distribuidor,coolers,coolers|COOLERMASTER||WATER|MASTER|MASTERLIQUID|360L|CORE|II,-,COOLERS,121445,MLW-D36M-A18PA-R1,WATER COOLER MASTER MASTERLIQUID 360L CORE II ARGB,COOLER MASTER,COOLERMASTER,123050.02,10.0,-,-,-,-,-,-,-,-,-
solo_distribuidor,coolers,coolers|COOLERMASTER||WATER|MASTER|MASTERLIQUID|360|ATMOS|II,-,COOLERS,121463,MLX-D36M-A25SZ-L1,WATER COOLER MASTER MASTERLIQUID 360 ATMOS II LCD ARGB,COOLER MASTER,COOLERMASTER,315609.65,5.0,-,-,-,-,-,-,-,-,-
solo_distribuidor,coolers,coolers|COOLERMASTER||WATER|MASTER|MASTERLIQUID|360|CORE|NEX,-,COOLERS,121443,MLX-D36M-A18PA-RW,WATER COOLER MASTER MASTERLIQUID 360 CORE NEX ARGB BLANCO,COOLER MASTER,COOLERMASTER,112494.36,10.0,-,-,-,-,-,-,-,-,-
solo_distribuidor,coolers,coolers|COOLERMASTER||WATER|MASTER|MASTERLIQUID|360|CORE|NEX,-,COOLERS,121442,MLX-D36M-A18PA-R1,WATER COOLER MASTER MASTERLIQUID 360 CORE NEX ARGB,COOLER MASTER,COOLERMASTER,112494.36,10.0,-,-,-,-,-,-,-,-,-
solo_distribuidor,coolers,coolers|COOLERMASTER||WATER|MASTER|MASTERLIQUID|CORE|NEX|DIGITAL,-,COOLERS,122368,MLX-D36M-A18PA-RD,WATER COOLER MASTER MASTERLIQUID CORE NEX DIGITAL 360 BLACK ARGB,COOLER MASTER,COOLERMASTER,115842.01,1.0,-,-,-,-,-,-,-,-,-
solo_distribuidor,coolers,coolers|COOLERMASTER||WATER|MASTER|MASTERLIQUID|CORE|NEX|DIGITAL,-,COOLERS,122367,MLX-D24M-A18PA-RD,WATER COOLER MASTER MASTERLIQUID CORE NEX DIGITAL 240 BLACK ARGB,COOLER MASTER,COOLERMASTER,99006.12,10.0,-,-,-,-,-,-,-,-,-
solo_distribuidor,coolers,coolers|GIGABYTE||WATER|AORUS|WATERFORCE|II|240,-,COOLERS,119873,AORUS WATERFORCE X II 240,WATER COOLER GIGABYTE AORUS WATERFORCE X II 240,GIGABYTE                                          ,GIGABYTE,298760.53,10.0,-,-,-,-,-,-,-,-,-
solo_distribuidor,coolers,coolers|GIGABYTE||WATER|GME|240I,-,COOLERS,120811,GP-GIGABYTE GME 240I,WATER COOLER GIGABYTE GAMING GME 240I (WHITE),GIGABYTE                                          ,GIGABYTE,111899.15,8.0,-,-,-,-,-,-,-,-,-
solo_distribuidor,coolers,coolers|NZXT||AIRFLOW|SERIES|FZ|200,-,COOLERS,101136,RF-FZ20S-U1,COOLER NZXT AIRFLOW SERIES FZ-200 BLUE,NZXT                                              ,NZXT,48662.25,2.0,-,-,-,-,-,-,-,-,-
solo_distribuidor,coolers,coolers|RAIDMAX|120MM|120MM|PMW|AIR,-,COOLERS,119160,NV-X120FBP,COOLER FAN 120mm ARGB PMW RAIDMAX X-AIR BLACK,RAIDMAX,RAIDMAX,11358.67,10.0,-,-,-,-,-,-,-,-,-
solo_distribuidor,coolers,coolers|RAIDMAX|120MM|120MM|PMW|AIR,-,COOLERS,119161,NV-X120FWP,COOLER FAN 120mm ARGB PMW RAIDMAX X-AIR WHITE,RAIDMAX,RAIDMAX,11358.67,10.0,-,-,-,-,-,-,-,-,-
solo_distribuidor,coolers,coolers|RAIDMAX|120MM|120MM|PMW|INFINITA|AIR,-,COOLERS,119158,NV-IX120FBP,COOLER FAN 120mm ARGB PMW RAIDMAX INFINITA-AIR BLACK,RAIDMAX,RAIDMAX,12989.81,10.0,-,-,-,-,-,-,-,-,-
solo_distribuidor,coolers,coolers|RAIDMAX|120MM|120MM|PMW|INFINITA|AIR,-,COOLERS,119159,NV-IX120FWP,COOLER FAN 120mm ARGB PMW RAIDMAX INFINITA-AIR WHITE,RAIDMAX,RAIDMAX,12989.81,10.0,-,-,-,-,-,-,-,-,-
solo_distribuidor,coolers,coolers|RAIDMAX||CPU|AC902K|PWM,-,COOLERS,120850,AC902K,COOLER CPU RAIDMAX AC902K PWM ARGB,RAIDMAX,RAIDMAX,26182.39,10.0,-,-,-,-,-,-,-,-,-
solo_distribuidor,coolers,coolers|RAIDMAX||WATER|CPU|INFINITA|LS240,-,COOLERS,120852,LS240WT ARGB,WATER COOLER CPU RAIDMAX INFINITA LS240 ARGB WHITE,RAIDMAX,RAIDMAX,87156.12,10.0,-,-,-,-,-,-,-,-,-
solo_distribuidor,coolers,coolers|RAIDMAX||WATER|CPU|INFINITA|LS240,-,COOLERS,120851,LS240BK ARGB,WATER COOLER CPU RAIDMAX INFINITA LS240 ARGB BLACK,RAIDMAX,RAIDMAX,79237.65,4.0,-,-,-,-,-,-,-,-,-
solo_distribuidor,coolers,coolers|RAIDMAX||WATER|CPU|INFINITA|LS360,-,COOLERS,120153,LS360WT ARGB,WATER COOLER CPU RAIDMAX INFINITA LS360 ARGB WHITE,RAIDMAX,RAIDMAX,112208.09,10.0,-,-,-,-,-,-,-,-,-
solo_distribuidor,coolers,coolers|RAIDMAX||WATER|CPU|LM240|LCD|DISPLAY,-,COOLERS,120853,LM240 LCD,WATER COOLER CPU RAIDMAX LM240 RGB LCD DISPLAY BLACK,RAIDMAX,RAIDMAX,124502.45,10.0,-,-,-,-,-,-,-,-,-
solo_distribuidor,coolers,coolers|RAIDMAX||WATER|CPU|LM360|LCD|DISPLAY,-,COOLERS,120154,LM360BK LCD,WATER COOLER CPU RAIDMAX LM360 RGB LCD DISPLAY BLACK,RAIDMAX,RAIDMAX,157664.05,10.0,-,-,-,-,-,-,-,-,-
solo_distribuidor,coolers,coolers|THERMALTAKE||CPU|ASTRIA|400|AIR|PIPE|SYNC,-,COOLERS,121085,CL-P138-CA12SW-A,CPU COOLER THERMALTAKE ASTRIA 400 AIR 6 PIPE SYNC WHITE,THERMALTAKE,THERMALTAKE,78733.39,10.0,-,-,-,-,-,-,-,-,-
solo_distribuidor,coolers,coolers|THERMALTAKE||CPU|ASTRIA|400|AIR|PIPE|SYNC,-,COOLERS,120536,CL-P120-CA12SW-A,CPU COOLER THERMALTAKE ASTRIA 400 AIR 6 PIPE SYNC,THERMALTAKE,THERMALTAKE,77765.05,10.0,-,-,-,-,-,-,-,-,-
solo_distribuidor,coolers,coolers|THERMALTAKE||CT140|EX|SYNC,-,COOLERS,121256,CL-F191-PL14SW-A,COOLER THERMALTAKE CT140 EX ARGB SYNC WHITE,THERMALTAKE,THERMALTAKE,101229.34,1.0,-,-,-,-,-,-,-,-,-
solo_distribuidor,coolers,coolers|THERMALTAKE||GABINETE|CT120|EX|SYNC,-,COOLERS,121255,CL-F190-PL12SW-A,GABINETE COOLER THERMALTAKE CT120 EX ARGB SYNC WHITE,THERMALTAKE,THERMALTAKE,96690.28,8.0,-,-,-,-,-,-,-,-,-
solo_distribuidor,coolers,coolers|THERMALTAKE||GABINETE|CT120|EX|SYNC|MATCHA|GREEN,-,COOLERS,121258,CL-F196-PL12MG-A,GABINETE COOLER THERMALTAKE CT120 EX ARGB SYNC MATCHA GREEN,THERMALTAKE,THERMALTAKE,96690.28,10.0,-,-,-,-,-,-,-,-,-
solo_distribuidor,coolers,coolers|THERMALTAKE||WATER|LA360|SYNC|ALL|IN|ONE,-,COOLERS,121090,CL-W462-PL12SW-A,WATER COOLER THERMALTAKE LA360-S ARGB SYNC ALL IN ONE BLACK,THERMALTAKE,THERMALTAKE,139442.18,10.0,-,-,-,-,-,-,-,-,-
solo_distribuidor,coolers,coolers|THERMALTAKE||WATER|LA360|SYNC|ALL|IN|ONE,-,COOLERS,121088,CL-W459-PL12SW-A,WATER COOLER THERMALTAKE LA360 ARGB SYNC ALL IN ONE BLACK,THERMALTAKE,THERMALTAKE,118526.75,10.0,-,-,-,-,-,-,-,-,-
solo_distribuidor,coolers,coolers|THERMALTAKE||WATER|TH240|V2|ULTRA|EX|SYNC,-,COOLERS,121261,CL-W414-PL12SW-A,WATER COOLER THERMALTAKE TH240 V2 ULTRA EX ARGB SYNC WATER  BLACK,THERMALTAKE,THERMALTAKE,252350.66,10.0,-,-,-,-,-,-,-,-,-
solo_distribuidor,coolers,coolers|THERMALTAKE||WATER|TH240|V2|ULTRA|EX|SYNC,-,COOLERS,121263,CL-W425-PL12SW-A,WATER COOLER THERMALTAKE TH240 V2 ULTRA EX ARGB SYNC WATER BLOCK SNOW EDITION,THERMALTAKE,THERMALTAKE,252350.66,10.0,-,-,-,-,-,-,-,-,-
solo_distribuidor,coolers,coolers|THERMALTAKE||WATER|TH360|V2|ULTRA|EX|SYNC,-,COOLERS,121262,CL-W415-PL12SW-A,WATER COOLER THERMALTAKE TH360 V2 ULTRA EX ARGB SYNC WATER BLOCK BLACK,THERMALTAKE,THERMALTAKE,285259.07,7.0,-,-,-,-,-,-,-,-,-
solo_distribuidor,coolers,coolers|TRUST||BASE|AURA|STAND|NOTEBOOK|GXT1126,-,COOLERS,117007,24192,BASE COOLER TRUST AURA STAND NOTEBOOK GXT1126,TRUST,TRUST,46762.69,10.0,-,-,-,-,-,-,-,-,-
solo_distribuidor,coolers,coolers|TRUST||BASE|YOZU|STAND|NOTEBOOK|GXT278,-,COOLERS,117006,20817,BASE COOLER TRUST YOZU STAND NOTEBOOK GXT278,TRUST,TRUST,40968.18,10.0,-,-,-,-,-,-,-,-,-
solo_compragamer,discos_ssd,discos_ssd|CRUCIAL|1000GB|SOLIDO|1000GB|P310|GEN4|X4,-,-,-,-,-,-,-,-,-,compragamer_ssd,81.0,Disco Solido SSD M.2 Crucial 1TB P310 7100MB/s NVMe PCI-E Gen4 x4,Crucial,301600.0,True,https://compragamer.com/producto/Disco_Solido_SSD_M_2_Crucial_1TB_P310_7100MB_s_NVMe_PCI_E_Gen4_x4_19530?cate=81,-,-
solo_compragamer,discos_ssd,discos_ssd|CRUCIAL|1000GB|SOLIDO|1000GB|T700|GEN5|X4,-,-,-,-,-,-,-,-,-,compragamer_ssd,81.0,Disco Solido SSD M.2 Crucial 1TB T700 PRO 12400MB/s NVMe PCI-E Gen5 x4,Crucial,424320.0,True,https://compragamer.com/producto/Disco_Solido_SSD_M_2_Crucial_1TB_T700_PRO_12400MB_s_NVMe_PCI_E_Gen5_x4_20245?cate=81,-,-
solo_compragamer,discos_ssd,discos_ssd|CRUCIAL|1000GB|SOLIDO|1000GB|T705|GEN5|X4,-,-,-,-,-,-,-,-,-,compragamer_ssd,81.0,Disco Solido SSD M.2 Crucial 1TB T705 13600MB/s NVMe PCI-E Gen5 x4,Crucial,403100.0,True,https://compragamer.com/producto/Disco_Solido_SSD_M_2_Crucial_1TB_T705_13600MB_s_NVMe_PCI_E_Gen5_x4_20121?cate=81,-,-
solo_compragamer,discos_ssd,discos_ssd|CRUCIAL|1000GB|SOLIDO|1000GB|T710|GEN5|X4,-,-,-,-,-,-,-,-,-,compragamer_ssd,81.0,Disco Solido SSD M.2 Crucial 1TB T710 14900MB/s NVMe PCI-E Gen5 x4,Crucial,420470.0,True,https://compragamer.com/producto/Disco_Solido_SSD_M_2_Crucial_1TB_T710_14900MB_s_NVMe_PCI_E_Gen5_x4_20122?cate=81,-,-
solo_compragamer,discos_ssd,discos_ssd|CRUCIAL|2000GB|SOLIDO|2000GB|P510|GEN5|X4,-,-,-,-,-,-,-,-,-,compragamer_ssd,81.0,Disco Solido SSD M.2 Crucial 2TB P510 11000MB/s NVMe PCI-E Gen5 x4,Crucial,639840.0,True,https://compragamer.com/producto/Disco_Solido_SSD_M_2_Crucial_2TB_P510_11000MB_s_NVMe_PCI_E_Gen5_x4_20123?cate=81,-,-
solo_compragamer,discos_ssd,discos_ssd|CRUCIAL|480GB|SOLIDO|480GB|E100|GEN4|X4,-,-,-,-,-,-,-,-,-,compragamer_ssd,81.0,Disco Solido SSD M.2 Crucial 480GB E100 5000MB/s NVMe PCI-E Gen4 x4,Crucial,146050.0,True,https://compragamer.com/producto/Disco_Solido_SSD_M_2_Crucial_480GB_E100_5000MB_s_NVMe_PCI_E_Gen4_x4_19528?cate=81,-,-
solo_compragamer,discos_ssd,discos_ssd|HIKSEMI|128GB|SOLIDO|128GB|WAVE|GEN3,-,-,-,-,-,-,-,-,-,compragamer_ssd,81.0,Disco Solido SSD M.2 Hiksemi 128GB Wave 2500MB/s NVMe PCIe Gen3,Hiksemi,49070.0,True,https://compragamer.com/producto/Disco_Solido_SSD_M_2_Hiksemi_128GB_Wave_2500MB_s_NVMe_PCIe_Gen3_20133?cate=81,-,-
solo_compragamer,discos_ssd,discos_ssd|KINGSTON|1000GB|SOLIDO|1000GB|NV3|GEN4|X4,-,-,-,-,-,-,-,-,-,compragamer_ssd,81.0,Disco Sólido SSD M.2 Kingston 1TB NV3 6000MB/s NVMe PCI-E Gen4 x4,Kingston,272730.0,True,https://compragamer.com/producto/Disco_Solido_SSD_M_2_Kingston_1TB_NV3_6000MB_s_NVMe_PCI_E_Gen4_x4_16872?cate=81,-,-
solo_compragamer,discos_ssd,discos_ssd|KINGSTON|480GB|SOLIDO|480GB|A400,-,-,-,-,-,-,-,-,-,compragamer_ssd,81.0,Disco Sólido SSD Kingston 480GB A400 500MB/s,Kingston,130000.0,True,https://compragamer.com/producto/Disco_Solido_SSD_Kingston_480GB_A400_500MB_s_7411?cate=81,-,-
solo_compragamer,discos_ssd,discos_ssd|KINGSTON|500GB|SOLIDO|500GB|NV3|GEN4|X4,-,-,-,-,-,-,-,-,-,compragamer_ssd,81.0,Disco Sólido SSD M.2 Kingston 500GB NV3 5000MB/s NVMe PCI-E Gen4 x4,Kingston,173900.0,True,https://compragamer.com/producto/Disco_Solido_SSD_M_2_Kingston_500GB_NV3_5000MB_s_NVMe_PCI_E_Gen4_x4_20214?cate=81,-,-
solo_compragamer,discos_ssd,discos_ssd|KINGSTON|960GB|SOLIDO|960GB|A400,-,-,-,-,-,-,-,-,-,compragamer_ssd,81.0,Disco Sólido SSD Kingston 960GB A400 500MB/s,Kingston,229670.0,True,https://compragamer.com/producto/Disco_Solido_SSD_Kingston_960GB_A400_500MB_s_7894?cate=81,-,-
solo_compragamer,discos_ssd,discos_ssd|MANCER|480GB|SOLIDO|480GB|REAPER,-,-,-,-,-,-,-,-,-,compragamer_ssd,81.0,Disco Solido SSD Mancer 480GB Reaper S 530MB/s,Mancer,106520.0,True,https://compragamer.com/producto/Disco_Solido_SSD_Mancer_480GB_Reaper_S_530MB_s_20244?cate=81,-,-
solo_compragamer,discos_ssd,discos_ssd|MSI|480GB|SOLIDO|480GB|SPATIUM|S270,-,-,-,-,-,-,-,-,-,compragamer_ssd,81.0,Disco Sólido SSD MSI 480GB Spatium S270 500MB/s,MSI,117950.0,True,https://compragamer.com/producto/Disco_Solido_SSD_MSI_480GB_Spatium_S270_500MB_s_19286?cate=81,-,-
solo_compragamer,discos_ssd,discos_ssd|MSI|960GB|SOLIDO|960GB|SPATIUM|S270,-,-,-,-,-,-,-,-,-,compragamer_ssd,81.0,Disco Sólido SSD MSI 960GB Spatium S270 500MB/s,MSI,206750.0,True,https://compragamer.com/producto/Disco_Solido_SSD_MSI_960GB_Spatium_S270_500MB_s_18841?cate=81,-,-
solo_compragamer,discos_ssd,discos_ssd|SAMSUNG|1000GB|SOLIDO|1000GB|9100|GEN5|X4,-,-,-,-,-,-,-,-,-,compragamer_ssd,81.0,Disco Solido SSD M.2 Samsung 1TB 9100 PRO 14800MB/s NVMe PCI-E Gen5 x4,Samsung,516370.0,True,https://compragamer.com/producto/Disco_Solido_SSD_M_2_Samsung_1TB_9100_PRO_14800MB_s_NVMe_PCI_E_Gen5_x4_20124?cate=81,-,-
solo_compragamer,discos_ssd,discos_ssd|SAMSUNG|2000GB|SOLIDO|2000GB|990|EVO|GEN4,-,-,-,-,-,-,-,-,-,compragamer_ssd,81.0,Disco Solido SSD M.2 Samsung 2TB 990 EVO 5000MB/s NVMe PCI-E Gen4 x4 Gen5 x2,Samsung,697450.0,True,https://compragamer.com/producto/Disco_Solido_SSD_M_2_Samsung_2TB_990_EVO_5000MB_s_NVMe_PCI_E_Gen4_x4_Gen5_x2_19533?cate=81,-,-
solo_compragamer,discos_ssd,discos_ssd|SANDISK|1000GB|SOLIDO|1000GB|GEN3|X4,-,-,-,-,-,-,-,-,-,compragamer_ssd,81.0,Disco Solido SSD M.2 Sandisk 1TB Plus 3200MB/s NVMe PCI-E Gen3 x4,Sandisk,258500.0,True,https://compragamer.com/producto/Disco_Solido_SSD_M_2_Sandisk_1TB_Plus_3200MB_s_NVMe_PCI_E_Gen3_x4_18107?cate=81,-,-
solo_compragamer,discos_ssd,discos_ssd|TEAM|1000GB|SOLIDO|1000GB|FORCE|VULCAN,-,-,-,-,-,-,-,-,-,compragamer_ssd,81.0,Disco Solido SSD Team 1TB T-Force Vulcan Z 550MB/s,Team,226220.0,True,https://compragamer.com/producto/Disco_Solido_SSD_Team_1TB_T_Force_Vulcan_Z_550MB_s_13867?cate=81,-,-
solo_compragamer,discos_ssd,discos_ssd|TEAM|1000GB|SOLIDO|1000GB|MP33|GEN3|X4,-,-,-,-,-,-,-,-,-,compragamer_ssd,81.0,Disco Solido SSD M.2 Team 1TB MP33 PRO 3400MB/s NVMe PCI-E Gen3 x4,Team,264750.0,True,https://compragamer.com/producto/Disco_Solido_SSD_M_2_Team_1TB_MP33_PRO_3400MB_s_NVMe_PCI_E_Gen3_x4_13271?cate=81,-,-
solo_compragamer,discos_ssd,discos_ssd|TEAM|1000GB|SOLIDO|1000GB|MP44L|X4|GEN4,-,-,-,-,-,-,-,-,-,compragamer_ssd,81.0,Disco Solido SSD M.2 Team 1TB MP44L 5000MB/s NVMe PCI-E x4 Gen4,Team,343850.0,True,https://compragamer.com/producto/Disco_Solido_SSD_M_2_Team_1TB_MP44L_5000MB_s_NVMe_PCI_E_x4_Gen4_15008?cate=81,-,-
solo_compragamer,discos_ssd,discos_ssd|TEAM|1000GB|SOLIDO|1000GB|NV5000|X4|GEN4,-,-,-,-,-,-,-,-,-,compragamer_ssd,81.0,Disco Solido SSD M.2 Team 1TB NV5000 4500MB/s NVMe PCI-E x4 Gen4,Team,311000.0,True,https://compragamer.com/producto/Disco_Solido_SSD_M_2_Team_1TB_NV5000_4500MB_s_NVMe_PCI_E_x4_Gen4_20090?cate=81,-,-
solo_compragamer,discos_ssd,discos_ssd|TEAM|256GB|SOLIDO|256GB|GX2,-,-,-,-,-,-,-,-,-,compragamer_ssd,81.0,Disco Solido SSD Team 256GB GX2 530MB/s,Team,80710.0,True,https://compragamer.com/producto/Disco_Solido_SSD_Team_256GB_GX2_530MB_s_10110?cate=81,-,-
solo_compragamer,discos_ssd,discos_ssd|TEAM|512GB|SOLIDO|512GB|MP33|GEN3|X4,-,-,-,-,-,-,-,-,-,compragamer_ssd,81.0,Disco Solido SSD M.2 Team 512GB MP33 1700MB/s NVMe PCI-E Gen3 x4,Team,151090.0,True,https://compragamer.com/producto/Disco_Solido_SSD_M_2_Team_512GB_MP33_1700MB_s_NVMe_PCI_E_Gen3_x4_10116?cate=81,-,-
solo_compragamer,discos_ssd,discos_ssd|TEAM|512GB|SOLIDO|512GB|QX,-,-,-,-,-,-,-,-,-,compragamer_ssd,81.0,Disco Solido SSD Team 512GB QX 560MB/s,Team,140600.0,True,https://compragamer.com/producto/Disco_Solido_SSD_Team_512GB_QX_560MB_s_19407?cate=81,-,-
solo_compragamer,discos_ssd,discos_ssd|WD|1000GB|SOLIDO|1000GB|SN5100|GEN4|X4,-,-,-,-,-,-,-,-,-,compragamer_ssd,81.0,Disco Solido SSD M.2 WD 1TB Blue SN5100 7100MB/s NVMe PCI-E Gen4 x4,Western Digital,289900.0,True,https://compragamer.com/producto/Disco_Solido_SSD_M_2_WD_1TB_Blue_SN5100_7100MB_s_NVMe_PCI_E_Gen4_x4_19534?cate=81,-,-
solo_distribuidor,discos_ssd,discos_ssd|ADATA|1000GB|SU650|1000GB,-,DISCOS SSD,121572,ASU650SS-1TT-R,DISCO SSD ADATA SU650 2.5 1TB,ADATA,ADATA,241213.65,10.0,-,-,-,-,-,-,-,-,-
solo_distribuidor,discos_ssd,discos_ssd|ADATA|256GB|SU650|256GB,-,DISCOS SSD,115239,ASU650SS-256GT-R,DISCO SSD ADATA SU650 2.5 256GB,ADATA,ADATA,84787.89,10.0,-,-,-,-,-,-,-,-,-
solo_distribuidor,discos_ssd,discos_ssd|ADATA|512GB|SU650|512GB,-,DISCOS SSD,121571,ASU650SS-512GT-R,DISCO SSD ADATA SU650 2.5 512GB,ADATA,ADATA,132085.53,10.0,-,-,-,-,-,-,-,-,-
solo_distribuidor,discos_ssd,discos_ssd|NETAC|1000GB|N535N|2280|SATAIII|3D|NAND,-,DISCOS SSD,115743,NT01N535N-001T-N8X,DISCO SSD NETAC N535N M.2 2280 SATAIII 3D NAND SSD 1TB,NETAC ,NETAC,238006.14,10.0,-,-,-,-,-,-,-,-,-
solo_distribuidor,discos_ssd,discos_ssd|NETAC||N535N|2280|SATAIII|3D|NAND,-,DISCOS SSD,115741,NT01N535N-256G-N8X,DISCO SSD NETAC N535N M.2 2280 SATAIII 3D NAND SSD 256 GB,NETAC ,NETAC,75761.51,10.0,-,-,-,-,-,-,-,-,-
solo_distribuidor,discos_ssd,discos_ssd|NETAC||N535N|2280|SATAIII|3D|NAND,-,DISCOS SSD,115742,NT01N535N-512G-N8X,DISCO SSD NETAC N535N M.2 2280 SATAIII 3D NAND SSD 512 GB,NETAC ,NETAC,141338.34,10.0,-,-,-,-,-,-,-,-,-
solo_distribuidor,discos_ssd,discos_ssd|NETAC||SA500|SATA3|240,-,DISCOS SSD,117543,NT01SA500-240-S3X,DISCO SSD NETAC SA500 2.5 SATA3 240 GB,NETAC ,NETAC,73690.56,10.0,-,-,-,-,-,-,-,-,-
solo_distribuidor,discos_ssd,discos_ssd|NETAC||SA500|SATA3|480,-,DISCOS SSD,117544,NT01SA500-480-S3X,DISCO SSD NETAC SA500 2.5 SATA3 480 GB,NETAC ,NETAC,124359.79,10.0,-,-,-,-,-,-,-,-,-
solo_distribuidor,discos_ssd,discos_ssd|NETAC||SA500|SATA3|960,-,DISCOS SSD,119117,NT01SA500-960-S3X,DISCO SSD NETAC SA500 2.5 SATA3 960 GB,NETAC ,NETAC,221656.81,10.0,-,-,-,-,-,-,-,-,-
solo_distribuidor,discos_ssd,discos_ssd|PATRIOT|1000GB|P300|1000GB|2280|GEN3|X4,-,DISCOS SSD,113158,P300P1TBM28,DISCO SSD PATRIOT P300 1TB M.2 2280 PCIE GEN3 X4 PE000693,PATRIOT                                           ,PATRIOT,288233.06,10.0,-,-,-,-,-,-,-,-,-
solo_distribuidor,discos_ssd,discos_ssd|PATRIOT|256GB|P220|256GB|SATA3|PS001662,-,DISCOS SSD,121672,P220S256G25,DISCO SSD PATRIOT P220 256GB 2.5 SATA3 PS001662,PATRIOT                                           ,PATRIOT,78687.16,10.0,-,-,-,-,-,-,-,-,-
solo_distribuidor,discos_ssd,discos_ssd|PATRIOT|512GB|P210|SOLID|512GB|SATA3|PE000718,-,DISCOS SSD,108618,P210S512G25,DISCO SSD PATRIOT P210 SOLID 512GB SATA3 PE000718,PATRIOT                                           ,PATRIOT,129574.0,10.0,-,-,-,-,-,-,-,-,-
solo_distribuidor,discos_ssd,discos_ssd|PATRIOT|512GB|P320|SOLID|512GB|PE000997,-,DISCOS SSD,121673,P320P512GM28,DISCO SSD PATRIOT P320 SOLID 512GB M.2 PE000997,PATRIOT                                           ,PATRIOT,171585.0,10.0,-,-,-,-,-,-,-,-,-
solo_distribuidor,discos_ssd,discos_ssd|PATRIOT||BURST|ELITE|SOLID|960|SATA3,-,DISCOS SSD,113155,PBE960GS25SSDR,DISCO SSD PATRIOT BURST ELITE SOLID 960 GB SATA3 PE000778,PATRIOT                                           ,PATRIOT,229245.24,10.0,-,-,-,-,-,-,-,-,-
solo_distribuidor,discos_ssd,discos_ssd|SANDISK|1000GB|1000GB|G28,-,DISCOS SSD,121680,SDSSDA-1T00-G28,DISCO SSD SATA 1TB SANDISK PLUS G28,SANDISK,SANDISK,291092.74,10.0,-,-,-,-,-,-,-,-,-
solo_distribuidor,discos_ssd,discos_ssd|SANDISK|2000GB|EXTERNO|2000GB|PORTABLE|800MBPS,-,DISCOS SSD,122555,SDSSDE30-2T00-G26,SSD EXTERNO 2TB SANDISK PORTABLE USB-C 3.2 800Mbps,SANDISK,SANDISK,418968.98,4.0,-,-,-,-,-,-,-,-,-
solo_distribuidor,discos_ssd,discos_ssd|SANDISK|256GB|PEN|DRIVE|256GB|ULTRA|LUXE,-,DISCOS SSD,122553,SDCZ74-256G-G46,PEN DRIVE 256GB SANDISK ULTRA LUXE USB 3.2,SANDISK,SANDISK,71812.35,10.0,-,-,-,-,-,-,-,-,-
solo_distribuidor,discos_ssd,discos_ssd|TOSHIBA|20000GB|HDD|20000GB|N300|NAS|CMR,-,DISCOS SSD,122550,HDWG82AXZSTA,HDD 20TB TOSHIBA N300 NAS CMR 7200RPM 1024MB,TOSHIBA                                           ,TOSHIBA,709047.34,5.0,-,-,-,-,-,-,-,-,-
solo_distribuidor,discos_ssd,discos_ssd|WD|1000GB|1000GB|GREEN,-,DISCOS SSD,122760,WDS100T5G0A,DISCO SSD SATA 1TB WD GREEN,WD                                                ,WD,248381.35,10.0,-,-,-,-,-,-,-,-,-
solo_distribuidor,discos_ssd,discos_ssd|WD|1000GB|1000GB|SA510,-,DISCOS SSD,122552,WDS100T3B0A,DISCO SSD SATA 1TB WD BLUE SA510,WD                                                ,WD,293278.95,10.0,-,-,-,-,-,-,-,-,-
solo_distribuidor,discos_ssd,discos_ssd|WD|1000GB|1000GB|SN5100,-,DISCOS SSD,122761,WDS100T5B0E,DISCO SSD 1TB M.2 WD BLUE SN5100 NVME,WD                                                ,WD,269374.25,10.0,-,-,-,-,-,-,-,-,-
solo_distribuidor,discos_ssd,discos_ssd|WD|1000GB|1000GB|SN8100,-,DISCOS SSD,121278,WDS100T1X0M,DISCO SSD M.2 1TB WD BLACK SN8100 NVME,WD                                                ,WD,425671.53,2.0,-,-,-,-,-,-,-,-,-
solo_distribuidor,discos_ssd,discos_ssd|WD|1000GB|1000GB|SN850X,-,DISCOS SSD,117807,WDS100T2XHE,DISCO SSD M.2 1TB WD BLACK SN850X NVME HEATSINK,WD                                                ,WD,300743.3,10.0,-,-,-,-,-,-,-,-,-
solo_distribuidor,discos_ssd,discos_ssd|WD|2000GB|2000GB|SN7100,-,DISCOS SSD,121681,WDS200T4X0E,DISCO SSD M.2 2TB WD BLACK SN7100 NVME,WD                                                ,WD,592280.71,10.0,-,-,-,-,-,-,-,-,-
solo_distribuidor,discos_ssd,discos_ssd|WD|2000GB|2000GB|SN850X,-,DISCOS SSD,119842,WDS200T2XHE,DISCO SSD M.2 2TB WD BLACK SN850X NVME HEATSINK,WD                                                ,WD,562740.74,1.0,-,-,-,-,-,-,-,-,-
solo_distribuidor,discos_ssd,discos_ssd|WD|500GB|500GB|GREEN|SN3000,-,DISCOS SSD,121557,WDS500G4G0E,DISCO SSD M.2 500GB WD GREEN SN3000 NVME,WD                                                ,WD,144325.4,10.0,-,-,-,-,-,-,-,-,-
solo_distribuidor,discos_ssd,discos_ssd|WD|500GB|500GB|SN5000,-,DISCOS SSD,121679,WDS500G4B0E,DISCO SSD M.2 500GB WD BLUE SN5000 NVME,WD                                                ,WD,173404.0,10.0,-,-,-,-,-,-,-,-,-
solo_distribuidor,discos_ssd,discos_ssd|WD|500GB|500GB|SN7100,-,DISCOS SSD,121067,WDS500G4X0E,DISCO SSD M.2 500GB WD BLACK SN7100 NVME,WD                                                ,WD,185259.98,10.0,-,-,-,-,-,-,-,-,-
solo_compragamer,fuentes,fuentes|ADATA|650W|80 PLUS BRONZE|XPG|650W|80|BRONZE|PYLON,-,-,-,-,-,-,-,-,-,compragamer_fuentes,34.0,Fuente ADATA XPG 650W 80 Plus Bronze PYLON,Adata,82550.0,True,https://compragamer.com/producto/Fuente_ADATA_XPG_650W_80_Plus_Bronze_PYLON_11735?cate=34,-,-
solo_compragamer,fuentes,fuentes|ADATA|750W|80 PLUS BRONZE|XPG|750W|80|BRONZE|PYLON,-,-,-,-,-,-,-,-,-,compragamer_fuentes,34.0,Fuente ADATA XPG 750W 80 Plus Bronze PYLON,Adata,93980.0,True,https://compragamer.com/producto/Fuente_ADATA_XPG_750W_80_Plus_Bronze_PYLON_11736?cate=34,-,-
solo_compragamer,fuentes,fuentes|ADATA|750W|80 PLUS GOLD|XPG|750W|80|GOLD|FULL,-,-,-,-,-,-,-,-,-,compragamer_fuentes,34.0,Fuente ADATA XPG 750W 80 Plus Gold Full Modular ATX 3.1 PCIe 5.1 CORE REACTOR II VE Black,Adata,142300.0,True,https://compragamer.com/producto/Fuente_ADATA_XPG_750W_80_Plus_Gold_Full_Modular_ATX_3_1_PCIe_5_1_CORE_REACTOR_II_VE_Black_18602?cate=34,-,-
solo_compragamer,fuentes,fuentes|ANTEC|1000W|80 PLUS PLATINUM|1000W|80|PLATINUM|FULL|MODULAR,-,-,-,-,-,-,-,-,-,compragamer_fuentes,34.0,Fuente Antec 1000W 80 Plus Platinum Full Modular ATX 3.1 PCIe 5.1 HCG1000 PRO AR,Antec,326150.0,True,https://compragamer.com/producto/Fuente_Antec_1000W_80_Plus_Platinum_Full_Modular_ATX_3_1_PCIe_5_1_HCG1000_PRO_AR_18468?cate=34,-,-
solo_compragamer,fuentes,fuentes|ANTEC|1200W|80 PLUS PLATINUM|1200W|80|PLATINUM|FULL|MODULAR,-,-,-,-,-,-,-,-,-,compragamer_fuentes,34.0,Fuente Antec 1200W 80 Plus Platinum Full Modular ATX 3.1 PCIe 5.1 HCG1200 PRO AR,Antec,373750.0,True,https://compragamer.com/producto/Fuente_Antec_1200W_80_Plus_Platinum_Full_Modular_ATX_3_1_PCIe_5_1_HCG1200_PRO_AR_18469?cate=34,-,-
solo_compragamer,fuentes,fuentes|ANTEC|650W|80 PLUS BRONZE|650W|80|BRONZE|CSK650DC|AR,-,-,-,-,-,-,-,-,-,compragamer_fuentes,34.0,Fuente Antec 650W 80 Plus Bronze ATX 3.1 PCIe 5.1 CSK650DC AR,Antec,68100.0,True,https://compragamer.com/producto/Fuente_Antec_650W_80_Plus_Bronze_ATX_3_1_PCIe_5_1_CSK650DC_AR_18257?cate=34,-,-
solo_compragamer,fuentes,fuentes|ANTEC|750W|80 PLUS BRONZE|750W|80|BRONZE|CSK750DC|AR,-,-,-,-,-,-,-,-,-,compragamer_fuentes,34.0,Fuente Antec 750W 80 Plus Bronze ATX 3.1 PCIe 5.1 CSK750DC AR,Antec,79200.0,True,https://compragamer.com/producto/Fuente_Antec_750W_80_Plus_Bronze_ATX_3_1_PCIe_5_1_CSK750DC_AR_18258?cate=34,-,-
solo_compragamer,fuentes,fuentes|ANTEC|750W|80 PLUS BRONZE|750W|80|BRONZE|CSK750DC|AR,-,-,-,-,-,-,-,-,-,compragamer_fuentes,34.0,Fuente Antec 750W 80 Plus Bronze ATX 3.1 PCIe 5.1 CSK750DC White AR,Antec,98700.0,True,https://compragamer.com/producto/Fuente_Antec_750W_80_Plus_Bronze_ATX_3_1_PCIe_5_1_CSK750DC_White_AR_18259?cate=34,-,-
solo_compragamer,fuentes,fuentes|ANTEC|750W|80 PLUS GOLD|750W|80|GOLD|FULL|MODULAR,-,-,-,-,-,-,-,-,-,compragamer_fuentes,34.0,Fuente Antec 750W 80 Plus Gold Full Modular ATX 3.1 PCIe 5.1 GSK750 AR,Antec,128300.0,True,https://compragamer.com/producto/Fuente_Antec_750W_80_Plus_Gold_Full_Modular_ATX_3_1_PCIe_5_1_GSK750_AR_18471?cate=34,-,-
solo_compragamer,fuentes,fuentes|ANTEC|850W|80 PLUS GOLD|850W|80|GOLD|FULL|MODULAR,-,-,-,-,-,-,-,-,-,compragamer_fuentes,34.0,Fuente Antec 850W 80 Plus Gold Full Modular SFX 4.1 ATX 3.1 PCIe 5.1 SF850X AR ITX,Antec,265850.0,True,https://compragamer.com/producto/Fuente_Antec_850W_80_Plus_Gold_Full_Modular_SFX_4_1_ATX_3_1_PCIe_5_1_SF850X_AR_ITX_18470?cate=34,-,-
solo_compragamer,fuentes,fuentes|ANTEC|850W|80 PLUS GOLD|850W|80|GOLD|FULL|MODULAR,-,-,-,-,-,-,-,-,-,compragamer_fuentes,34.0,Fuente Antec 850W 80 Plus Gold Full Modular ATX 3.1 PCIe 5.1 GSK850 AR,Antec,147550.0,True,https://compragamer.com/producto/Fuente_Antec_850W_80_Plus_Gold_Full_Modular_ATX_3_1_PCIe_5_1_GSK850_AR_18472?cate=34,-,-
solo_compragamer,fuentes,fuentes|ANTEC|850W|80 PLUS GOLD|850W|80|GOLD|FULL|MODULAR,-,-,-,-,-,-,-,-,-,compragamer_fuentes,34.0,Fuente Antec 850W 80 Plus Gold Full Modular ATX 3.1 PCIe 5.1 GSK850 White AR,Antec,151650.0,True,https://compragamer.com/producto/Fuente_Antec_850W_80_Plus_Gold_Full_Modular_ATX_3_1_PCIe_5_1_GSK850_White_AR_18473?cate=34,-,-
solo_compragamer,fuentes,fuentes|ASROCK|650W|80 PLUS BRONZE|650W|80|BRONZE|CHALLENGER|CL,-,-,-,-,-,-,-,-,-,compragamer_fuentes,34.0,Fuente Asrock 650W 80 Plus Bronze Challenger CL-650B,Asrock,70300.0,True,https://compragamer.com/producto/Fuente_Asrock_650W_80_Plus_Bronze_Challenger_CL_650B_18176?cate=34,-,-
solo_compragamer,fuentes,fuentes|ASROCK|850W|80 PLUS GOLD|850W|80|GOLD|STEEL|LEGEND,-,-,-,-,-,-,-,-,-,compragamer_fuentes,34.0,Fuente Asrock 850W 80 Plus Gold Steel Legend Full Modular ATX 3.1 PCIe 5.1 Cybenetics Platinum,Asrock,152850.0,True,https://compragamer.com/producto/Fuente_Asrock_850W_80_Plus_Gold_Steel_Legend_Full_Modular_ATX_3_1_PCIe_5_1_Cybenetics_Platinum_18172?cate=34,-,-
solo_compragamer,fuentes,fuentes|ASUS|1000W|80 PLUS GOLD|TUF|1000W|80|GOLD|FULL,-,-,-,-,-,-,-,-,-,compragamer_fuentes,34.0,Fuente ASUS TUF Gaming 1000W 80 Plus Gold Full Modular White ATX 3.1 PCIe 5.1 1000G,Asus,257150.0,True,https://compragamer.com/producto/Fuente_ASUS_TUF_Gaming_1000W_80_Plus_Gold_Full_Modular_White_ATX_3_1_PCIe_5_1_1000G_20180?cate=34,-,-
solo_compragamer,fuentes,fuentes|ASUS|1000W|80 PLUS PLATINUM|ROG|THOR|1000W|80|PLATINUM,-,-,-,-,-,-,-,-,-,compragamer_fuentes,34.0,Fuente ASUS ROG Thor 3 1000W 80 Plus Platinum III 1000P3 Full Modular ATX 3.1 PCIe 5.1,Asus,651300.0,True,https://compragamer.com/producto/Fuente_ASUS_ROG_Thor_3_1000W_80_Plus_Platinum_III_1000P3_Full_Modular_ATX_3_1_PCIe_5_1_20182?cate=34,-,-
solo_compragamer,fuentes,fuentes|ASUS|1200W|80 PLUS PLATINUM|ROG|STRIX|1200W|80|PLATINUM,-,-,-,-,-,-,-,-,-,compragamer_fuentes,34.0,Fuente ASUS ROG Strix 1200W 80 Plus Platinum Full Modular ATX 3.1 PCIe 5.1 1200P,Asus,377350.0,True,https://compragamer.com/producto/Fuente_ASUS_ROG_Strix_1200W_80_Plus_Platinum_Full_Modular_ATX_3_1_PCIe_5_1_1200P_20181?cate=34,-,-
solo_compragamer,fuentes,fuentes|ASUS|1600W|80 PLUS|ROG|THOR|1600W|80|TITANIUM,-,-,-,-,-,-,-,-,-,compragamer_fuentes,34.0,Fuente ASUS ROG Thor 3 1600W 80 Plus Titanium III 1600T3 Full Modular ATX 3.1 PCIe 5.1,Asus,1232950.0,True,https://compragamer.com/producto/Fuente_ASUS_ROG_Thor_3_1600W_80_Plus_Titanium_III_1600T3_Full_Modular_ATX_3_1_PCIe_5_1_20183?cate=34,-,-
solo_compragamer,fuentes,fuentes|ASUS|650W|80 PLUS BRONZE|PRIME|650W|80|BRONZE,-,-,-,-,-,-,-,-,-,compragamer_fuentes,34.0,Fuente ASUS PRIME 650W 80 Plus Bronze Black,Asus,107450.0,True,https://compragamer.com/producto/Fuente_ASUS_PRIME_650W_80_Plus_Bronze_Black_18547?cate=34,-,-
solo_compragamer,fuentes,fuentes|ASUS|750W|80 PLUS BRONZE|PRIME|750W|80|BRONZE,-,-,-,-,-,-,-,-,-,compragamer_fuentes,34.0,Fuente ASUS PRIME 750W 80 Plus Bronze Black,Asus,125310.0,True,https://compragamer.com/producto/Fuente_ASUS_PRIME_750W_80_Plus_Bronze_Black_18548?cate=34,-,-
solo_compragamer,fuentes,fuentes|ASUS|750W|80 PLUS BRONZE|PRIME|750W|80|BRONZE,-,-,-,-,-,-,-,-,-,compragamer_fuentes,34.0,Fuente ASUS PRIME 750W 80 Plus Bronze White,Asus,111750.0,True,https://compragamer.com/producto/Fuente_ASUS_PRIME_750W_80_Plus_Bronze_White_20179?cate=34,-,-
solo_compragamer,fuentes,fuentes|ASUS|750W|80 PLUS GOLD|TUF|750W|80|GOLD|FULL,-,-,-,-,-,-,-,-,-,compragamer_fuentes,34.0,Fuente ASUS TUF Gaming 750W 80 Plus Gold Full Modular ATX 3.1 PCIe 5.1 750G,Asus,176300.0,True,https://compragamer.com/producto/Fuente_ASUS_TUF_Gaming_750W_80_Plus_Gold_Full_Modular_ATX_3_1_PCIe_5_1_750G_18544?cate=34,-,-
solo_compragamer,fuentes,fuentes|BEQUIET|750W|80 PLUS BRONZE|BE|QUIET|750W|80|BRONZE,-,-,-,-,-,-,-,-,-,compragamer_fuentes,34.0,Fuente Be Quiet! 750W 80 Plus Bronze ATX 3.1 PCIe 5.1 SYSTEM POWER 11 U,Be Quiet!,103500.0,True,https://compragamer.com/producto/Fuente_Be_Quiet_750W_80_Plus_Bronze_ATX_3_1_PCIe_5_1_SYSTEM_POWER_11_U_18483?cate=34,-,-
solo_compragamer,fuentes,fuentes|CORSAIR|750W||750W|CYBENETICS|GOLD|RM750E|FULL,-,-,-,-,-,-,-,-,-,compragamer_fuentes,34.0,Fuente Corsair 750W Cybenetics Gold RM750e Full Modular ATX 3.1 PCIe 5.1,Corsair,164280.0,True,https://compragamer.com/producto/Fuente_Corsair_750W_Cybenetics_Gold_RM750e_Full_Modular_ATX_3_1_PCIe_5_1_18124?cate=34,-,-
solo_compragamer,fuentes,fuentes|CORSAIR|850W|80 PLUS PLATINUM|SFX|850W|80|PLATINUM|FULL,-,-,-,-,-,-,-,-,-,compragamer_fuentes,34.0,Fuente Corsair SFX 850W 80 Plus Platinum Full Modular SF850 ITX ATX 3.1 PCIe 5.1,Corsair,306800.0,True,https://compragamer.com/producto/Fuente_Corsair_SFX_850W_80_Plus_Platinum_Full_Modular_SF850_ITX_ATX_3_1_PCIe_5_1_18588?cate=34,-,-
solo_compragamer,fuentes,fuentes|COUGAR|850W|80 PLUS GOLD|850W|80|GOLD|FULL|MODULAR,-,-,-,-,-,-,-,-,-,compragamer_fuentes,34.0,Fuente Cougar 850W 80 Plus Gold Full Modular ATX 3.1 PCIe 5.1 GEX PRO AR,Cougar,146800.0,True,https://compragamer.com/producto/Fuente_Cougar_850W_80_Plus_Gold_Full_Modular_ATX_3_1_PCIe_5_1_GEX_PRO_AR_18506?cate=34,-,-
solo_compragamer,fuentes,fuentes|DEEPCOOL|550W|80 PLUS BRONZE|550W|80|BRONZE|PL550D,-,-,-,-,-,-,-,-,-,compragamer_fuentes,34.0,Fuente Deepcool 550W 80 Plus Bronze PL550D ATX 3.1 PCIe 5.1,Deepcool,67700.0,True,https://compragamer.com/producto/Fuente_Deepcool_550W_80_Plus_Bronze_PL550D_ATX_3_1_PCIe_5_1_18201?cate=34,-,-
solo_compragamer,fuentes,fuentes|DEEPCOOL|650W|80 PLUS BRONZE|650W|80|BRONZE|PL650D,-,-,-,-,-,-,-,-,-,compragamer_fuentes,34.0,Fuente Deepcool 650W 80 Plus Bronze PL650D ATX 3.1 PCIe 5.1,Deepcool,70750.0,True,https://compragamer.com/producto/Fuente_Deepcool_650W_80_Plus_Bronze_PL650D_ATX_3_1_PCIe_5_1_18202?cate=34,-,-
solo_compragamer,fuentes,fuentes|DEEPCOOL|750W|80 PLUS BRONZE|750W|80|BRONZE|PL750D,-,-,-,-,-,-,-,-,-,compragamer_fuentes,34.0,Fuente Deepcool 750W 80 Plus Bronze PL750D ATX 3.1 PCIe 5.1,Deepcool,84990.0,True,https://compragamer.com/producto/Fuente_Deepcool_750W_80_Plus_Bronze_PL750D_ATX_3_1_PCIe_5_1_18203?cate=34,-,-
solo_compragamer,fuentes,fuentes|LIANLI|1000W|80 PLUS GOLD|LIAN|LI|1000W|80|GOLD,-,-,-,-,-,-,-,-,-,compragamer_fuentes,34.0,Fuente Lian Li 1000W 80 Plus Gold Full Modular ATX 3.1 PCIe 5.1 Edge Black,Lian Li,222500.0,True,https://compragamer.com/producto/Fuente_Lian_Li_1000W_80_Plus_Gold_Full_Modular_ATX_3_1_PCIe_5_1_Edge_Black_18816?cate=34,-,-
solo_compragamer,fuentes,fuentes|LIANLI|1000W|80 PLUS GOLD|LIAN|LI|1000W|80|GOLD,-,-,-,-,-,-,-,-,-,compragamer_fuentes,34.0,Fuente Lian Li 1000W 80 Plus Gold Full Modular ATX 3.1 PCIe 5.1 Edge White,Lian Li,225450.0,True,https://compragamer.com/producto/Fuente_Lian_Li_1000W_80_Plus_Gold_Full_Modular_ATX_3_1_PCIe_5_1_Edge_White_18817?cate=34,-,-
solo_compragamer,fuentes,fuentes|LIANLI|1200W|80 PLUS GOLD|LIAN|LI|1200W|80|GOLD,-,-,-,-,-,-,-,-,-,compragamer_fuentes,34.0,Fuente Lian Li 1200W 80 Plus Gold Full Modular ATX 3.1 PCIe 5.1 Edge Black,Lian Li,262250.0,True,https://compragamer.com/producto/Fuente_Lian_Li_1200W_80_Plus_Gold_Full_Modular_ATX_3_1_PCIe_5_1_Edge_Black_18818?cate=34,-,-
solo_compragamer,fuentes,fuentes|LIANLI|750W|80 PLUS GOLD|LIAN|LI|750W|80|GOLD,-,-,-,-,-,-,-,-,-,compragamer_fuentes,34.0,Fuente Lian Li 750W 80 Plus Gold Full Modular ATX 3.1 PCIe 5.1 Edge Black,Lian Li,158750.0,True,https://compragamer.com/producto/Fuente_Lian_Li_750W_80_Plus_Gold_Full_Modular_ATX_3_1_PCIe_5_1_Edge_Black_18814?cate=34,-,-
solo_compragamer,fuentes,fuentes|LIANLI|850W|80 PLUS GOLD|LIAN|LI|850W|80|GOLD,-,-,-,-,-,-,-,-,-,compragamer_fuentes,34.0,Fuente Lian Li 850W 80 Plus Gold Full Modular ATX 3.1 PCIe 5.1 Edge Black,Lian Li,173150.0,True,https://compragamer.com/producto/Fuente_Lian_Li_850W_80_Plus_Gold_Full_Modular_ATX_3_1_PCIe_5_1_Edge_Black_18815?cate=34,-,-
solo_compragamer,fuentes,fuentes|LIANLI|850W|80 PLUS GOLD|LIAN|LI|850W|80|GOLD,-,-,-,-,-,-,-,-,-,compragamer_fuentes,34.0,Fuente Lian Li 850W 80 Plus Gold Full Modular ATX 3.1 PCIe 5.1 Edge White,Lian Li,179750.0,True,https://compragamer.com/producto/Fuente_Lian_Li_850W_80_Plus_Gold_Full_Modular_ATX_3_1_PCIe_5_1_Edge_White_18820?cate=34,-,-
solo_compragamer,fuentes,fuentes|SEASONIC|1000W|80 PLUS GOLD|1000W|80|GOLD|FOCUS|GX,-,-,-,-,-,-,-,-,-,compragamer_fuentes,34.0,Fuente Seasonic 1000W 80 Plus Gold FOCUS GX ATX 3.1 PCIe 5.1 SRP-FGX102,Seasonic,353100.0,True,https://compragamer.com/producto/Fuente_Seasonic_1000W_80_Plus_Gold_FOCUS_GX_ATX_3_1_PCIe_5_1_SRP_FGX102_19483?cate=34,-,-
solo_compragamer,fuentes,fuentes|SEASONIC|1000W|80 PLUS GOLD|1000W|80|GOLD|FOCUS|GX,-,-,-,-,-,-,-,-,-,compragamer_fuentes,34.0,Fuente Seasonic 1000W 80 Plus Gold FOCUS GX White ATX 3.1 PCIe 5.1 SRP-FGX102,Seasonic,371700.0,True,https://compragamer.com/producto/Fuente_Seasonic_1000W_80_Plus_Gold_FOCUS_GX_White_ATX_3_1_PCIe_5_1_SRP_FGX102_19484?cate=34,-,-
solo_compragamer,fuentes,fuentes|SEASONIC|1200W|80 PLUS GOLD|1200W|80|GOLD|VERTEX|GX,-,-,-,-,-,-,-,-,-,compragamer_fuentes,34.0,Fuente Seasonic 1200W 80 Plus Gold VERTEX GX ATX 3.1 PCIe 5.1 12122GXAFS,Seasonic,427250.0,True,https://compragamer.com/producto/Fuente_Seasonic_1200W_80_Plus_Gold_VERTEX_GX_ATX_3_1_PCIe_5_1_12122GXAFS_19485?cate=34,-,-
solo_compragamer,fuentes,fuentes|SEASONIC|1200W|80 PLUS GOLD|1200W|80|GOLD|VERTEX|GX,-,-,-,-,-,-,-,-,-,compragamer_fuentes,34.0,Fuente Seasonic 1200W 80 Plus Gold VERTEX GX White ATX 3.1 PCIe 5.1 12122GXAFS,Seasonic,446000.0,True,https://compragamer.com/producto/Fuente_Seasonic_1200W_80_Plus_Gold_VERTEX_GX_White_ATX_3_1_PCIe_5_1_12122GXAFS_19486?cate=34,-,-
solo_compragamer,fuentes,fuentes|SEASONIC|1200W|80 PLUS PLATINUM|1200W|80|PLATINUM|VERTEX|PX,-,-,-,-,-,-,-,-,-,compragamer_fuentes,34.0,Fuente Seasonic 1200W 80 Plus Platinum VERTEX PX ATX 3.1 PCIe 5.1 12122PXAFS,Seasonic,557500.0,True,https://compragamer.com/producto/Fuente_Seasonic_1200W_80_Plus_Platinum_VERTEX_PX_ATX_3_1_PCIe_5_1_12122PXAFS_19487?cate=34,-,-
solo_compragamer,fuentes,fuentes|SEASONIC|2200W|80 PLUS PLATINUM|2200W|80|PLATINUM|PRIME|PX,-,-,-,-,-,-,-,-,-,compragamer_fuentes,34.0,Fuente Seasonic 2200W 80 Plus Platinum PRIME PX ATX 3.1 PCIe 5.1 SRP-PPX222,Seasonic,1226400.0,True,https://compragamer.com/producto/Fuente_Seasonic_2200W_80_Plus_Platinum_PRIME_PX_ATX_3_1_PCIe_5_1_SRP_PPX222_19491?cate=34,-,-
solo_compragamer,fuentes,fuentes|SEASONIC|650W|80 PLUS BRONZE|650W|80|BRONZE|S12III|SSR,-,-,-,-,-,-,-,-,-,compragamer_fuentes,34.0,Fuente Seasonic 650W 80 Plus Bronze S12III SSR-650GB3,Seasonic,97540.0,True,https://compragamer.com/producto/Fuente_Seasonic_650W_80_Plus_Bronze_S12III_SSR_650GB3_9374?cate=34,-,-
solo_compragamer,fuentes,fuentes|SEASONIC|650W|80 PLUS GOLD|650W|80|GOLD|G12|GC,-,-,-,-,-,-,-,-,-,compragamer_fuentes,34.0,Fuente Seasonic 650W 80 Plus Gold G12 GC SSP-650RT2,Seasonic,128350.0,True,https://compragamer.com/producto/Fuente_Seasonic_650W_80_Plus_Gold_G12_GC_SSP_650RT2_19482?cate=34,-,-
solo_compragamer,fuentes,fuentes|SEASONIC|750W|80 PLUS GOLD|750W|80|GOLD|CORE|GX,-,-,-,-,-,-,-,-,-,compragamer_fuentes,34.0,Fuente Seasonic 750W 80 Plus Gold CORE GX ATX 3.1 PCIe 5.1 SRP-CGX751,Seasonic,182750.0,True,https://compragamer.com/producto/Fuente_Seasonic_750W_80_Plus_Gold_CORE_GX_ATX_3_1_PCIe_5_1_SRP_CGX751_19479?cate=34,-,-
solo_compragamer,fuentes,fuentes|SEASONIC|750W|80 PLUS GOLD|750W|80|GOLD|CORE|GX,-,-,-,-,-,-,-,-,-,compragamer_fuentes,34.0,Fuente Seasonic 750W 80 Plus Gold CORE GX White ATX 3.1 PCIe 5.1 SRP-CGX751,Seasonic,201000.0,True,https://compragamer.com/producto/Fuente_Seasonic_750W_80_Plus_Gold_CORE_GX_White_ATX_3_1_PCIe_5_1_SRP_CGX751_19480?cate=34,-,-
solo_compragamer,fuentes,fuentes|SEASONIC|850W|80 PLUS GOLD|850W|80|GOLD|CORE|GX,-,-,-,-,-,-,-,-,-,compragamer_fuentes,34.0,Fuente Seasonic 850W 80 Plus Gold CORE GX ATX 3.1 PCIe 5.1 SRP-CGX851,Seasonic,241550.0,True,https://compragamer.com/producto/Fuente_Seasonic_850W_80_Plus_Gold_CORE_GX_ATX_3_1_PCIe_5_1_SRP_CGX851_19481?cate=34,-,-
solo_compragamer,fuentes,fuentes|SEGOTEP|500W||500W|CABLES|LARGOS|23A|120MM,-,-,-,-,-,-,-,-,-,compragamer_fuentes,34.0,Fuente Segotep 500W ATX Cables Largos 23a Cooler 120mm Negro,Segotep,25900.0,True,https://compragamer.com/producto/Fuente_Segotep_500W_ATX_Cables_Largos_23a_Cooler_120mm_Negro_9871?cate=34,-,-
solo_compragamer,fuentes,fuentes|XYZ|1000W|80 PLUS GOLD|1000W|80|GOLD|FULL|MODULAR,-,-,-,-,-,-,-,-,-,compragamer_fuentes,34.0,Fuente XYZ 1000W 80 Plus Gold ATX 3.1 PCIe 5.1 Full Modular HYPERVOLT Black,XYZ,180050.0,True,https://compragamer.com/producto/Fuente_XYZ_1000W_80_Plus_Gold_ATX_3_1_PCIe_5_1_Full_Modular_HYPERVOLT_Black_18739?cate=34,-,-
solo_compragamer,fuentes,fuentes|XYZ|1000W|80 PLUS GOLD|1000W|80|GOLD|FULL|MODULAR,-,-,-,-,-,-,-,-,-,compragamer_fuentes,34.0,Fuente XYZ 1000W 80 Plus Gold ATX 3.1 PCIe 5.1 Full Modular HYPERVOLT White,XYZ,191250.0,True,https://compragamer.com/producto/Fuente_XYZ_1000W_80_Plus_Gold_ATX_3_1_PCIe_5_1_Full_Modular_HYPERVOLT_White_18740?cate=34,-,-
solo_compragamer,fuentes,fuentes|XYZ|650W|80 PLUS BRONZE|650W|80|BRONZE|PHANTOM,-,-,-,-,-,-,-,-,-,compragamer_fuentes,34.0,Fuente XYZ 650W 80 Plus Bronze ARGB Phantom,XYZ,66900.0,True,https://compragamer.com/producto/Fuente_XYZ_650W_80_Plus_Bronze_ARGB_Phantom_18733?cate=34,-,-
solo_compragamer,fuentes,fuentes|XYZ|750W|80 PLUS BRONZE|750W|80|BRONZE|PHANTOM,-,-,-,-,-,-,-,-,-,compragamer_fuentes,34.0,Fuente XYZ 750W 80 Plus Bronze ARGB Phantom,XYZ,73170.0,True,https://compragamer.com/producto/Fuente_XYZ_750W_80_Plus_Bronze_ARGB_Phantom_18734?cate=34,-,-
solo_compragamer,fuentes,fuentes|XYZ|750W|80 PLUS GOLD|750W|80|GOLD|FULL|MODULAR,-,-,-,-,-,-,-,-,-,compragamer_fuentes,34.0,Fuente XYZ 750W 80 Plus Gold ATX 3.1 PCIe 5.1 Full Modular HYPERVOLT Black,XYZ,127760.0,True,https://compragamer.com/producto/Fuente_XYZ_750W_80_Plus_Gold_ATX_3_1_PCIe_5_1_Full_Modular_HYPERVOLT_Black_18735?cate=34,-,-
solo_compragamer,fuentes,fuentes|XYZ|750W|80 PLUS GOLD|750W|80|GOLD|FULL|MODULAR,-,-,-,-,-,-,-,-,-,compragamer_fuentes,34.0,Fuente XYZ 750W 80 Plus Gold ATX 3.1 PCIe 5.1 Full Modular HYPERVOLT White,XYZ,132290.0,True,https://compragamer.com/producto/Fuente_XYZ_750W_80_Plus_Gold_ATX_3_1_PCIe_5_1_Full_Modular_HYPERVOLT_White_18737?cate=34,-,-
solo_compragamer,fuentes,fuentes|XYZ|850W|80 PLUS GOLD|850W|80|GOLD|FULL|MODULAR,-,-,-,-,-,-,-,-,-,compragamer_fuentes,34.0,Fuente XYZ 850W 80 Plus Gold ATX 3.1 PCIe 5.1 Full Modular HYPERVOLT Black,XYZ,141350.0,True,https://compragamer.com/producto/Fuente_XYZ_850W_80_Plus_Gold_ATX_3_1_PCIe_5_1_Full_Modular_HYPERVOLT_Black_18736?cate=34,-,-
solo_compragamer,fuentes,fuentes|XYZ|850W|80 PLUS GOLD|850W|80|GOLD|FULL|MODULAR,-,-,-,-,-,-,-,-,-,compragamer_fuentes,34.0,Fuente XYZ 850W 80 Plus Gold ATX 3.1 PCIe 5.1 Full Modular HYPERVOLT White,XYZ,151750.0,True,https://compragamer.com/producto/Fuente_XYZ_850W_80_Plus_Gold_ATX_3_1_PCIe_5_1_Full_Modular_HYPERVOLT_White_18738?cate=34,-,-
solo_distribuidor,fuentes,fuentes|ASUS|1000W|80 PLUS GOLD|TUF|1000W|EDITION|80|GOLD,-,FUENTES,121660,TUF GAMING 1000G WHITE,FUENTE ASUS TUF GAMING 1000W WHITE EDITION ATX 3.1 PCIE 5 80 PLUS GOLD,ASUS,ASUS,250413.52,8.0,-,-,-,-,-,-,-,-,-
solo_distribuidor,fuentes,fuentes|AUREOX|500W||500W|ARXE|500,-,FUENTES,104829,ARXE-500,FUENTE AUREOX 500W ARXE-500,AUREOX,AUREOX,19954.75,10.0,-,-,-,-,-,-,-,-,-
solo_distribuidor,fuentes,fuentes|AUREOX|500W||500W|ARXGP|500,-,FUENTES,104830,ARXGP-500W,FUENTE AUREOX 500W ARXGP 500,AUREOX,AUREOX,32651.26,10.0,-,-,-,-,-,-,-,-,-
solo_distribuidor,fuentes,fuentes|AUREOX|550W||550W|BRONZE|80|PSU,-,FUENTES,104832,ARXGU-80PBZ-550W,FUENTE GAMER AUREOX 550W BRONZE 80+PSU,AUREOX,AUREOX,47782.42,10.0,-,-,-,-,-,-,-,-,-
solo_distribuidor,fuentes,fuentes|AUREOX|600W||600W|PSU|ARXGP|600,-,FUENTES,104831,ARXGP-600W,FUENTE GAMER AUREOX 600W PSU ARXGP-600,AUREOX,AUREOX,34286.54,10.0,-,-,-,-,-,-,-,-,-
solo_distribuidor,fuentes,fuentes|AUREOX|650W||650W|BRONZE|80|PSU,-,FUENTES,104833,ARXGU-80PBZ-650W,FUENTE GAMER AUREOX 650W BRONZE 80+PSU,AUREOX,AUREOX,52152.36,10.0,-,-,-,-,-,-,-,-,-
solo_distribuidor,fuentes,fuentes|COOLERMASTER|1000W||MASTER|ELITE|GOLD|1000W|FM,-,FUENTES,121452,MPW-A001-AFAG,FUENTE COOLER MASTER ELITE GOLD 1000W FM (Full Modular),COOLER MASTER,COOLERMASTER,172308.44,10.0,-,-,-,-,-,-,-,-,-
solo_distribuidor,fuentes,fuentes|COOLERMASTER|1200W||MASTER|ELITE|GOLD|1200W|FM,-,FUENTES,121453,MPW-C001-AFAG,FUENTE COOLER MASTER ELITE GOLD 1200W FM (Full Modular),COOLER MASTER,COOLERMASTER,197399.9,10.0,-,-,-,-,-,-,-,-,-
solo_distribuidor,fuentes,fuentes|COOLERMASTER|650W||MASTER|MWE|GOLD|650W|V3,-,FUENTES,121449,MPE-6502-ACAAG,FUENTE COOLER MASTER MWE GOLD 650W V3 NM FR (No Modular),COOLER MASTER,COOLERMASTER,78249.57,10.0,-,-,-,-,-,-,-,-,-
solo_distribuidor,fuentes,fuentes|COOLERMASTER|850W||MASTER|MWE|GOLD|850W|V3,-,FUENTES,121451,MPE-8506-ACAG,FUENTE COOLER MASTER MWE GOLD 850W V3 NM FR (No Modular),COOLER MASTER,COOLERMASTER,113761.19,10.0,-,-,-,-,-,-,-,-,-
solo_distribuidor,fuentes,fuentes|COOLERMASTER|850W||MASTER|SILENT|EDGE|PLATINUM|850W,-,FUENTES,121454,MPS-8501-AZAP-NBAR,FUENTE COOLER MASTER X SILENT EDGE PLATINUM 850W (Full Modular),COOLER MASTER,COOLERMASTER,419235.52,3.0,-,-,-,-,-,-,-,-,-
solo_distribuidor,fuentes,fuentes|EVGA|500W|80 PLUS|500W|W2|80,-,FUENTES,108587,100-W2-0500,FUENTE GAMER EVGA 500W W2 80 PLUS,EVGA                                              ,EVGA,93502.42,10.0,-,-,-,-,-,-,-,-,-
solo_distribuidor,fuentes,fuentes|EVGA|500W||500W|BR|80|BRONZE,-,FUENTES,103777,100-BR-0500,FUENTE GAMER EVGA 500W BR 80 BRONZE,EVGA                                              ,EVGA,106172.76,10.0,-,-,-,-,-,-,-,-,-
solo_distribuidor,fuentes,fuentes|EVGA|750W||750W|SUPERNOVA|GOLD|MODULAR,-,FUENTES,108961,220-GA-0750,FUENTE GAMER EVGA 750W SUPERNOVA GOLD MODULAR,EVGA                                              ,EVGA,258099.53,1.0,-,-,-,-,-,-,-,-,-
solo_distribuidor,fuentes,fuentes|EVGA|850W||850W|SUPERNOVA|GOLD|MODULAR,-,FUENTES,104814,220-GA-0850,FUENTE GAMER EVGA 850W SUPERNOVA GOLD MODULAR,EVGA                                              ,EVGA,296933.95,2.0,-,-,-,-,-,-,-,-,-
solo_distribuidor,fuentes,fuentes|GIGABYTE|1000W|80 PLUS GOLD|1000W|PG5|V2|80|GOLD,-,FUENTES,122705,GP-UD1000GM PG5 V2,FUENTE GAMER GIGABYTE 1000W PG5 V2 80 PLUS GOLD FULL MODULAR,GIGABYTE                                          ,GIGABYTE,166077.35,10.0,-,-,-,-,-,-,-,-,-
solo_distribuidor,fuentes,fuentes|GIGABYTE|550W|80 PLUS|550W|80|SILVER,-,FUENTES,119726,GP-P550SS,FUENTE GAMER GIGABYTE 550W 80 PLUS SILVER ATX 3.0,GIGABYTE                                          ,GIGABYTE,60219.43,10.0,-,-,-,-,-,-,-,-,-
solo_distribuidor,fuentes,fuentes|GIGABYTE|550W|80 PLUS|550W|ICE|80|SILVER,-,FUENTES,119727,GP-P550SS ICE,FUENTE GAMER GIGABYTE 550W ICE 80 PLUS SILVER ATX 3.0 WHITE,GIGABYTE                                          ,GIGABYTE,60883.27,10.0,-,-,-,-,-,-,-,-,-
solo_distribuidor,fuentes,fuentes|GIGABYTE|650W|80 PLUS GOLD|650W|80|GOLD,-,FUENTES,121640,GP-P650G,FUENTE GAMER GIGABYTE 650W 80 PLUS GOLD,GIGABYTE                                          ,GIGABYTE,75585.6,10.0,-,-,-,-,-,-,-,-,-
solo_distribuidor,fuentes,fuentes|GIGABYTE|650W|80 PLUS GOLD|650W|80|GOLD|PG5,-,FUENTES,122602,GP-P650G PG5,FUENTE GAMER GIGABYTE 650W 80 PLUS GOLD PG5,GIGABYTE                                          ,GIGABYTE,78067.14,10.0,-,-,-,-,-,-,-,-,-
solo_distribuidor,fuentes,fuentes|GIGABYTE|650W|80 PLUS|650W|80|SILVER,-,FUENTES,119728,GP-P650SS,FUENTE GAMER GIGABYTE 650W 80 PLUS SILVER ATX 3.0,GIGABYTE                                          ,GIGABYTE,68754.47,10.0,-,-,-,-,-,-,-,-,-
solo_distribuidor,fuentes,fuentes|GIGABYTE|650W|80 PLUS|650W|ICE|80|SILVER,-,FUENTES,119729,GP-P650SS ICE,FUENTE GAMER GIGABYTE 650W ICE 80 PLUS SILVER ATX 3.0 WHITE,GIGABYTE                                          ,GIGABYTE,70698.39,10.0,-,-,-,-,-,-,-,-,-
solo_distribuidor,fuentes,fuentes|GIGABYTE|750W|80 PLUS|750W|PG5|80|MODULAR|GOLD,-,FUENTES,119259,GP-UD750GM PG5,FUENTE GAMER GIGABYTE 750W PG5 80 PLUS MODULAR GOLD,GIGABYTE                                          ,GIGABYTE,129201.5,9.0,-,-,-,-,-,-,-,-,-
solo_distribuidor,fuentes,fuentes|GIGABYTE|750W||750W|80|BRONZE,-,FUENTES,120808,GP-P750BS,FUENTE GAMER GIGABYTE 750W 80 BRONZE,GIGABYTE                                          ,GIGABYTE,92335.14,1.0,-,-,-,-,-,-,-,-,-
solo_distribuidor,fuentes,fuentes|GIGABYTE|850W||850W|PG5|AORUS|ELITE|PLATINUM,-,FUENTES,120807,GP--AE850PM PG5,FUENTE GAMER GIGABYTE 850W PG5 AORUS ELITE PLATINUM MODULAR ATX3.1,GIGABYTE                                          ,GIGABYTE,202885.6,7.0,-,-,-,-,-,-,-,-,-
solo_distribuidor,fuentes,fuentes|GIGABYTE|850W||850W|PG5|PSU,-,FUENTES,118490,GP-UD850GM PG5,FUENTE GAMER GIGABYTE 850W PG5/PSU,GIGABYTE                                          ,GIGABYTE,163344.41,10.0,-,-,-,-,-,-,-,-,-
solo_distribuidor,fuentes,fuentes|RAIDMAX|550W||550W|XTB,-,FUENTES,121484,RX-550XTB,FUENTE GAMER 550W RAIDMAX XTB,RAIDMAX,RAIDMAX,36424.78,10.0,-,-,-,-,-,-,-,-,-
solo_distribuidor,fuentes,fuentes|RAIDMAX|600W|80 PLUS BRONZE|600W|VORTEX|80|BRONZE,-,FUENTES,121488,RX-600AFV,FUENTE 600W RAIDMAX VORTEX 80 PLUS BRONZE GAMER,RAIDMAX,RAIDMAX,59055.56,10.0,-,-,-,-,-,-,-,-,-
solo_distribuidor,fuentes,fuentes|RAIDMAX|600W|80 PLUS WHITE|600W|VORTEX|80,-,FUENTES,121486,RX-600ACV,FUENTE 600W RAIDMAX VORTEX 80 PLUS WHITE GAMER,RAIDMAX,RAIDMAX,47740.17,10.0,-,-,-,-,-,-,-,-,-
solo_distribuidor,fuentes,fuentes|RAIDMAX|650W||650W|XTB,-,FUENTES,121485,RX-650XTB,FUENTE GAMER 650W RAIDMAX XTB,RAIDMAX,RAIDMAX,43126.94,10.0,-,-,-,-,-,-,-,-,-
solo_distribuidor,fuentes,fuentes|RAIDMAX|700W|80 PLUS BRONZE|700W|VORTEX|80|BRONZE,-,FUENTES,121489,RX-700ACV,FUENTE 700W RAIDMAX VORTEX 80 PLUS BRONZE GAMER,RAIDMAX,RAIDMAX,65327.52,10.0,-,-,-,-,-,-,-,-,-
solo_distribuidor,fuentes,fuentes|RAIDMAX|800W|80 PLUS WHITE|800W|VORTEX|80,-,FUENTES,121487,RX-800ACV,FUENTE 800W RAIDMAX VORTEX 80 PLUS WHITE GAMER,RAIDMAX,RAIDMAX,64077.44,10.0,-,-,-,-,-,-,-,-,-
solo_distribuidor,fuentes,fuentes|SFX|500W||500W|20,-,FUENTES,2936,SFX_500,FUENTE SFX 500W 20+4 SATA,SFX                                               ,SFX,16083.8,10.0,-,-,-,-,-,-,-,-,-
solo_distribuidor,fuentes,fuentes|THERMALTAKE|1050W|80 PLUS GOLD|TP|GF|A3|1050W|ANALOG,-,FUENTES,120547,TTP-1050AH2FKG,FUENTE GAMER THERMALTAKE TP GF A3 1050W ANALOG 80 PLUS GOLD FULL MODULAR,THERMALTAKE,THERMALTAKE,217314.12,10.0,-,-,-,-,-,-,-,-,-
solo_distribuidor,fuentes,fuentes|THERMALTAKE|1200W|80 PLUS GOLD|TP|GF|A3|1200W|ANALOG,-,FUENTES,120548,TTP-1200AH2FKG,FUENTE GAMER THERMALTAKE TP GF A3 1200W ANALOG 80 PLUS GOLD FULL MODULAR,THERMALTAKE,THERMALTAKE,248918.94,10.0,-,-,-,-,-,-,-,-,-
solo_distribuidor,fuentes,fuentes|THERMALTAKE|500W||TR2|500W,-,FUENTES,101266,TR2-500NL2NC,FUENTE GAMER THERMALTAKE TR2 500W,THERMALTAKE,THERMALTAKE,48828.17,10.0,-,-,-,-,-,-,-,-,-
solo_distribuidor,fuentes,fuentes|THERMALTAKE|600W||TR2|600W,-,FUENTES,101260,TR2-600NL2NC,FUENTE GAMER THERMALTAKE TR2 600W,THERMALTAKE,THERMALTAKE,53542.62,10.0,-,-,-,-,-,-,-,-,-
solo_distribuidor,fuentes,fuentes|THERMALTAKE|650W|80 PLUS BRONZE|SMART|BX3|650W|80|BRONZE,-,FUENTES,120006,PS-SPD-0650NNFABG-3,FUENTE GAMER THERMALTAKE SMART BX3 650W 80 PLUS BRONZE,THERMALTAKE,THERMALTAKE,91454.05,10.0,-,-,-,-,-,-,-,-,-
solo_distribuidor,fuentes,fuentes|THERMALTAKE|700W|80 PLUS WHITE|SMART|700W|80,-,FUENTES,120007,PS-SPD-0700NPCWAG-W,FUENTE THERMALTAKE SMART 700W 80 PLUS WHITE,THERMALTAKE,THERMALTAKE,81460.81,10.0,-,-,-,-,-,-,-,-,-
solo_distribuidor,fuentes,fuentes|THERMALTAKE|750W|80 PLUS BRONZE|SMART|BX3|750W|80|BRONZE,-,FUENTES,120008,PS-SPD-0750NNFABG-3,FUENTE GAMER THERMALTAKE SMART BX3 750W 80 PLUS BRONZE,THERMALTAKE,THERMALTAKE,102610.12,10.0,-,-,-,-,-,-,-,-,-
solo_distribuidor,fuentes,fuentes|THERMALTAKE|750W|80 PLUS GOLD|TP|GT|750W|ANALOG|80,-,FUENTES,120549,TPD-750AH2FXG-3,FUENTE GAMER THERMALTAKE TP GT 750W ANALOG 80 PLUS GOLD,THERMALTAKE,THERMALTAKE,131992.03,6.0,-,-,-,-,-,-,-,-,-
solo_distribuidor,fuentes,fuentes|THERMALTAKE|750W|80 PLUS GOLD|TP|GT|750W|ANALOG|80,-,FUENTES,121283,TPD-750AH2FXG-3 W,FUENTE GAMER THERMALTAKE TP GT 750W ANALOG 80 PLUS GOLD WHITE,THERMALTAKE,THERMALTAKE,136424.04,10.0,-,-,-,-,-,-,-,-,-
solo_compragamer,memorias,memorias|16GB|DDR4|2666|,-,-,-,-,-,-,-,-,-,compragamer_memorias,15.0,Memoria KingDian DDR4 16GB 2666MHz,KingDian,176230.0,True,https://compragamer.com/producto/Memoria_KingDian_DDR4_16GB_2666MHz_13639?cate=15,-,-
solo_compragamer,memorias,memorias|16GB|DDR4|2666|CL19,-,-,-,-,-,-,-,-,-,compragamer_memorias,15.0,Memoria Crucial DDR4 16GB 2666MHz CL19,Crucial,204080.0,True,https://compragamer.com/producto/Memoria_Crucial_DDR4_16GB_2666MHz_CL19_19525?cate=15,-,-
solo_compragamer,memorias,memorias|16GB|DDR4|3200|CL19,-,-,-,-,-,-,-,-,-,compragamer_memorias,15.0,Memoria Mancer DDR4 16GB 3200MHz Astrion Black CL19 BULK,Mancer,199990.0,True,https://compragamer.com/producto/Memoria_Mancer_DDR4_16GB_3200MHz_Astrion_Black_CL19_BULK_20243?cate=15,-,-
solo_compragamer,memorias,memorias|16GB|DDR5|5600|,-,-,-,-,-,-,-,-,-,compragamer_memorias,15.0,Memoria Timetec DDR5 16GB 5600MHz,Timetec,343250.0,True,https://compragamer.com/producto/Memoria_Timetec_DDR5_16GB_5600MHz_19049?cate=15,-,-
solo_compragamer,memorias,memorias|16GB|DDR5|5600|CL36,-,-,-,-,-,-,-,-,-,compragamer_memorias,15.0,Memoria Kingston DDR5 16GB 5600MHz Fury Beast Black RGB CL36,Kingston,399990.0,True,https://compragamer.com/producto/Memoria_Kingston_DDR5_16GB_5600MHz_Fury_Beast_Black_RGB_CL36_18822?cate=15,-,-
solo_compragamer,memorias,memorias|16GB|DDR5|5600|CL40,-,-,-,-,-,-,-,-,-,compragamer_memorias,15.0,Memoria Kingston DDR5 16GB 5600Mhz Fury Beast CL40 Black,Kingston,393490.0,True,https://compragamer.com/producto/Memoria_Kingston_DDR5_16GB_5600Mhz_Fury_Beast_CL40_Black_15467?cate=15,-,-
solo_compragamer,memorias,memorias|16GB|DDR5|6000|CL36,-,-,-,-,-,-,-,-,-,compragamer_memorias,15.0,Memoria Corsair DDR5 16GB 6000MHz Vengeance CL36 Black Intel XMP 3.0 / AMD EXPO,Corsair,399990.0,True,https://compragamer.com/producto/Memoria_Corsair_DDR5_16GB_6000MHz_Vengeance_CL36_Black_Intel_XMP_3_0_AMD_EXPO_19520?cate=15,-,-
solo_compragamer,memorias,memorias|16GB|DDR5|6400|CL32,-,-,-,-,-,-,-,-,-,compragamer_memorias,15.0,Memoria Team DDR5 16GB 6400MHz T-Force Delta RGB White CL32,Team,437340.0,True,https://compragamer.com/producto/Memoria_Team_DDR5_16GB_6400MHz_T_Force_Delta_RGB_White_CL32_19509?cate=15,-,-
solo_compragamer,memorias,memorias|16GB|DDR5|6400|CL32,-,-,-,-,-,-,-,-,-,compragamer_memorias,15.0,Memoria Team DDR5 16GB 6400MHz T-Force Vulcan Black CL32,Team,424740.0,True,https://compragamer.com/producto/Memoria_Team_DDR5_16GB_6400MHz_T_Force_Vulcan_Black_CL32_19511?cate=15,-,-
solo_compragamer,memorias,memorias|16GB|DDR5|6400|CL38,-,-,-,-,-,-,-,-,-,compragamer_memorias,15.0,Memoria Team DDR5 16GB 6400MHz T-Force Delta RGB White CL38,Team,425560.0,True,https://compragamer.com/producto/Memoria_Team_DDR5_16GB_6400MHz_T_Force_Delta_RGB_White_CL38_19510?cate=15,-,-
solo_compragamer,memorias,memorias|16GB|DDR5|6400|CL38,-,-,-,-,-,-,-,-,-,compragamer_memorias,15.0,Memoria Team DDR5 16GB 6400MHz T-Force Vulcan Black CL38,Team,418020.0,True,https://compragamer.com/producto/Memoria_Team_DDR5_16GB_6400MHz_T_Force_Vulcan_Black_CL38_19512?cate=15,-,-
solo_compragamer,memorias,memorias|32GB|DDR5|6000|CL30,-,-,-,-,-,-,-,-,-,compragamer_memorias,15.0,Memoria Team DDR5 32GB (2x16GB) 6000MHz T-Force Vulcan Black CL30 Intel XMP / AMD EXPO,Team,880240.0,True,https://compragamer.com/producto/Memoria_Team_DDR5_32GB_2x16GB_6000MHz_T_Force_Vulcan_Black_CL30_Intel_XMP_AMD_EXPO_17806?cate=15,-,-
solo_compragamer,memorias,memorias|32GB|DDR5|6000|CL30,-,-,-,-,-,-,-,-,-,compragamer_memorias,15.0,Memoria Kingston DDR5 32GB (2x16GB) 6000MHz Fury Black RGB CL30 AMD EXPO,Kingston,910100.0,True,https://compragamer.com/producto/Memoria_Kingston_DDR5_32GB_2x16GB_6000MHz_Fury_Black_RGB_CL30_AMD_EXPO_18728?cate=15,-,-
solo_compragamer,memorias,memorias|32GB|DDR5|6000|CL30,-,-,-,-,-,-,-,-,-,compragamer_memorias,15.0,Memoria KLEVV DDR5 32GB (2x16GB) 6000MHz FIT V CL30 IC Hynix,KLEVV,786410.0,True,https://compragamer.com/producto/Memoria_KLEVV_DDR5_32GB_2x16GB_6000MHz_FIT_V_CL30_IC_Hynix_20201?cate=15,-,-
solo_compragamer,memorias,memorias|32GB|DDR5|6000|CL30,-,-,-,-,-,-,-,-,-,compragamer_memorias,15.0,Memoria KLEVV DDR5 32GB (2x16GB) 6000MHz FIT V White CL30 IC Hynix,KLEVV,786410.0,True,https://compragamer.com/producto/Memoria_KLEVV_DDR5_32GB_2x16GB_6000MHz_FIT_V_White_CL30_IC_Hynix_20202?cate=15,-,-
solo_compragamer,memorias,memorias|32GB|DDR5|6000|CL36,-,-,-,-,-,-,-,-,-,compragamer_memorias,15.0,Memoria Kingston DDR5 32GB (2x16GB) 6000MHz Fury Black RGB CL36 AMD EXPO,Kingston,893300.0,True,https://compragamer.com/producto/Memoria_Kingston_DDR5_32GB_2x16GB_6000MHz_Fury_Black_RGB_CL36_AMD_EXPO_18725?cate=15,-,-
solo_compragamer,memorias,memorias|32GB|DDR5|6000|CL36,-,-,-,-,-,-,-,-,-,compragamer_memorias,15.0,Memoria Crucial PRO DDR5 32GB (2x16GB) 6000MHz CL36,Crucial,827620.0,True,https://compragamer.com/producto/Memoria_Crucial_PRO_DDR5_32GB_2x16GB_6000MHz_CL36_19527?cate=15,-,-
solo_compragamer,memorias,memorias|32GB|DDR5|6000|CL36,-,-,-,-,-,-,-,-,-,compragamer_memorias,15.0,Memoria Corsair DDR5 32GB (2x16GB) 6000MHz Vengeance RGB CL36 Black Intel XMP 3.0,Corsair,837010.0,True,https://compragamer.com/producto/Memoria_Corsair_DDR5_32GB_2x16GB_6000MHz_Vengeance_RGB_CL36_Black_Intel_XMP_3_0_20086?cate=15,-,-
solo_compragamer,memorias,memorias|32GB|DDR5|6000|CL38,-,-,-,-,-,-,-,-,-,compragamer_memorias,15.0,Memoria Corsair DDR5 32GB (2x16GB) 6000MHz Vengeance CL38 AMD EXPO/Intel XMP 3.0,Corsair,819990.0,True,https://compragamer.com/producto/Memoria_Corsair_DDR5_32GB_2x16GB_6000MHz_Vengeance_CL38_AMD_EXPO_Intel_XMP_3_0_19028?cate=15,-,-
solo_compragamer,memorias,memorias|32GB|DDR5|6400|CL32,-,-,-,-,-,-,-,-,-,compragamer_memorias,15.0,Memoria Crucial PRO DDR5 32GB (2x16GB) 6400MHz CL32,Crucial,846150.0,True,https://compragamer.com/producto/Memoria_Crucial_PRO_DDR5_32GB_2x16GB_6400MHz_CL32_20299?cate=15,-,-
solo_compragamer,memorias,memorias|32GB|DDR5|6400|CL38,-,-,-,-,-,-,-,-,-,compragamer_memorias,15.0,Memoria Crucial PRO DDR5 32GB (2x16GB) 6400MHz CL38,Crucial,849900.0,True,https://compragamer.com/producto/Memoria_Crucial_PRO_DDR5_32GB_2x16GB_6400MHz_CL38_20203?cate=15,-,-
solo_compragamer,memorias,memorias|64GB|DDR5|5600|CL40,-,-,-,-,-,-,-,-,-,compragamer_memorias,15.0,Memoria Kingston DDR5 64GB (2x32GB) 5600MHz Fury Beast Black RGB CL40,Kingston,1310600.0,True,https://compragamer.com/producto/Memoria_Kingston_DDR5_64GB_2x32GB_5600MHz_Fury_Beast_Black_RGB_CL40_20298?cate=15,-,-
solo_compragamer,memorias,memorias|64GB|DDR5|6000|CL40,-,-,-,-,-,-,-,-,-,compragamer_memorias,15.0,Memoria Corsair DDR5 64GB (2x32GB) 6000MHz Vengeance CL40 AMD EXPO/Intel XMP 3.0 Grey,Corsair,1618900.0,True,https://compragamer.com/producto/Memoria_Corsair_DDR5_64GB_2x32GB_6000MHz_Vengeance_CL40_AMD_EXPO_Intel_XMP_3_0_Grey_19029?cate=15,-,-
solo_compragamer,memorias,memorias|8GB|DDR4|2666|CL19,-,-,-,-,-,-,-,-,-,compragamer_memorias,15.0,Memoria Crucial DDR4 8GB 2666MHz CL19,Crucial,122550.0,True,https://compragamer.com/producto/Memoria_Crucial_DDR4_8GB_2666MHz_CL19_19526?cate=15,-,-
solo_compragamer,memorias,memorias|8GB|DDR4|2666|CL22,-,-,-,-,-,-,-,-,-,compragamer_memorias,15.0,Memoria KingDian DDR4 8GB 2666MHz CL22,KingDian,88380.0,True,https://compragamer.com/producto/Memoria_KingDian_DDR4_8GB_2666MHz_CL22_19016?cate=15,-,-
solo_compragamer,memorias,memorias|8GB|DDR4|3200|CL19,-,-,-,-,-,-,-,-,-,compragamer_memorias,15.0,Memoria Mancer DDR4 8GB 3200MHz Astrion Black CL19 BULK,Mancer,115600.0,True,https://compragamer.com/producto/Memoria_Mancer_DDR4_8GB_3200MHz_Astrion_Black_CL19_BULK_20242?cate=15,-,-
solo_compragamer,memorias,memorias|8GB|DDR5|5200|CL40,-,-,-,-,-,-,-,-,-,compragamer_memorias,15.0,Memoria Kingston DDR5 8GB 5200MHz Fury Beast CL40,Kingston,219900.0,True,https://compragamer.com/producto/Memoria_Kingston_DDR5_8GB_5200MHz_Fury_Beast_CL40_20215?cate=15,-,-
solo_compragamer,memorias,memorias|8GB|DDR5|5600|CL46,-,-,-,-,-,-,-,-,-,compragamer_memorias,15.0,Memoria Kingston DDR5 8GB 5600MHz CL46 KVR,Kingston,212640.0,True,https://compragamer.com/producto/Memoria_Kingston_DDR5_8GB_5600MHz_CL46_KVR_20200?cate=15,-,-
solo_distribuidor,memorias,memorias|16GB|DDR4|3200|,-,MEMORIAS,118295,AD4S320016G22-SGN,MEMORIA ADATA SODIMM DDR4 16GB 3200 G22 SGN,ADATA,ADATA,231655.68,10.0,-,-,-,-,-,-,-,-,-
solo_distribuidor,memorias,memorias|16GB|DDR4|3200|,-,MEMORIAS,117832,AD4U320016G22-SGN,MEMORIA ADATA DDR4 16GB 3200 G22 SGN,ADATA,ADATA,231843.06,10.0,-,-,-,-,-,-,-,-,-
solo_distribuidor,memorias,memorias|16GB|DDR4|3200|,-,MEMORIAS,118301,AX4U320016G16A-SBKD35,MEMORIA XPG 16GB 16A DDR4 3200 D35,ADATA,ADATA,238053.54,1.0,-,-,-,-,-,-,-,-,-
solo_distribuidor,memorias,memorias|16GB|DDR4|3200|,-,MEMORIAS,119127,AX4U320016G16A-SBKD35G,MEMORIA XPG 16GB 18I DDR4 3200 RGB,ADATA,ADATA,247948.33,10.0,-,-,-,-,-,-,-,-,-
solo_distribuidor,memorias,memorias|16GB|DDR4|3200|CL18,-,MEMORIAS,116344,PVE2416G320C8,MEMORIA PATRIOT DDR4 VIPER ELITE 2 16GB 3200 MHZ CL18 RED/BLK PE000829,PATRIOT                                           ,PATRIOT,268566.78,10.0,-,-,-,-,-,-,-,-,-
solo_distribuidor,memorias,memorias|16GB|DDR5|6000|CL38,-,MEMORIAS,121156,NTSWD5P60SP-16W,MEMORIA NETAC SHADOW II DDR5 6000 16GB C38 WHITE,NETAC ,NETAC,367056.42,10.0,-,-,-,-,-,-,-,-,-
solo_distribuidor,memorias,memorias|16GB|DDR5|6000|CL38,-,MEMORIAS,121155,NTSWD5P60SP-16K,MEMORIA NETAC SHADOW II DDR5 6000 16GB C38 BLACK,NETAC ,NETAC,367056.42,10.0,-,-,-,-,-,-,-,-,-
solo_distribuidor,memorias,memorias|16GB|DDR5|6000|CL38,-,MEMORIAS,122621,NTSHD5P60SP-16KC,MEMORIA NETAC SHADOW III DDR5 6000 16GB C38 BLACK,NETAC ,NETAC,366122.99,10.0,-,-,-,-,-,-,-,-,-
solo_distribuidor,memorias,memorias|16GB|DDR5|6000|CL48,-,MEMORIAS,121573,AX5U6000C4816G-SLABRBK,MEMORIA XPG DDR5 RGB 16GB C48 6000 BLACK,ADATA,ADATA,384332.11,4.0,-,-,-,-,-,-,-,-,-
solo_distribuidor,memorias,memorias|32GB|DDR4|3200|,-,MEMORIAS,117831,AD4S320032G22-SGN,MEMORIA ADATA SODIMM DDR4 32GB 3200 G22 SGN,ADATA,ADATA,501437.76,10.0,-,-,-,-,-,-,-,-,-
solo_distribuidor,memorias,memorias|32GB|DDR5|6000|CL42,-,MEMORIAS,118928,PVER532G60C42W,MEMORIA PATRIOT DDR5 VIPER ELITE 5 32GB 6000 MHZ RGB CL42 WHITE SINGLE PE000940,PATRIOT                                           ,PATRIOT,789550.67,10.0,-,-,-,-,-,-,-,-,-
solo_distribuidor,memorias,memorias|32GB|DDR5||CL32,-,MEMORIAS,120637,PVX532G70C32K,MEMORIA PATRIOT VIPER XTREME 5 DDR5 32GB 7000MT/S CL32 BLK HS DUAL KIT PE001039,PATRIOT                                           ,PATRIOT,1335014.31,10.0,-,-,-,-,-,-,-,-,-
solo_distribuidor,memorias,memorias|32GB|DDR5||CL36,-,MEMORIAS,121677,VEUR532G6036K,MEMORIA PATRIOT DDR5 VIPER ELITE 5 ULTRA RGB DDR5 32GB CL36 BLACK HS KIT PE001162,PATRIOT                                           ,PATRIOT,976088.62,7.0,-,-,-,-,-,-,-,-,-
solo_distribuidor,memorias,memorias|8GB|DDR4|3200|CL16,-,MEMORIAS,122625,NTSHD4P32SP-08W,MEMORIA NETAC SHADOW III DDR4 3200 8GB C16 WHITE,NETAC ,NETAC,119949.89,10.0,-,-,-,-,-,-,-,-,-
solo_distribuidor,memorias,memorias|8GB|DDR4|3200|CL16,-,MEMORIAS,116370,NTSDD4P32SP-08R,MEMORIA NETAC SHADOW DDR4 3200 8GB C16 RED,NETAC ,NETAC,124356.01,4.0,-,-,-,-,-,-,-,-,-
solo_distribuidor,memorias,memorias|8GB|DDR4|3200|CL16,-,MEMORIAS,116373,NTSDD4P32SP-08B,MEMORIA NETAC SHADOW DDR4 3200 8GB C16 BLUE,NETAC ,NETAC,124356.01,5.0,-,-,-,-,-,-,-,-,-
solo_distribuidor,memorias,memorias|8GB|DDR4|3200|CL16,-,MEMORIAS,116376,NTSDD4P32SP-08Y,MEMORIA NETAC SHADOW DDR4 3200 8GB C16 GOLD YELLOW,NETAC ,NETAC,124356.01,4.0,-,-,-,-,-,-,-,-,-
solo_distribuidor,memorias,memorias|8GB|DDR4|3200|CL16,-,MEMORIAS,116794,NTBSD4P32SP-08,MEMORIA NETAC BASIC DDR4 DIMM 8GB 3200 C16,NETAC ,NETAC,121513.18,4.0,-,-,-,-,-,-,-,-,-
solo_distribuidor,memorias,memorias|8GB|DDR4|3200|CL18,-,MEMORIAS,116345,PVE248G320C8,MEMORIA PATRIOT DDR4 VIPER ELITE 2 8GB 3200 MHZ CL18 RED/BLK PE000830,PATRIOT                                           ,PATRIOT,134244.34,2.0,-,-,-,-,-,-,-,-,-
solo_distribuidor,memorias,memorias||DDR4|3200|,-,MEMORIAS,117957,PSD416G32002S,MEMORIA PATRIOT SIGNATURE LINE SODIMM DDR4 16 GB 3200 MHZ PS001570,PATRIOT                                           ,PATRIOT,220554.89,10.0,-,-,-,-,-,-,-,-,-
solo_distribuidor,memorias,memorias||DDR4|3600|,-,MEMORIAS,104291,F4-3600C18D-16GTRG,MEMORIA GSKILL TRIDENT Z ROYAL DDR4 16 GB 3600 RGB GOLD 2X8 1.35,G.SKILL                                           ,GSKILL,321859.33,10.0,-,-,-,-,-,-,-,-,-
solo_compragamer,monitores,monitores|ACER|23|180HZ|NITRO|23|KG241Y|FHD|VA|180HZ,-,-,-,-,-,-,-,-,-,compragamer_monitores,5.0,"Monitor Gamer Acer Nitro 23.8"" KG241Y FHD VA 180Hz 1ms AMD FreeSync Premium",Acer,242350.0,True,https://compragamer.com/producto/Monitor_Gamer_Acer_Nitro_23_8_KG241Y_FHD_VA_180Hz_1ms_AMD_FreeSync_Premium_15869?cate=5,-,-
solo_compragamer,monitores,monitores|ACER|23|200HZ|NITRO|KG241Y|X1BIIP|23|FHD|IPS,-,-,-,-,-,-,-,-,-,compragamer_monitores,5.0,"Monitor Gamer Acer Nitro KG241Y X1biip 23.8"" FHD IPS 200Hz Freesync",Acer,237050.0,True,https://compragamer.com/producto/Monitor_Gamer_Acer_Nitro_KG241Y_X1biip_23_8_FHD_IPS_200Hz_Freesync_17817?cate=5,-,-
solo_compragamer,monitores,monitores|ACER|27|160HZ|NITRO|XV273K|V3|27|4K|UHD,-,-,-,-,-,-,-,-,-,compragamer_monitores,5.0,"Monitor Gamer Acer Nitro XV273K V3 27"" 4K UHD IPS 160Hz 0.5ms AMD Freesync Premium Speakers",Acer,873800.0,True,https://compragamer.com/producto/Monitor_Gamer_Acer_Nitro_XV273K_V3_27_4K_UHD_IPS_160Hz_0_5ms_AMD_Freesync_Premium_Speakers_16904?cate=5,-,-
solo_compragamer,monitores,monitores|ACER|27|180HZ|NITRO|27|KG271|M3|FHD|IPS,-,-,-,-,-,-,-,-,-,compragamer_monitores,5.0,"Monitor Gamer Acer Nitro 27"" KG271 M3 FHD IPS 180Hz 0.5ms AMD FreeSync Premium",Acer,272500.0,True,https://compragamer.com/producto/Monitor_Gamer_Acer_Nitro_27_KG271_M3_FHD_IPS_180Hz_0_5ms_AMD_FreeSync_Premium_15870?cate=5,-,-
solo_compragamer,monitores,monitores|ACER|27|180HZ|NITRO|KG271U|N3BIIP|27|QHD|IPS,-,-,-,-,-,-,-,-,-,compragamer_monitores,5.0,"Monitor Gamer Acer Nitro KG271U N3biip 27"" QHD IPS 180Hz 0.5ms AMD FreeSync",Acer,380000.0,True,https://compragamer.com/producto/Monitor_Gamer_Acer_Nitro_KG271U_N3biip_27_QHD_IPS_180Hz_0_5ms_AMD_FreeSync_17819?cate=5,-,-
solo_compragamer,monitores,monitores|ACER|27|200HZ|NITRO|KG271|X1BIIP|27|FHD|IPS,-,-,-,-,-,-,-,-,-,compragamer_monitores,5.0,"Monitor Gamer Acer Nitro KG271 X1biip 27"" FHD IPS 200Hz Freesync",Acer,283550.0,True,https://compragamer.com/producto/Monitor_Gamer_Acer_Nitro_KG271_X1biip_27_FHD_IPS_200Hz_Freesync_17818?cate=5,-,-
solo_compragamer,monitores,monitores|ACER|34|200HZ|NITRO|ED340CUR|34|WQHD|1440P|VA,-,-,-,-,-,-,-,-,-,compragamer_monitores,5.0,"Monitor Gamer Acer Nitro ED340CUR 34"" WQHD 1440p VA 200Hz 1ms Freesync",Acer,730500.0,True,https://compragamer.com/producto/Monitor_Gamer_Acer_Nitro_ED340CUR_34_WQHD_1440p_VA_200Hz_1ms_Freesync_17821?cate=5,-,-
solo_compragamer,monitores,monitores|ASROCK|24|120HZ|CHALLENGER|CL25FFA|24|IPS|FHD|120HZ,-,-,-,-,-,-,-,-,-,compragamer_monitores,5.0,"Monitor Gamer AsRock Challenger CL25FFA 24.5"" IPS FHD 120Hz Flicker Free Technology",Asrock,171550.0,True,https://compragamer.com/producto/Monitor_Gamer_AsRock_Challenger_CL25FFA_24_5_IPS_FHD_120Hz_Flicker_Free_Technology_18178?cate=5,-,-
solo_compragamer,monitores,monitores|ASROCK|27|120HZ|CHALLENGER|CL27FFA|27|IPS|FHD|120HZ,-,-,-,-,-,-,-,-,-,compragamer_monitores,5.0,"Monitor Gamer AsRock Challenger CL27FFA 27"" IPS FHD 120Hz Flicker Free Technology",Asrock,193300.0,True,https://compragamer.com/producto/Monitor_Gamer_AsRock_Challenger_CL27FFA_27_IPS_FHD_120Hz_Flicker_Free_Technology_18179?cate=5,-,-
solo_compragamer,monitores,monitores|ASROCK|27|180HZ|PHANTOM|PG27FFT1A|27|FHD|IPS|180HZ,-,-,-,-,-,-,-,-,-,compragamer_monitores,5.0,"Monitor Gamer AsRock Phantom PG27FFT1A 27"" FHD IPS 180Hz FreeSync",Asrock,260600.0,True,https://compragamer.com/producto/Monitor_Gamer_AsRock_Phantom_PG27FFT1A_27_FHD_IPS_180Hz_FreeSync_18136?cate=5,-,-
solo_compragamer,monitores,monitores|ASROCK|31|165HZ|PHANTOM|PG32QF2B|31|VA|QHD|1440P,-,-,-,-,-,-,-,-,-,compragamer_monitores,5.0,"Monitor Gamer AsRock Phantom PG32QF2B 31.5"" VA QHD 1440p 165Hz FreeSync Antena WiFi Integrada",Asrock,579450.0,True,https://compragamer.com/producto/Monitor_Gamer_AsRock_Phantom_PG32QF2B_31_5_VA_QHD_1440p_165Hz_FreeSync_Antena_WiFi_Integrada_16243?cate=5,-,-
solo_compragamer,monitores,monitores|ASUS|22|100HZ|VY229HF|22|FHD|IPS|100HZ,-,-,-,-,-,-,-,-,-,compragamer_monitores,5.0,"Monitor Gamer ASUS VY229HF-J 22"" FHD IPS 100Hz",Asus,151800.0,True,https://compragamer.com/producto/Monitor_Gamer_ASUS_VY229HF_J_22_FHD_IPS_100Hz_16497?cate=5,-,-
solo_compragamer,monitores,monitores|ASUS|24|180HZ|TUF|VG249QL3A|24|FHD|IPS|180HZ,-,-,-,-,-,-,-,-,-,compragamer_monitores,5.0,"Monitor Gamer ASUS TUF VG249QL3A-J 24"" FHD IPS 180Hz Freesync Premium G-SYNC Compatible",Asus,254050.0,True,https://compragamer.com/producto/Monitor_Gamer_ASUS_TUF_VG249QL3A_J_24_FHD_IPS_180Hz_Freesync_Premium_G_SYNC_Compatible_16500?cate=5,-,-
solo_compragamer,monitores,monitores|ASUS|27|160HZ|ROG|STRIX|XG27UCS|27|4K|UHD,-,-,-,-,-,-,-,-,-,compragamer_monitores,5.0,"Monitor Gamer ASUS ROG Strix XG27UCS-J 27"" 4K UHD Fast IPS 160Hz AMD FreeSync Premium G-SYNC Compatible",Asus,790500.0,True,https://compragamer.com/producto/Monitor_Gamer_ASUS_ROG_Strix_XG27UCS_J_27_4K_UHD_Fast_IPS_160Hz_AMD_FreeSync_Premium_G_SYNC_Compatible_18452?cate=5,-,-
solo_compragamer,monitores,monitores|ASUS|27|180HZ|TUF|VG279Q3A|27|FHD|IPS|180HZ,-,-,-,-,-,-,-,-,-,compragamer_monitores,5.0,"Monitor Gamer ASUS TUF VG279Q3A-J 27"" FHD IPS 180Hz Freesync Premium G-SYNC Compatible",Asus,319150.0,True,https://compragamer.com/producto/Monitor_Gamer_ASUS_TUF_VG279Q3A_J_27_FHD_IPS_180Hz_Freesync_Premium_G_SYNC_Compatible_16501?cate=5,-,-
solo_compragamer,monitores,monitores|ASUS|32|240HZ|ROG|SWIFT|OLED|PG32UCDP|32|4K,-,-,-,-,-,-,-,-,-,compragamer_monitores,5.0,"Monitor Gamer ASUS ROG Swift OLED PG32UCDP-J 32"" 4K UHD 240Hz y Full HD 480Hz AMD FreeSync Premium Pro G-SYNC Compatible",Asus,2530850.0,True,https://compragamer.com/producto/Monitor_Gamer_ASUS_ROG_Swift_OLED_PG32UCDP_J_32_4K_UHD_240Hz_y_Full_HD_480Hz_AMD_FreeSync_Premium_Pro_G_SYNC_Compatible_19066?cate=5,-,-
solo_compragamer,monitores,monitores|ASUS|32|60HZ|PROART|DISPLAY|PA329CV|32|UHD|4K,-,-,-,-,-,-,-,-,-,compragamer_monitores,5.0,"Monitor ASUS ProArt Display PA329CV-J 32"" UHD 4K IPS 60Hz 100% sRGB / Rec.709 ΔE<2",Asus,1265950.0,True,https://compragamer.com/producto/Monitor_ASUS_ProArt_Display_PA329CV_J_32_UHD_4K_IPS_60Hz_100_sRGB_Rec_709_E_2_19065?cate=5,-,-
solo_compragamer,monitores,monitores|ASUS|34|180HZ|TUF|VG34VQL3A|34|CURVO|1500R|WQHD,-,-,-,-,-,-,-,-,-,compragamer_monitores,5.0,"Monitor Gamer ASUS TUF VG34VQL3A-J 34"" Curvo 1500R WQHD VA 180Hz AMD Freesync Premium Pro",Asus,769300.0,True,https://compragamer.com/producto/Monitor_Gamer_ASUS_TUF_VG34VQL3A_J_34_Curvo_1500R_WQHD_VA_180Hz_AMD_Freesync_Premium_Pro_18453?cate=5,-,-
solo_compragamer,monitores,monitores|GIGABYTE|24|144HZ|GS25F14|24|FHD|SS|IPS|144HZ,-,-,-,-,-,-,-,-,-,compragamer_monitores,5.0,"Monitor Gamer Gigabyte GS25F14 24.5"" FHD SS IPS 144Hz 1ms Adaptive-Sync",Gigabyte,177800.0,True,https://compragamer.com/producto/Monitor_Gamer_Gigabyte_GS25F14_24_5_FHD_SS_IPS_144Hz_1ms_Adaptive_Sync_20167?cate=5,-,-
solo_compragamer,monitores,monitores|GIGABYTE|31|165HZ|GS32Q|31|QHD|IPS|165HZ|OC,-,-,-,-,-,-,-,-,-,compragamer_monitores,5.0,"Monitor Gamer Gigabyte GS32Q 31.5"" QHD IPS 165Hz (OC 170HZ) 1ms FreeSync Premium",Gigabyte,587950.0,True,https://compragamer.com/producto/Monitor_Gamer_Gigabyte_GS32Q_31_5_QHD_IPS_165Hz_OC_170HZ_1ms_FreeSync_Premium_17216?cate=5,-,-
solo_compragamer,monitores,monitores|GIGABYTE|31|180HZ|GS32QCA|31|CURVO|1500R|QHD|VA,-,-,-,-,-,-,-,-,-,compragamer_monitores,5.0,"Monitor Gamer Gigabyte GS32QCA 31.5"" Curvo 1500R QHD VA 180Hz 1ms FreeSync",Gigabyte,560700.0,True,https://compragamer.com/producto/Monitor_Gamer_Gigabyte_GS32QCA_31_5_Curvo_1500R_QHD_VA_180Hz_1ms_FreeSync_20169?cate=5,-,-
solo_compragamer,monitores,monitores|GIGABYTE|34|120HZ|GS34WQC|34|CURVO|1500R|WQHD|VA,-,-,-,-,-,-,-,-,-,compragamer_monitores,5.0,"Monitor Gamer Gigabyte GS34WQC 34"" Curvo 1500R WQHD VA 120Hz (OC 135HZ) 1ms FreeSync Premium -",Gigabyte,689200.0,True,https://compragamer.com/producto/Monitor_Gamer_Gigabyte_GS34WQC_34_Curvo_1500R_WQHD_VA_120Hz_OC_135HZ_1ms_FreeSync_Premium_20170?cate=5,-,-
solo_compragamer,monitores,monitores|GIGABYTE|34|240HZ|MO34WQC2|34|CURVO|1800R|WQHD|QD,-,-,-,-,-,-,-,-,-,compragamer_monitores,5.0,"Monitor Gamer Gigabyte MO34WQC2 34"" Curvo 1800R WQHD QD-OLED 240Hz 0.03ms FreeSync Premium Pro KVM",Gigabyte,2382050.0,True,https://compragamer.com/producto/Monitor_Gamer_Gigabyte_MO34WQC2_34_Curvo_1800R_WQHD_QD_OLED_240Hz_0_03ms_FreeSync_Premium_Pro_KVM_20172?cate=5,-,-
solo_compragamer,monitores,monitores|KTC|27|180HZ|27GR951|27|FHD|FAST|IPS|180HZ,-,-,-,-,-,-,-,-,-,compragamer_monitores,5.0,"Monitor Gamer KTC 27GR951 27"" FHD Fast IPS 180Hz  FreeSync Premium G-SYNC Compatible",KTC,228350.0,True,https://compragamer.com/producto/Monitor_Gamer_KTC_27GR951_27_FHD_Fast_IPS_180Hz_FreeSync_Premium_G_SYNC_Compatible_17253?cate=5,-,-
solo_compragamer,monitores,monitores|KTC|27|180HZ|27SG850|27|CURVO|1500R|QHD|1440P,-,-,-,-,-,-,-,-,-,compragamer_monitores,5.0,"Monitor Gamer KTC 27SG850 27"" Curvo 1500R QHD 1440p HVA 180Hz Freesync Premium G-Sync Compatible",KTC,303050.0,True,https://compragamer.com/producto/Monitor_Gamer_KTC_27SG850_27_Curvo_1500R_QHD_1440p_HVA_180Hz_Freesync_Premium_G_Sync_Compatible_17255?cate=5,-,-
solo_compragamer,monitores,monitores|LG|24|75HZ|24BR550Y|24|IPS|FHD|75HZ|PARLANTES,-,-,-,-,-,-,-,-,-,compragamer_monitores,5.0,"Monitor LG 24BR550Y 24"" IPS FHD 75Hz parlantes integrados",LG,443200.0,True,https://compragamer.com/producto/Monitor_LG_24BR550Y_24_IPS_FHD_75Hz_parlantes_integrados_17340?cate=5,-,-
solo_compragamer,monitores,monitores|SAMSUNG|24|100HZ|S3|S30GD|24|FHD|IPS|100HZ,-,-,-,-,-,-,-,-,-,compragamer_monitores,5.0,"Monitor Gamer SAMSUNG S3 S30GD 24"" FHD IPS 100Hz LS24D300GALXZB",Samsung,154700.0,True,https://compragamer.com/producto/Monitor_Gamer_SAMSUNG_S3_S30GD_24_FHD_IPS_100Hz_LS24D300GALXZB_20104?cate=5,-,-
solo_compragamer,monitores,monitores|SAMSUNG|27|165HZ|ODYSSEY|3D|GLASSES|FREE|G9|G90XF,-,-,-,-,-,-,-,-,-,compragamer_monitores,5.0,"Monitor Gamer Samsung Odyssey 3D Glasses-Free G9 G90XF 27"" UHD 4K Fast IPS 165Hz 1ms G-SYNC AMD FreeSync Premium",Samsung,2635400.0,True,https://compragamer.com/producto/Monitor_Gamer_Samsung_Odyssey_3D_Glasses_Free_G9_G90XF_27_UHD_4K_Fast_IPS_165Hz_1ms_G_SYNC_AMD_FreeSync_Premium_18699?cate=5,-,-
solo_compragamer,monitores,monitores|SAMSUNG|27|180HZ|ODYSSEY|G3|G30D|27|VA|FHD,-,-,-,-,-,-,-,-,-,compragamer_monitores,5.0,"Monitor Gamer Samsung Odyssey G3 G30D 27"" VA FHD 180Hz LS27DG300ELXZB",Samsung,324200.0,True,https://compragamer.com/producto/Monitor_Gamer_Samsung_Odyssey_G3_G30D_27_VA_FHD_180Hz_LS27DG300ELXZB_19214?cate=5,-,-
solo_compragamer,monitores,monitores|SAMSUNG|27|180HZ|ODYSSEY|G5|G50SF|27|QD|OLED,-,-,-,-,-,-,-,-,-,compragamer_monitores,5.0,"Monitor Gamer Samsung Odyssey G5 G50SF 27"" QD-OLED QHD 1440p 180Hz 0.03ms G-SYNC FreeSync Premium",Samsung,969900.0,True,https://compragamer.com/producto/Monitor_Gamer_Samsung_Odyssey_G5_G50SF_27_QD_OLED_QHD_1440p_180Hz_0_03ms_G_SYNC_FreeSync_Premium_18702?cate=5,-,-
solo_compragamer,monitores,monitores|SAMSUNG|27|240HZ|ODYSSEY|G4|27|FHD|1080P|IPS,-,-,-,-,-,-,-,-,-,compragamer_monitores,5.0,"Monitor Gamer Samsung Odyssey G4 27"" FHD 1080p IPS 240Hz 1ms G-SYNC FreeSync Premium",Samsung,414050.0,True,https://compragamer.com/producto/Monitor_Gamer_Samsung_Odyssey_G4_27_FHD_1080p_IPS_240Hz_1ms_G_SYNC_FreeSync_Premium_18698?cate=5,-,-
solo_compragamer,monitores,monitores|SAMSUNG|27|240HZ|ODYSSEY|G8|G81SF|27|UHD|4K,-,-,-,-,-,-,-,-,-,compragamer_monitores,5.0,"Monitor Gamer Samsung Odyssey G8 G81SF 27"" UHD 4K QD-OLED 240Hz 0,03ms G-SYNC AMD FreeSync Premium Pro",Samsung,1973900.0,True,https://compragamer.com/producto/Monitor_Gamer_Samsung_Odyssey_G8_G81SF_27_UHD_4K_QD_OLED_240Hz_0_03ms_G_SYNC_AMD_FreeSync_Premium_Pro_18695?cate=5,-,-
solo_compragamer,monitores,monitores|SAMSUNG|27|300HZ|ODYSSEY|G4|27|FHD|1080P|IPS,-,-,-,-,-,-,-,-,-,compragamer_monitores,5.0,"Monitor Gamer Samsung Odyssey G4 27"" FHD 1080p IPS 300Hz 1ms G-SYNC FreeSync Premium",Samsung,386600.0,True,https://compragamer.com/producto/Monitor_Gamer_Samsung_Odyssey_G4_27_FHD_1080p_IPS_300Hz_1ms_G_SYNC_FreeSync_Premium_20106?cate=5,-,-
solo_compragamer,monitores,monitores|VIEWSONIC|24|180HZ|VX2428A|24|FHD|IPS|180HZ|FREESYNC,-,-,-,-,-,-,-,-,-,compragamer_monitores,5.0,"Monitor Gamer ViewSonic VX2428A 24"" FHD IPS 180Hz FreeSync Premium",Viewsonic,226350.0,True,https://compragamer.com/producto/Monitor_Gamer_ViewSonic_VX2428A_24_FHD_IPS_180Hz_FreeSync_Premium_15831?cate=5,-,-
solo_compragamer,monitores,monitores|VIEWSONIC|24|200HZ|VX2429|24|1080P|IPS|200HZ|FREESYNC,-,-,-,-,-,-,-,-,-,compragamer_monitores,5.0,"Monitor Gamer ViewSonic VX2429 24"" 1080p IPS 200Hz FreeSync Premium",Viewsonic,216900.0,True,https://compragamer.com/producto/Monitor_Gamer_ViewSonic_VX2429_24_1080p_IPS_200Hz_FreeSync_Premium_18328?cate=5,-,-
solo_compragamer,monitores,monitores|VIEWSONIC|27|180HZ|VX2718|2KPC|MHD|27|CURVO|QHD,-,-,-,-,-,-,-,-,-,compragamer_monitores,5.0,"Monitor Gamer ViewSonic VX2718-2KPC-MHD 27"" Curvo QHD 1440p VA 180Hz 1500R FreeSync Premium Pro Parlantes Internos",Viewsonic,381250.0,True,https://compragamer.com/producto/Monitor_Gamer_ViewSonic_VX2718_2KPC_MHD_27_Curvo_QHD_1440p_VA_180Hz_1500R_FreeSync_Premium_Pro_Parlantes_Internos_18330?cate=5,-,-
solo_compragamer,monitores,monitores|VIEWSONIC|27|200HZ|VX2729|27|1080P|IPS|200HZ|FREESYNC,-,-,-,-,-,-,-,-,-,compragamer_monitores,5.0,"Monitor Gamer ViewSonic VX2729 27"" 1080p IPS 200Hz FreeSync Premium",Viewsonic,259150.0,True,https://compragamer.com/producto/Monitor_Gamer_ViewSonic_VX2729_27_1080p_IPS_200Hz_FreeSync_Premium_18329?cate=5,-,-
solo_compragamer,monitores,monitores|VIEWSONIC|32|180HZ|VX3218C|2K|32|CURVO|1500R|QHD,-,-,-,-,-,-,-,-,-,compragamer_monitores,5.0,"Monitor Gamer ViewSonic VX3218C-2K 32"" Curvo 1500R QHD 1440p VA 180Hz 1ms MPRT FreeSync Premium",Viewsonic,521300.0,True,https://compragamer.com/producto/Monitor_Gamer_ViewSonic_VX3218C_2K_32_Curvo_1500R_QHD_1440p_VA_180Hz_1ms_MPRT_FreeSync_Premium_16213?cate=5,-,-
solo_distribuidor,monitores,monitores|AOC|24||24|24G42E,-,MONITORES,120314,24G42E,AOC MONITOR LED 24 24G42E,AOC,AOC,326835.76,5.0,-,-,-,-,-,-,-,-,-
solo_distribuidor,monitores,monitores|AOC|24||PLANO|24|2490VX,-,MONITORES,117749,G2490VX,AOC MONITOR LED PLANO GAMER 24 2490VX,AOC,AOC,393430.07,1.0,-,-,-,-,-,-,-,-,-
solo_distribuidor,monitores,monitores|AOC|27||PLANO|27|2790VX,-,MONITORES,117748,G2790VX,AOC MONITOR LED PLANO GAMER 27 2790VX,AOC,AOC,452601.38,5.0,-,-,-,-,-,-,-,-,-
solo_distribuidor,monitores,monitores|ASUS|27|180HZ|27|AS|VG279Q3A|FHD|IPS|180HZ,-,MONITORES,119804,VG279Q3A-J,MONITOR 27 ASUS AS VG279Q3A GAMING FHD IPS 180Hz 1ms,ASUS,ASUS,253693.99,5.0,-,-,-,-,-,-,-,-,-
solo_distribuidor,monitores,monitores|ASUS|27|180HZ|27|VG27AQL3A|QHD|180HZ|FAST|IPS,-,MONITORES,120416,VG27AQL3A-J,MONITOR 27 ASUS VG27AQL3A QHD 180HZ FAST IPS,ASUS,ASUS,382734.34,3.0,-,-,-,-,-,-,-,-,-
solo_distribuidor,monitores,monitores|ASUS|||ROG|STRIX|OLED|XG27AQDMG,-,MONITORES,122783,XG27AQDMG-J,Monitor gaming ROG Strix OLED XG27AQDMG,ASUS,ASUS,1046379.73,5.0,-,-,-,-,-,-,-,-,-
solo_distribuidor,monitores,monitores|BENQ|24|100HZ|24|GW2491|FHD|IPS|100HZ,-,MONITORES,120753,9H.LNELJ.LBL,MONITOR 24 BENQ GW2491 BLACK FHD IPS 100hz,BENQ,BENQ,141165.99,5.0,-,-,-,-,-,-,-,-,-
solo_distribuidor,monitores,monitores|BENQ|27|100HZ|27|GW2791|FHD|IPS|100HZ,-,MONITORES,120752,9H.LNFLJ.LBL,MONITOR 27 BENQ GW2791 FHD IPS 100hz,BENQ,BENQ,189135.22,5.0,-,-,-,-,-,-,-,-,-
solo_distribuidor,monitores,monitores|BENQ|27||27|GW2780|IPS|FHD|5MS|ALTAVOZ,-,MONITORES,116291,9H.LGELA.TPR,MONITOR 27 BENQ GW2780 LED IPS FHD 5ms Altavoz integrado,BENQ,BENQ,190454.52,5.0,-,-,-,-,-,-,-,-,-
solo_distribuidor,monitores,monitores|DAIHATSU|19||19|LM1900|HD,-,MONITORES,121163,LM1900,MONITOR DAIHATSU LED 19 LM1900 HD HDMI VGA BLACK,Daihatsu,DAIHATSU,106753.11,1.0,-,-,-,-,-,-,-,-,-
solo_distribuidor,monitores,monitores|DELL|22||22|P2222H|DP,-,MONITORES,118373,P2222H,MONITOR DELL LED 22 P2222H HDMI DP VGA USB,DELL                                              ,DELL,407550.04,5.0,-,-,-,-,-,-,-,-,-
solo_distribuidor,monitores,monitores|GIGABYTE|24|200HZ|24|GS25F2|200HZ,-,MONITORES,120360,GS25F2 SA,MONITOR GAMER GIGABYTE 24.5 GS25F2 200hz,GIGABYTE                                          ,GIGABYTE,194232.17,5.0,-,-,-,-,-,-,-,-,-
solo_distribuidor,monitores,monitores|GIGABYTE|26||26|OLED|MO27Q28G|SA,-,MONITORES,122603,MO27Q28G SA,MONITOR GAMER GIGABYTE 26.5 OLED MO27Q28G-SA,GIGABYTE                                          ,GIGABYTE,1238665.6,5.0,-,-,-,-,-,-,-,-,-
solo_distribuidor,monitores,monitores|GIGABYTE|27||27|GS27FA|SA,-,MONITORES,119448,GS27FA SA,MONITOR GAMER GIGABYTE 27 GS27FA-SA,GIGABYTE                                          ,GIGABYTE,235375.66,5.0,-,-,-,-,-,-,-,-,-
solo_distribuidor,monitores,monitores|HP|22||S3|22|FHD,-,MONITORES,121119,AK2F1UT,MONITOR HP S3 PRO 22 FHD,HP                                                ,HP,166418.84,5.0,-,-,-,-,-,-,-,-,-
solo_distribuidor,monitores,monitores|LG|19||19|HD|20U401A,-,MONITORES,120825,20U401A-B,"MONITOR LG LED 19,5 HDMI HD 20U401A-B",LG                                                ,LG,151744.56,5.0,-,-,-,-,-,-,-,-,-
solo_distribuidor,monitores,monitores|LG|24||24|BORDERLESS|24MS500,-,MONITORES,6451,24MS500,MONITOR LG LED 24 BORDERLESS 24MS500,LG                                                ,LG,203159.99,5.0,-,-,-,-,-,-,-,-,-
solo_distribuidor,monitores,monitores|NOBLEX|22||22|FHD|VA|ANTIRREFLEJO|ADAPTATIVE|SM2200,-,MONITORES,120226,NXSM2200,MONITOR NOBLEX 22 FHD VA ANTIRREFLEJO ADAPTATIVE SM2200,NOBLEX,NOBLEX,147324.28,1.0,-,-,-,-,-,-,-,-,-
solo_distribuidor,monitores,monitores|NOBLEX|27||27|FHD|ANTIGLARE|NXSM2700,-,MONITORES,119987,NXSM2700,MONITOR NOBLEX 27 FHD ANTIGLARE NXSM2700,NOBLEX,NOBLEX,188566.69,5.0,-,-,-,-,-,-,-,-,-
solo_distribuidor,monitores,monitores|PHILIPS|27||27|MOD|272V8LA,-,MONITORES,117341,272V8LA/55,MONITOR PHILIPS LED 27 mod 272v8la,PHILIPS ,PHILIPS,193304.6,1.0,-,-,-,-,-,-,-,-,-
solo_distribuidor,monitores,monitores|SAMSUNG|22||22|D300,-,MONITORES,121145,LS22D300GALXZB,MONITOR SAMSUNG LED 22 D300,SAMSUNG,SAMSUNG,155258.02,5.0,-,-,-,-,-,-,-,-,-
solo_distribuidor,monitores,monitores|SAMSUNG|24||24|D300|FULL|HD|100MHZ,-,MONITORES,121246,LS24D300GALXZB,MONITOR SAMSUNG 24 D300 FULL HD 100MHZ,SAMSUNG,SAMSUNG,170867.14,5.0,-,-,-,-,-,-,-,-,-
solo_distribuidor,monitores,monitores|SAMSUNG|24||24|DG300|G3|PLANO,-,MONITORES,122598,LS24DG300ELXZB,MONITOR SAMSUNG LED 24 DG300 G3 GAMER PLANO,SAMSUNG,SAMSUNG,220367.7,5.0,-,-,-,-,-,-,-,-,-
solo_distribuidor,monitores,monitores|SAMSUNG|27||27|D300,-,MONITORES,121242,LS27D300GALXZB,MONITOR SAMSUNG LED 27 D300,SAMSUNG,SAMSUNG,196200.18,5.0,-,-,-,-,-,-,-,-,-
solo_distribuidor,monitores,monitores|SOLARMAX|19||19|HD|SLIM|NEGRO,-,MONITORES,121712,SX19F6,MONITOR SOLARMAX 19.3 VGA/HD+ SLIM NEGRO,SolarMax,SOLARMAX,64826.71,5.0,-,-,-,-,-,-,-,-,-
solo_distribuidor,monitores,monitores|SOLARMAX|21||21|FULL|HD|NEGRO,-,MONITORES,121713,SX22F2,MONITOR SOLARMAX 21.5 FULL HD VGA/HDMI NEGRO,SolarMax,SOLARMAX,85724.16,5.0,-,-,-,-,-,-,-,-,-
solo_distribuidor,monitores,monitores|SOLARMAX|23|100HZ|23|100HZ|FRAMELESS|CURVO|SLIM|FHD,-,MONITORES,122560,SX24C7,MONITOR SOLARMAX 23.8 100 HZ FRAMELESS CURVO SLIM FHD HDMI VGA,SolarMax,SOLARMAX,155800.53,5.0,-,-,-,-,-,-,-,-,-
solo_distribuidor,monitores,monitores|SOLARMAX|23||23|FULL|HD|NEGRO,-,MONITORES,121714,SX24F2,MONITOR SOLARMAX 23.6 FULL HD VGA/HDMI NEGRO,SolarMax,SOLARMAX,108660.39,5.0,-,-,-,-,-,-,-,-,-
solo_distribuidor,monitores,monitores|SOLARMAX|27|100HZ|27|100HZ|IPS|FRAMELESS|FHD,-,MONITORES,122559,SX27F7,MONITOR SOLARMAX 27 100 HZ IPS FRAMELESS FHD HDMI VGA,SolarMax,SOLARMAX,189257.63,5.0,-,-,-,-,-,-,-,-,-
solo_distribuidor,monitores,monitores|SOLARMAX|27|120HZ|27|120HZ|FRAMELESS|CURVO|FHD,-,MONITORES,122561,SX27C9,MONITOR SOLARMAX 27 120 HZ FRAMELESS CURVO FHD HDMI VGA,SolarMax,SOLARMAX,196170.35,5.0,-,-,-,-,-,-,-,-,-
solo_distribuidor,monitores,monitores|ZOWIE|24|144HZ|24|XL2411K|TN|FHD|144HZ|TECNOLOGIA,-,MONITORES,111421,9H.LJPLB.QBR,MONITOR 24 GAMER ZOWIE XL2411K LED TN FHD 144hz Tecnología DyAc Black eQualizer,ZOWIE,ZOWIE,340113.56,5.0,-,-,-,-,-,-,-,-,-
solo_distribuidor,monitores,monitores|ZOWIE|24|240HZ|24|XL2546K|TN|FHD|240HZ|ESCUDO,-,MONITORES,111420,9H.LJNLB.QBR,"MONITOR 24,5 GAMER ZOWIE XL2546K LED TN FHD 240hz c/escudo Tecnología DyAc Black eQualizer",ZOWIE,ZOWIE,894039.4,5.0,-,-,-,-,-,-,-,-,-
solo_distribuidor,monitores,monitores|ZOWIE|27|144HZ|27|XL2731|TN|FHD|144HZ|EQUALIZER,-,MONITORES,108651,9H.LHRLB.QPL,MONITOR 27 GAMER ZOWIE XL2731 LED TN FHD 144hz Black eQualizer,ZOWIE,ZOWIE,402731.05,5.0,-,-,-,-,-,-,-,-,-
solo_distribuidor,monitores,monitores|ZOWIE|27|144HZ|27|XL2731|TN|FHD|144HZ|EQUALIZER,-,MONITORES,116296,9H.LKCLB.QBL,MONITOR 27 GAMER ZOWIE XL2731 LED TN FHD 144hz Black eQualizer,ZOWIE,ZOWIE,402731.05,5.0,-,-,-,-,-,-,-,-,-
solo_distribuidor,monitores,monitores|ZOWIE|27|240HZ|27|XL2746K|TN|FHD|240HZ|ESCUDO,-,MONITORES,116297,9H.LKJLB.QBL,MONITOR 27 GAMER ZOWIE XL2746K LED TN FHD 240hz c/escudo Tecnología DyAc? Black eQualizer,ZOWIE,ZOWIE,942224.14,5.0,-,-,-,-,-,-,-,-,-
solo_compragamer,mothers,mothers|ASROCK|A620AI|AM5,-,-,-,-,-,-,-,-,-,compragamer_mothers_amd,26.0,Mother Asrock A620AI WIFI AM5 DDR5,Asrock,216100.0,True,https://compragamer.com/producto/Mother_Asrock_A620AI_WIFI_AM5_DDR5_18910?cate=26,-,-
solo_compragamer,mothers,mothers|ASROCK|A620M|AM5|A620M|HDV|AM5|BULK|OUTLET,-,-,-,-,-,-,-,-,-,compragamer_mothers_amd,26.0,Mother Asrock A620M-HDV/M.2 AM5 DDR5  BULK - OUTLET,Asrock,110000.0,True,https://compragamer.com/producto/Mother_Asrock_A620M_HDV_M_2_AM5_DDR5_BULK_OUTLET_19705?cate=26,-,-
solo_compragamer,mothers,mothers|ASROCK|A620M|AM5|A620M|HDV|AM5|BULK|OUTLET,-,-,-,-,-,-,-,-,-,compragamer_mothers_amd,26.0,Mother Asrock A620M-HDV/M.2+ AM5 DDR5  BULK - OUTLET,Asrock,110000.0,True,https://compragamer.com/producto/Mother_Asrock_A620M_HDV_M_2_AM5_DDR5_BULK_OUTLET_19706?cate=26,-,-
solo_compragamer,mothers,mothers|ASROCK|B450M|AM4|B450M|AC|AM4|R2,-,-,-,-,-,-,-,-,-,compragamer_mothers_amd,26.0,Mother Asrock B450M/AC AM4 R2.0 WIFI,Asrock,127400.0,True,https://compragamer.com/producto/Mother_Asrock_B450M_AC_AM4_R2_0_WIFI_14720?cate=26,-,-
solo_compragamer,mothers,mothers|ASROCK|B450M|AM4|B450M|AC|AM4|R2|BULK,-,-,-,-,-,-,-,-,-,compragamer_mothers_amd,26.0,Mother Asrock B450M/AC AM4 WIFI R2.0   BULK - OUTLET,Asrock,139300.0,True,https://compragamer.com/producto/Mother_Asrock_B450M_AC_AM4_WIFI_R2_0_BULK_OUTLET_19662?cate=26,-,-
solo_compragamer,mothers,mothers|ASROCK|B450M|AM4|B450M|AC|AM4|R2|CAJA,-,-,-,-,-,-,-,-,-,compragamer_mothers_amd,26.0,Mother Asrock B450M/AC AM4 WIFI R2.0 CAJA BLANCA  BULK - OUTLET,Asrock,139300.0,True,https://compragamer.com/producto/Mother_Asrock_B450M_AC_AM4_WIFI_R2_0_CAJA_BLANCA_BULK_OUTLET_19663?cate=26,-,-
solo_compragamer,mothers,mothers|ASROCK|B450M|AM4|B450M|HDV|AM4,-,-,-,-,-,-,-,-,-,compragamer_mothers_amd,26.0,Mother Asrock B450M-HDV 4.0 AM4 HDMI M.2,Asrock,80000.0,True,https://compragamer.com/producto/Mother_Asrock_B450M_HDV_4_0_AM4_HDMI_M_2_8273?cate=26,-,-
solo_compragamer,mothers,mothers|ASROCK|B550M|AM4|B550M|HDV|AM4,-,-,-,-,-,-,-,-,-,compragamer_mothers_amd,26.0,Mother Asrock B550M-HDV DDR4 AM4,Asrock,107500.0,True,https://compragamer.com/producto/Mother_Asrock_B550M_HDV_DDR4_AM4_10535?cate=26,-,-
solo_compragamer,mothers,mothers|ASROCK|B550||B550|PG|RIPTIDE,-,-,-,-,-,-,-,-,-,compragamer_mothers_amd,26.0,Mother Asrock B550 PG RIPTIDE DDR4,Asrock,199400.0,True,https://compragamer.com/producto/Mother_Asrock_B550_PG_RIPTIDE_DDR4_13570?cate=26,-,-
solo_compragamer,mothers,mothers|ASROCK|B650I|AM5|B650I|LIGHTNING|AM5|ITX,-,-,-,-,-,-,-,-,-,compragamer_mothers_amd,26.0,Mother Asrock B650I Lightning WIFI AM5 DDR5 ITX,Asrock,352250.0,True,https://compragamer.com/producto/Mother_Asrock_B650I_Lightning_WIFI_AM5_DDR5_ITX_16248?cate=26,-,-
solo_compragamer,mothers,mothers|ASROCK|B650M|AM5|B650M|AM5,-,-,-,-,-,-,-,-,-,compragamer_mothers_amd,26.0,Mother Asrock B650M-H/M.2+ AM5 DDR5,Asrock,142200.0,True,https://compragamer.com/producto/Mother_Asrock_B650M_H_M_2_AM5_DDR5_16649?cate=26,-,-
solo_compragamer,mothers,mothers|ASROCK|B650M|AM5|B650M|HDV|AM5|WHITEBOX|BULK,-,-,-,-,-,-,-,-,-,compragamer_mothers_amd,26.0,Mother Asrock B650M-HDV/M.2 AM5 DDR5 WhiteBox  BULK - OUTLET,Asrock,158990.0,True,https://compragamer.com/producto/Mother_Asrock_B650M_HDV_M_2_AM5_DDR5_WhiteBox_BULK_OUTLET_19667?cate=26,-,-
solo_compragamer,mothers,mothers|ASROCK|B650M|AM5|B650M|PG|LIGHTNING|AM5,-,-,-,-,-,-,-,-,-,compragamer_mothers_amd,26.0,Mother Asrock B650M PG LIGHTNING WIFI AM5 DDR5,Asrock,225400.0,True,https://compragamer.com/producto/Mother_Asrock_B650M_PG_LIGHTNING_WIFI_AM5_DDR5_15670?cate=26,-,-
solo_compragamer,mothers,mothers|ASROCK|B650M|AM5|B650M|PG|LIGHTNING|AM5|BULK,-,-,-,-,-,-,-,-,-,compragamer_mothers_amd,26.0,Mother Asrock B650M PG LIGHTNING WIFI AM5 DDR5  BULK - OUTLET,Asrock,288000.0,True,https://compragamer.com/producto/Mother_Asrock_B650M_PG_LIGHTNING_WIFI_AM5_DDR5_BULK_OUTLET_19659?cate=26,-,-
solo_compragamer,mothers,mothers|ASROCK|B650M|AM5|B650M|RS|AM5,-,-,-,-,-,-,-,-,-,compragamer_mothers_amd,26.0,Mother Asrock B650M PRO RS AM5 DDR5,Asrock,225400.0,True,https://compragamer.com/producto/Mother_Asrock_B650M_PRO_RS_AM5_DDR5_16653?cate=26,-,-
solo_compragamer,mothers,mothers|ASROCK|B650M|AM5|B650M|RS|AM5,-,-,-,-,-,-,-,-,-,compragamer_mothers_amd,26.0,Mother Asrock B650M PRO RS WIFI AM5 DDR5,Asrock,246700.0,True,https://compragamer.com/producto/Mother_Asrock_B650M_PRO_RS_WIFI_AM5_DDR5_16655?cate=26,-,-
solo_compragamer,mothers,mothers|ASROCK|B650M||B650M|X3D,-,-,-,-,-,-,-,-,-,compragamer_mothers_amd,26.0,Mother Asrock B650M PRO X3D WIFI,Asrock,259600.0,True,https://compragamer.com/producto/Mother_Asrock_B650M_PRO_X3D_WIFI_18397?cate=26,-,-
solo_compragamer,mothers,mothers|ASROCK|B650|AM5|B650|RS|AM5,-,-,-,-,-,-,-,-,-,compragamer_mothers_amd,26.0,Mother Asrock B650 PRO RS WIFI AM5 DDR5,Asrock,274150.0,True,https://compragamer.com/producto/Mother_Asrock_B650_PRO_RS_WIFI_AM5_DDR5_19444?cate=26,-,-
solo_compragamer,mothers,mothers|ASROCK|B650|AM5|B650|STEEL|LEGEND|AM5,-,-,-,-,-,-,-,-,-,compragamer_mothers_amd,26.0,Mother Asrock B650 STEEL LEGEND WIFI AM5 DDR5,Asrock,281850.0,True,https://compragamer.com/producto/Mother_Asrock_B650_STEEL_LEGEND_WIFI_AM5_DDR5_18915?cate=26,-,-
solo_compragamer,mothers,mothers|ASROCK|B760M|S1700|B760M|ITX|S1700,-,-,-,-,-,-,-,-,-,compragamer_mothers_intel,49.0,Mother Asrock B760M-ITX WIFI S1700 DDR4,Asrock,231900.0,True,https://compragamer.com/producto/Mother_Asrock_B760M_ITX_WIFI_S1700_DDR4_16249?cate=49,-,-
solo_compragamer,mothers,mothers|ASROCK|B760M|S1700|B760M|PG|LIGHTNING|S1700,-,-,-,-,-,-,-,-,-,compragamer_mothers_intel,49.0,Mother Asrock B760M PG Lightning WIFI S1700 DDR5,Asrock,196000.0,True,https://compragamer.com/producto/Mother_Asrock_B760M_PG_Lightning_WIFI_S1700_DDR5_15894?cate=49,-,-
solo_compragamer,mothers,mothers|ASROCK|B760M|S1700|B760M|PG|RIPTIDE|S1700,-,-,-,-,-,-,-,-,-,compragamer_mothers_intel,49.0,Mother Asrock B760M PG Riptide WIFI S1700 DDR5,Asrock,239600.0,True,https://compragamer.com/producto/Mother_Asrock_B760M_PG_Riptide_WIFI_S1700_DDR5_15607?cate=49,-,-
solo_compragamer,mothers,mothers|ASROCK|B760M|S1700|B760M|RS|S1700,-,-,-,-,-,-,-,-,-,compragamer_mothers_intel,49.0,Mother Asrock B760M PRO RS S1700 DDR5,Asrock,176400.0,True,https://compragamer.com/producto/Mother_Asrock_B760M_PRO_RS_S1700_DDR5_16588?cate=49,-,-
solo_compragamer,mothers,mothers|ASROCK|B760M||B760M|STEEL|LEGEND|LGA1700,-,-,-,-,-,-,-,-,-,compragamer_mothers_intel,49.0,Mother Asrock B760M Steel Legend WIFI LGA1700 DDR5,Asrock,287900.0,True,https://compragamer.com/producto/Mother_Asrock_B760M_Steel_Legend_WIFI_LGA1700_DDR5_15610?cate=49,-,-
solo_compragamer,mothers,mothers|ASROCK|B760||B760|RS|LGA1700,-,-,-,-,-,-,-,-,-,compragamer_mothers_intel,49.0,Mother Asrock B760 PRO RS LGA1700 DDR5,Asrock,220800.0,True,https://compragamer.com/producto/Mother_Asrock_B760_PRO_RS_LGA1700_DDR5_16878?cate=49,-,-
solo_compragamer,mothers,mothers|ASROCK|B850I||B850I|LIGHTNING|ITX|MINI,-,-,-,-,-,-,-,-,-,compragamer_mothers_amd,26.0,Mother Asrock B850I LIGHTNING WIFI ITX MINI,Asrock,352000.0,True,https://compragamer.com/producto/Mother_Asrock_B850I_LIGHTNING_WIFI_ITX_MINI_18399?cate=26,-,-
solo_compragamer,mothers,mothers|ASROCK|B850M|AM5|B850M|R2|AM5,-,-,-,-,-,-,-,-,-,compragamer_mothers_amd,26.0,Mother Asrock B850M-X R2.0 AM5 DDR5,Asrock,187850.0,True,https://compragamer.com/producto/Mother_Asrock_B850M_X_R2_0_AM5_DDR5_18916?cate=26,-,-
solo_compragamer,mothers,mothers|ASROCK|B850M|AM5|B850M|R2|AM5,-,-,-,-,-,-,-,-,-,compragamer_mothers_amd,26.0,Mother Asrock B850M-X R2.0 WIFI AM5 DDR5,Asrock,197700.0,True,https://compragamer.com/producto/Mother_Asrock_B850M_X_R2_0_WIFI_AM5_DDR5_18917?cate=26,-,-
solo_compragamer,mothers,mothers|ASROCK|B850M|AM5|B850M|RIPTIDE|AM5,-,-,-,-,-,-,-,-,-,compragamer_mothers_amd,26.0,Mother Asrock B850M RIPTIDE WIFI AM5 DDR5,Asrock,360450.0,True,https://compragamer.com/producto/Mother_Asrock_B850M_RIPTIDE_WIFI_AM5_DDR5_17614?cate=26,-,-
solo_compragamer,mothers,mothers|ASROCK|B850M|AM5|B850M|RS|AM5,-,-,-,-,-,-,-,-,-,compragamer_mothers_amd,26.0,Mother Asrock B850M PRO RS WIFI AM5 DDR5,Asrock,276950.0,True,https://compragamer.com/producto/Mother_Asrock_B850M_PRO_RS_WIFI_AM5_DDR5_17613?cate=26,-,-
solo_compragamer,mothers,mothers|ASROCK|B850M|AM5|B850M|RS|AM5,-,-,-,-,-,-,-,-,-,compragamer_mothers_amd,26.0,Mother Asrock B850M PRO RS AM5 DDR5,Asrock,299700.0,True,https://compragamer.com/producto/Mother_Asrock_B850M_PRO_RS_AM5_DDR5_17956?cate=26,-,-
solo_compragamer,mothers,mothers|ASROCK|B850M|AM5|B850M|RS|AM5,-,-,-,-,-,-,-,-,-,compragamer_mothers_amd,26.0,Mother Asrock B850M PRO RS WIFI WHITE AM5 DDR5,Asrock,290400.0,True,https://compragamer.com/producto/Mother_Asrock_B850M_PRO_RS_WIFI_WHITE_AM5_DDR5_18454?cate=26,-,-
solo_compragamer,mothers,mothers|ASROCK|B850M|AM5|B850M|STEEL|LEGEND|AM5,-,-,-,-,-,-,-,-,-,compragamer_mothers_amd,26.0,Mother Asrock B850M STEEL LEGEND WIFI AM5 DDR5,Asrock,313600.0,True,https://compragamer.com/producto/Mother_Asrock_B850M_STEEL_LEGEND_WIFI_AM5_DDR5_18400?cate=26,-,-
solo_compragamer,mothers,mothers|ASROCK|B850|AM5|B850|RIPTIDE|AM5,-,-,-,-,-,-,-,-,-,compragamer_mothers_amd,26.0,Mother Asrock B850 RIPTIDE WIFI AM5 DDR5,Asrock,403700.0,True,https://compragamer.com/producto/Mother_Asrock_B850_RIPTIDE_WIFI_AM5_DDR5_17609?cate=26,-,-
solo_compragamer,mothers,mothers|ASROCK|B850|AM5|B850|ROCK|WIFI7|AM5,-,-,-,-,-,-,-,-,-,compragamer_mothers_amd,26.0,Mother Asrock B850 ROCK WIFI7 AM5 DDR5,Asrock,332300.0,True,https://compragamer.com/producto/Mother_Asrock_B850_ROCK_WIFI7_AM5_DDR5_19445?cate=26,-,-
solo_compragamer,mothers,mothers|ASROCK|B850|AM5|B850|RS|AM5,-,-,-,-,-,-,-,-,-,compragamer_mothers_amd,26.0,Mother Asrock B850 PRO RS AM5 DDR5,Asrock,300600.0,True,https://compragamer.com/producto/Mother_Asrock_B850_PRO_RS_AM5_DDR5_17611?cate=26,-,-
solo_compragamer,mothers,mothers|ASROCK|B850|AM5|B850|RS|AM5,-,-,-,-,-,-,-,-,-,compragamer_mothers_amd,26.0,Mother Asrock B850 PRO RS WIFI AM5 DDR5,Asrock,343300.0,True,https://compragamer.com/producto/Mother_Asrock_B850_PRO_RS_WIFI_AM5_DDR5_18448?cate=26,-,-
solo_compragamer,mothers,mothers|ASROCK|B850|AM5|B850|STEEL|LEGEND|AM5,-,-,-,-,-,-,-,-,-,compragamer_mothers_amd,26.0,Mother Asrock B850 STEEL LEGEND WIFI AM5 DDR5,Asrock,366200.0,True,https://compragamer.com/producto/Mother_Asrock_B850_STEEL_LEGEND_WIFI_AM5_DDR5_17610?cate=26,-,-
solo_compragamer,mothers,mothers|ASROCK|B850||B850,-,-,-,-,-,-,-,-,-,compragamer_mothers_amd,26.0,Mother Asrock B850 PRO-A WIFI,Asrock,330900.0,True,https://compragamer.com/producto/Mother_Asrock_B850_PRO_A_WIFI_18398?cate=26,-,-
solo_compragamer,mothers,mothers|ASROCK|B860I||B860I|LIGHTNING|LGA1851|ITX,-,-,-,-,-,-,-,-,-,compragamer_mothers_intel,49.0,Mother Asrock B860I LIGHTNING WIFI LGA1851 DDR5 ITX,Asrock,389800.0,True,https://compragamer.com/producto/Mother_Asrock_B860I_LIGHTNING_WIFI_LGA1851_DDR5_ITX_17616?cate=49,-,-
solo_compragamer,mothers,mothers|ASROCK|B860M||B860M|GEN5|LGA1851,-,-,-,-,-,-,-,-,-,compragamer_mothers_intel,49.0,Mother Asrock B860M-X GEN5 WIFI LGA1851 DDR5,Asrock,187850.0,True,https://compragamer.com/producto/Mother_Asrock_B860M_X_GEN5_WIFI_LGA1851_DDR5_19452?cate=49,-,-
solo_compragamer,mothers,mothers|ASROCK|B860M||B860M|H2|LGA1851,-,-,-,-,-,-,-,-,-,compragamer_mothers_intel,49.0,Mother Asrock B860M-H2 LGA1851 DDR5,Asrock,172350.0,True,https://compragamer.com/producto/Mother_Asrock_B860M_H2_LGA1851_DDR5_18935?cate=49,-,-
solo_compragamer,mothers,mothers|ASROCK|B860M||B860M|LIGHTNING|LGA1851,-,-,-,-,-,-,-,-,-,compragamer_mothers_intel,49.0,Mother Asrock B860M LIGHTNING WIFI LGA1851 DDR5,Asrock,338250.0,True,https://compragamer.com/producto/Mother_Asrock_B860M_LIGHTNING_WIFI_LGA1851_DDR5_17617?cate=49,-,-
solo_compragamer,mothers,mothers|ASROCK|B860M||B860M|STEEL|LEGEND|LGA1851,-,-,-,-,-,-,-,-,-,compragamer_mothers_intel,49.0,Mother Asrock B860M STEEL LEGEND WIFI LGA1851 DDR5,Asrock,314100.0,True,https://compragamer.com/producto/Mother_Asrock_B860M_STEEL_LEGEND_WIFI_LGA1851_DDR5_17620?cate=49,-,-
solo_compragamer,mothers,mothers|ASROCK|B860||B860|LGA1851,-,-,-,-,-,-,-,-,-,compragamer_mothers_intel,49.0,Mother Asrock B860 PRO-A LGA1851 DDR5,Asrock,249250.0,True,https://compragamer.com/producto/Mother_Asrock_B860_PRO_A_LGA1851_DDR5_19446?cate=49,-,-
solo_compragamer,mothers,mothers|ASROCK|B860||B860|LGA1851,-,-,-,-,-,-,-,-,-,compragamer_mothers_intel,49.0,Mother Asrock B860 PRO-A WIFI LGA1851 DDR5,Asrock,265850.0,True,https://compragamer.com/producto/Mother_Asrock_B860_PRO_A_WIFI_LGA1851_DDR5_19447?cate=49,-,-
solo_compragamer,mothers,mothers|ASROCK|B860||B860|RS|LGA1851,-,-,-,-,-,-,-,-,-,compragamer_mothers_intel,49.0,Mother Asrock B860 PRO RS WIFI LGA1851 DDR5,Asrock,281400.0,True,https://compragamer.com/producto/Mother_Asrock_B860_PRO_RS_WIFI_LGA1851_DDR5_17615?cate=49,-,-
solo_compragamer,mothers,mothers|ASROCK|H510M||H510M|HDV|SE|S1200,-,-,-,-,-,-,-,-,-,compragamer_mothers_intel,49.0,Mother Asrock H510M-HDV/M.2 SE S1200,Asrock,95050.0,True,https://compragamer.com/producto/Mother_Asrock_H510M_HDV_M_2_SE_S1200_15721?cate=49,-,-
solo_compragamer,mothers,mothers|ASROCK|H610M|S1700|H610M|HDV|M2|S1700,-,-,-,-,-,-,-,-,-,compragamer_mothers_intel,49.0,Mother Asrock H610M-HDV/M2+ DDR5 S1700,Asrock,108450.0,True,https://compragamer.com/producto/Mother_Asrock_H610M_HDV_M2_DDR5_S1700_16250?cate=49,-,-
solo_compragamer,mothers,mothers|ASROCK|H810M||H810M|LGA1851,-,-,-,-,-,-,-,-,-,compragamer_mothers_intel,49.0,Mother Asrock H810M-H LGA1851 DDR5,Asrock,157650.0,True,https://compragamer.com/producto/Mother_Asrock_H810M_H_LGA1851_DDR5_18936?cate=49,-,-
solo_compragamer,mothers,mothers|ASROCK|H810M||H810M|LGA1851,-,-,-,-,-,-,-,-,-,compragamer_mothers_intel,49.0,Mother Asrock H810M-X WIFI LGA1851 DDR5,Asrock,142350.0,True,https://compragamer.com/producto/Mother_Asrock_H810M_X_WIFI_LGA1851_DDR5_19453?cate=49,-,-
solo_compragamer,mothers,mothers|ASROCK|X870E|AM5|X870E|TAICHI|LITE|AM5,-,-,-,-,-,-,-,-,-,compragamer_mothers_amd,26.0,Mother Asrock X870E TAICHI LITE DDR5 AM5,Asrock,700150.0,True,https://compragamer.com/producto/Mother_Asrock_X870E_TAICHI_LITE_DDR5_AM5_16931?cate=26,-,-
solo_compragamer,mothers,mothers|ASROCK|X870E|AM5|X870E|TAICHI|OCF|AM5,-,-,-,-,-,-,-,-,-,compragamer_mothers_amd,26.0,Mother Asrock X870E TAICHI OCF DDR5 AM5,Asrock,751100.0,True,https://compragamer.com/producto/Mother_Asrock_X870E_TAICHI_OCF_DDR5_AM5_19455?cate=26,-,-
solo_compragamer,mothers,mothers|ASROCK|X870|AM5|X870|AM5,-,-,-,-,-,-,-,-,-,compragamer_mothers_amd,26.0,Mother Asrock X870 Pro-A WIFI DDR5 AM5,Asrock,306450.0,True,https://compragamer.com/producto/Mother_Asrock_X870_Pro_A_WIFI_DDR5_AM5_18918?cate=26,-,-
solo_compragamer,mothers,mothers|ASROCK|X870|AM5|X870|RIPTIDE|AM5,-,-,-,-,-,-,-,-,-,compragamer_mothers_amd,26.0,Mother Asrock X870 RIPTIDE WIFI DDR5 AM5,Asrock,501950.0,True,https://compragamer.com/producto/Mother_Asrock_X870_RIPTIDE_WIFI_DDR5_AM5_16659?cate=26,-,-
solo_compragamer,mothers,mothers|ASROCK|X870|AM5|X870|RS|AM5,-,-,-,-,-,-,-,-,-,compragamer_mothers_amd,26.0,Mother Asrock X870 PRO RS WIFI DDR5 AM5,Asrock,375900.0,True,https://compragamer.com/producto/Mother_Asrock_X870_PRO_RS_WIFI_DDR5_AM5_16657?cate=26,-,-
solo_compragamer,mothers,mothers|ASROCK|X870|AM5|X870|RS|AM5,-,-,-,-,-,-,-,-,-,compragamer_mothers_amd,26.0,Mother Asrock X870 PRO RS DDR5 AM5,Asrock,352850.0,True,https://compragamer.com/producto/Mother_Asrock_X870_PRO_RS_DDR5_AM5_17069?cate=26,-,-
solo_compragamer,mothers,mothers|ASROCK|X870|AM5|X870|RS|AM5|BULK|OUTLET,-,-,-,-,-,-,-,-,-,compragamer_mothers_amd,26.0,Mother Asrock X870 PRO RS DDR5 AM5  BULK - OUTLET,Asrock,361400.0,True,https://compragamer.com/producto/Mother_Asrock_X870_PRO_RS_DDR5_AM5_BULK_OUTLET_19673?cate=26,-,-
solo_compragamer,mothers,mothers|ASROCK|Z790I|S1700|Z790I|LIGHTNING|ITX|S1700,-,-,-,-,-,-,-,-,-,compragamer_mothers_intel,49.0,Mother Asrock Z790I Lightning WIFI ITX DDR5 S1700,Asrock,295500.0,True,https://compragamer.com/producto/Mother_Asrock_Z790I_Lightning_WIFI_ITX_DDR5_S1700_15837?cate=49,-,-
solo_compragamer,mothers,mothers|ASROCK|Z790M|S1700|Z790M|ITX|S1700|BULK|OUTLET,-,-,-,-,-,-,-,-,-,compragamer_mothers_intel,49.0,Mother Asrock Z790M-ITX WIFI DDR5 S1700  BULK - OUTLET,Asrock,299350.0,True,https://compragamer.com/producto/Mother_Asrock_Z790M_ITX_WIFI_DDR5_S1700_BULK_OUTLET_19781?cate=49,-,-
solo_compragamer,mothers,mothers|ASROCK|Z790|S1700|Z790|PG|LIGHTNING|S1700|BULK,-,-,-,-,-,-,-,-,-,compragamer_mothers_intel,49.0,Mother Asrock Z790 PG LIGHTNING WIFI S1700 DDR5   BULK - OUTLET,Asrock,315900.0,True,https://compragamer.com/producto/Mother_Asrock_Z790_PG_LIGHTNING_WIFI_S1700_DDR5_BULK_OUTLET_19780?cate=49,-,-
solo_compragamer,mothers,mothers|ASROCK|Z890I||Z890I|NOVA|ITX|LGA1851,-,-,-,-,-,-,-,-,-,compragamer_mothers_intel,49.0,Mother Asrock Z890I NOVA WIFI ITX LGA1851 DDR5,Asrock,537700.0,True,https://compragamer.com/producto/Mother_Asrock_Z890I_NOVA_WIFI_ITX_LGA1851_DDR5_18941?cate=49,-,-
solo_compragamer,mothers,mothers|ASROCK|Z890||Z890|RS|LGA1851,-,-,-,-,-,-,-,-,-,compragamer_mothers_intel,49.0,Mother Asrock Z890 PRO RS WIFI LGA1851 DDR5,Asrock,420950.0,True,https://compragamer.com/producto/Mother_Asrock_Z890_PRO_RS_WIFI_LGA1851_DDR5_17335?cate=49,-,-
solo_compragamer,mothers,mothers|ASROCK|Z890||Z890|RS|LGA1851,-,-,-,-,-,-,-,-,-,compragamer_mothers_intel,49.0,Mother Asrock Z890 PRO RS WIFI WHITE LGA1851 DDR5,Asrock,434800.0,True,https://compragamer.com/producto/Mother_Asrock_Z890_PRO_RS_WIFI_WHITE_LGA1851_DDR5_18938?cate=49,-,-
solo_compragamer,mothers,mothers|ASROCK|Z890||Z890|STEEL|LEGEND|LGA1851,-,-,-,-,-,-,-,-,-,compragamer_mothers_intel,49.0,Mother Asrock Z890 STEEL LEGEND WIFI LGA1851 DDR5,Asrock,477700.0,True,https://compragamer.com/producto/Mother_Asrock_Z890_STEEL_LEGEND_WIFI_LGA1851_DDR5_18939?cate=49,-,-
solo_compragamer,mothers,mothers|ASROCK|Z890||Z890|TAICHI|AQUA|LGA1851,-,-,-,-,-,-,-,-,-,compragamer_mothers_intel,49.0,Mother Asrock Z890 TAICHI AQUA WIFI LGA1851 DDR5,Asrock,988300.0,True,https://compragamer.com/producto/Mother_Asrock_Z890_TAICHI_AQUA_WIFI_LGA1851_DDR5_19458?cate=49,-,-
solo_compragamer,mothers,mothers|ASROCK|Z890||Z890|TAICHI|LGA1851,-,-,-,-,-,-,-,-,-,compragamer_mothers_intel,49.0,Mother Asrock Z890 TAICHI WIFI LGA1851 DDR5,Asrock,888200.0,True,https://compragamer.com/producto/Mother_Asrock_Z890_TAICHI_WIFI_LGA1851_DDR5_17334?cate=49,-,-
solo_compragamer,mothers,mothers|ASROCK|Z890||Z890|TAICHI|LITE|LGA1851,-,-,-,-,-,-,-,-,-,compragamer_mothers_intel,49.0,Mother Asrock Z890 TAICHI LITE WIFI LGA1851 DDR5,Asrock,728850.0,True,https://compragamer.com/producto/Mother_Asrock_Z890_TAICHI_LITE_WIFI_LGA1851_DDR5_18940?cate=49,-,-
solo_compragamer,mothers,mothers|ASROCK|Z890||Z890|TAICHI|OCF|LGA1851,-,-,-,-,-,-,-,-,-,compragamer_mothers_intel,49.0,Mother Asrock Z890 TAICHI OCF WIFI LGA1851 DDR5,Asrock,830150.0,True,https://compragamer.com/producto/Mother_Asrock_Z890_TAICHI_OCF_WIFI_LGA1851_DDR5_19460?cate=49,-,-
solo_compragamer,mothers,mothers|ASUS|B550M||PRIME|B550M,-,-,-,-,-,-,-,-,-,compragamer_mothers_amd,26.0,Mother ASUS PRIME B550M-K ARGB DDR4,Asus,133050.0,True,https://compragamer.com/producto/Mother_ASUS_PRIME_B550M_K_ARGB_DDR4_18496?cate=26,-,-
solo_compragamer,mothers,mothers|ASUS|B550||ROG|STRIX|B550|II,-,-,-,-,-,-,-,-,-,compragamer_mothers_amd,26.0,Mother ASUS ROG STRIX B550-F GAMING WIFI II,Asus,299150.0,True,https://compragamer.com/producto/Mother_ASUS_ROG_STRIX_B550_F_GAMING_WIFI_II_13499?cate=26,-,-
solo_compragamer,mothers,mothers|ASUS|B650EM|AM5,-,-,-,-,-,-,-,-,-,compragamer_mothers_amd,26.0,Mother ASUS B650EM-A WIFI AM5 DDR5,Asus,231500.0,True,https://compragamer.com/producto/Mother_ASUS_B650EM_A_WIFI_AM5_DDR5_18406?cate=26,-,-
solo_compragamer,mothers,mothers|ASUS|B650EM|AM5,-,-,-,-,-,-,-,-,-,compragamer_mothers_amd,26.0,Mother ASUS B650EM-A AM5 DDR5,Asus,211000.0,True,https://compragamer.com/producto/Mother_ASUS_B650EM_A_AM5_DDR5_18407?cate=26,-,-
solo_compragamer,mothers,mothers|ASUS|B650M||TUF|B650M,-,-,-,-,-,-,-,-,-,compragamer_mothers_amd,26.0,Mother ASUS TUF B650M-PLUS WIFI,Asus,314300.0,True,https://compragamer.com/producto/Mother_ASUS_TUF_B650M_PLUS_WIFI_14568?cate=26,-,-
solo_compragamer,mothers,mothers|ASUS|B650|AM5|PROART|B650|CREATOR|AM5,-,-,-,-,-,-,-,-,-,compragamer_mothers_amd,26.0,Mother ASUS ProArt B650-CREATOR AM5 DDR5,Asus,432700.0,True,https://compragamer.com/producto/Mother_ASUS_ProArt_B650_CREATOR_AM5_DDR5_15021?cate=26,-,-
solo_compragamer,mothers,mothers|ASUS|B760M||PRIME|B760M|12|13|14TH,-,-,-,-,-,-,-,-,-,compragamer_mothers_intel,49.0,Mother ASUS PRIME B760M-K DDR5 12/13/14th Gen LGA1700,Asus,152300.0,True,https://compragamer.com/producto/Mother_ASUS_PRIME_B760M_K_DDR5_12_13_14th_Gen_LGA1700_18486?cate=49,-,-
solo_compragamer,mothers,mothers|ASUS|B760M||PRIME|B760M|12|13|14TH,-,-,-,-,-,-,-,-,-,compragamer_mothers_intel,49.0,Mother ASUS PRIME B760M-A 12/13/14th Gen LGA1700 DDR5,Asus,192900.0,True,https://compragamer.com/producto/Mother_ASUS_PRIME_B760M_A_12_13_14th_Gen_LGA1700_DDR5_18538?cate=49,-,-
solo_compragamer,mothers,mothers|ASUS|B760M||TUF|B760M|II|12|13,-,-,-,-,-,-,-,-,-,compragamer_mothers_intel,49.0,Mother ASUS TUF GAMING B760M-PLUS WIFI II 12/13/14th Gen LGA1700 DDR5,Asus,324000.0,True,https://compragamer.com/producto/Mother_ASUS_TUF_GAMING_B760M_PLUS_WIFI_II_12_13_14th_Gen_LGA1700_DDR5_16447?cate=49,-,-
solo_compragamer,mothers,mothers|ASUS|B760||ROG|STRIX|B760|LGA1700,-,-,-,-,-,-,-,-,-,compragamer_mothers_intel,49.0,Mother ASUS ROG STRIX B760-A GAMING WIFI LGA1700 DDR5,Asus,397100.0,True,https://compragamer.com/producto/Mother_ASUS_ROG_STRIX_B760_A_GAMING_WIFI_LGA1700_DDR5_14803?cate=49,-,-
solo_compragamer,mothers,mothers|ASUS|B840M|AM5|PRIME|B840M|CSM|AM5,-,-,-,-,-,-,-,-,-,compragamer_mothers_amd,26.0,Mother ASUS PRIME B840M-A CSM AM5 DDR5,Asus,214300.0,True,https://compragamer.com/producto/Mother_ASUS_PRIME_B840M_A_CSM_AM5_DDR5_18410?cate=26,-,-
solo_compragamer,mothers,mothers|ASUS|B860||TUF|B860|LGA1851,-,-,-,-,-,-,-,-,-,compragamer_mothers_intel,49.0,Mother ASUS TUF GAMING B860-PLUS WIFI LGA1851 DDR5,Asus,352650.0,True,https://compragamer.com/producto/Mother_ASUS_TUF_GAMING_B860_PLUS_WIFI_LGA1851_DDR5_18658?cate=49,-,-
solo_compragamer,mothers,mothers|ASUS|H610M|S1700|PRIME|H610M|S1700,-,-,-,-,-,-,-,-,-,compragamer_mothers_intel,49.0,Mother ASUS PRIME H610M-K DDR5 S1700,Asus,114900.0,True,https://compragamer.com/producto/Mother_ASUS_PRIME_H610M_K_DDR5_S1700_19107?cate=49,-,-
solo_compragamer,mothers,mothers|ASUS|H810M||PRIME|H810M|LGA1851,-,-,-,-,-,-,-,-,-,compragamer_mothers_intel,49.0,Mother ASUS Prime H810M-K LGA1851 DDR5,Asus,145350.0,True,https://compragamer.com/producto/Mother_ASUS_Prime_H810M_K_LGA1851_DDR5_20153?cate=49,-,-
solo_compragamer,mothers,mothers|ASUS|TUF|A620AM|AM5,-,-,-,-,-,-,-,-,-,compragamer_mothers_amd,26.0,Mother ASUS TUF GAMING A620AM-PLUS AM5 DDR5,Asus,192000.0,True,https://compragamer.com/producto/Mother_ASUS_TUF_GAMING_A620AM_PLUS_AM5_DDR5_18989?cate=26,-,-
solo_compragamer,mothers,mothers|ASUS|TUF|B650EM,-,-,-,-,-,-,-,-,-,compragamer_mothers_amd,26.0,Mother ASUS TUF B650EM-PLUS WIFI,Asus,314300.0,True,https://compragamer.com/producto/Mother_ASUS_TUF_B650EM_PLUS_WIFI_18497?cate=26,-,-
solo_compragamer,mothers,mothers|ASUS|X870E|AM5|ROG|CROSSHAIR|X870E|HERO|AM5,-,-,-,-,-,-,-,-,-,compragamer_mothers_amd,26.0,Mother ASUS ROG CROSSHAIR X870E HERO DDR5 AM5  BULK - OUTLET,Asus,1125600.0,True,https://compragamer.com/producto/Mother_ASUS_ROG_CROSSHAIR_X870E_HERO_DDR5_AM5_BULK_OUTLET_19800?cate=26,-,-
solo_compragamer,mothers,mothers|ASUS|X870E|AM5|ROG|STRIX|X870E|AM5,-,-,-,-,-,-,-,-,-,compragamer_mothers_amd,26.0,Mother ASUS ROG STRIX X870E-E GAMING WIFI DDR5 AM5,Asus,920900.0,True,https://compragamer.com/producto/Mother_ASUS_ROG_STRIX_X870E_E_GAMING_WIFI_DDR5_AM5_16444?cate=26,-,-
solo_compragamer,mothers,mothers|ASUS|X870|AM5|PRIME|X870|AM5|BULK|OUTLET,-,-,-,-,-,-,-,-,-,compragamer_mothers_amd,26.0,Mother ASUS PRIME X870-P WIFI DDR5 AM5  BULK - OUTLET,Asus,361400.0,True,https://compragamer.com/producto/Mother_ASUS_PRIME_X870_P_WIFI_DDR5_AM5_BULK_OUTLET_19815?cate=26,-,-
solo_compragamer,mothers,mothers|ASUS|X870|AM5|ROG|STRIX|X870|AM5,-,-,-,-,-,-,-,-,-,compragamer_mothers_amd,26.0,Mother ASUS ROG STRIX X870-A GAMING WIFI DDR5 AM5,Asus,586100.0,True,https://compragamer.com/producto/Mother_ASUS_ROG_STRIX_X870_A_GAMING_WIFI_DDR5_AM5_16443?cate=26,-,-
solo_compragamer,mothers,mothers|ASUS|X870|AM5|TUF|X870|AM5|BULK|OUTLET,-,-,-,-,-,-,-,-,-,compragamer_mothers_amd,26.0,Mother ASUS TUF GAMING X870-PLUS WIFI DDR5 AM5  BULK - OUTLET,Asus,452310.0,True,https://compragamer.com/producto/Mother_ASUS_TUF_GAMING_X870_PLUS_WIFI_DDR5_AM5_BULK_OUTLET_19809?cate=26,-,-
solo_compragamer,mothers,mothers|ASUS|Z590||Z590|GUNDAM|EDITION|11TH|GEN,-,-,-,-,-,-,-,-,-,compragamer_mothers_intel,49.0,Mother ASUS Z590 GUNDAM EDITION WIFI  11th gen s1200,Asus,362750.0,True,https://compragamer.com/producto/Mother_ASUS_Z590_GUNDAM_EDITION_WIFI_11th_gen_s1200_12469?cate=49,-,-
solo_compragamer,mothers,mothers|ASUS|Z890||PRIME|Z890|LGA1851,-,-,-,-,-,-,-,-,-,compragamer_mothers_intel,49.0,Mother ASUS PRIME Z890-P WIFI LGA1851 DDR5,Asus,406060.0,True,https://compragamer.com/producto/Mother_ASUS_PRIME_Z890_P_WIFI_LGA1851_DDR5_16899?cate=49,-,-
solo_compragamer,mothers,mothers|ASUS|Z890||ROG|MAXIMUS|Z890|HERO|LGA1851,-,-,-,-,-,-,-,-,-,compragamer_mothers_intel,49.0,Mother ASUS ROG MAXIMUS Z890 HERO LGA1851,Asus,1213250.0,True,https://compragamer.com/producto/Mother_ASUS_ROG_MAXIMUS_Z890_HERO_LGA1851_16940?cate=49,-,-
solo_compragamer,mothers,mothers|ASUS|Z890||ROG|STRIX|Z890|LGA1851,-,-,-,-,-,-,-,-,-,compragamer_mothers_intel,49.0,Mother ASUS ROG STRIX Z890-A GAMING WIFI LGA1851,Asus,693950.0,True,https://compragamer.com/producto/Mother_ASUS_ROG_STRIX_Z890_A_GAMING_WIFI_LGA1851_16892?cate=49,-,-
solo_compragamer,mothers,mothers|ASUS|Z890||ROG|STRIX|Z890|LGA1851,-,-,-,-,-,-,-,-,-,compragamer_mothers_intel,49.0,Mother ASUS ROG STRIX Z890-E GAMING WIFI LGA1851,Asus,853000.0,True,https://compragamer.com/producto/Mother_ASUS_ROG_STRIX_Z890_E_GAMING_WIFI_LGA1851_16893?cate=49,-,-
solo_compragamer,mothers,mothers|ASUS|Z890||ROG|STRIX|Z890|LGA1851|BULK,-,-,-,-,-,-,-,-,-,compragamer_mothers_intel,49.0,Mother ASUS ROG STRIX Z890-F GAMING WIFI LGA1851  BULK - OUTLET,Asus,743400.0,True,https://compragamer.com/producto/Mother_ASUS_ROG_STRIX_Z890_F_GAMING_WIFI_LGA1851_BULK_OUTLET_19805?cate=49,-,-
solo_compragamer,mothers,mothers|ASUS|Z890||Z890|AYW|LGA1851,-,-,-,-,-,-,-,-,-,compragamer_mothers_intel,49.0,Mother ASUS Z890 AYW GAMING WIFI W LGA1851,Asus,384970.0,True,https://compragamer.com/producto/Mother_ASUS_Z890_AYW_GAMING_WIFI_W_LGA1851_17502?cate=49,-,-
solo_compragamer,mothers,mothers|BIOSTAR|B550MH|AM4|D4|BULK|OUTLET,-,-,-,-,-,-,-,-,-,compragamer_mothers_amd,26.0,Mother Biostar B550MH AM4 D4  BULK - OUTLET,Biostar,103150.0,True,https://compragamer.com/producto/Mother_Biostar_B550MH_AM4_D4_BULK_OUTLET_19811?cate=26,-,-
solo_compragamer,mothers,mothers|GIGABYTE|AM1|E6010N|PROCESADOR|E1|6010|INCLUIDO,-,-,-,-,-,-,-,-,-,compragamer_mothers_amd,26.0,Mother Gigabyte AM1 E6010N Procesador E1-6010 incluido  BULK - OUTLET,Gigabyte,60850.0,True,https://compragamer.com/producto/Mother_Gigabyte_AM1_E6010N_Procesador_E1_6010_incluido_BULK_OUTLET_19813?cate=26,-,-
solo_compragamer,mothers,mothers|GIGABYTE|B760M|S1700|B760M|AORUS|ELITE|AX|S1700,-,-,-,-,-,-,-,-,-,compragamer_mothers_intel,49.0,Mother Gigabyte B760M AORUS ELITE AX S1700,Gigabyte,291850.0,True,https://compragamer.com/producto/Mother_Gigabyte_B760M_AORUS_ELITE_AX_S1700_20162?cate=49,-,-
solo_compragamer,mothers,mothers|GIGABYTE|B860I|S1851|B860I|AORUS|ICE|S1851,-,-,-,-,-,-,-,-,-,compragamer_mothers_intel,49.0,Mother Gigabyte B860I AORUS PRO ICE S1851,Gigabyte,357550.0,True,https://compragamer.com/producto/Mother_Gigabyte_B860I_AORUS_PRO_ICE_S1851_20163?cate=49,-,-
solo_compragamer,mothers,mothers|GIGABYTE|B860M|S1851|B860M|AORUS|ELITE|6E|ICE,-,-,-,-,-,-,-,-,-,compragamer_mothers_intel,49.0,Mother Gigabyte B860M AORUS ELITE WIFI 6E ICE S1851,Gigabyte,324650.0,True,https://compragamer.com/producto/Mother_Gigabyte_B860M_AORUS_ELITE_WIFI_6E_ICE_S1851_20164?cate=49,-,-
solo_compragamer,mothers,mothers|GIGABYTE|H470M||H470M|SOCKET|1200|BULK|OUTLET,-,-,-,-,-,-,-,-,-,compragamer_mothers_intel,49.0,Mother Gigabyte H470M H DDR4 Socket 1200  BULK - OUTLET,Gigabyte,91800.0,True,https://compragamer.com/producto/Mother_Gigabyte_H470M_H_DDR4_Socket_1200_BULK_OUTLET_19792?cate=49,-,-
solo_compragamer,mothers,mothers|GIGABYTE|X870E|AM5|X870E|AERO|X3D|WOOD|ICE,-,-,-,-,-,-,-,-,-,compragamer_mothers_amd,26.0,Mother Gigabyte X870E AERO X3D WOOD WIFI 7 ICE AM5,Gigabyte,632000.0,True,https://compragamer.com/producto/Mother_Gigabyte_X870E_AERO_X3D_WOOD_WIFI_7_ICE_AM5_20209?cate=26,-,-
solo_compragamer,mothers,mothers|GIGABYTE|X870E|AM5|X870E|AORUS|XTREME|AI|TOP,-,-,-,-,-,-,-,-,-,compragamer_mothers_amd,26.0,Mother Gigabyte X870E AORUS XTREME AI TOP AM5,Gigabyte,1540100.0,True,https://compragamer.com/producto/Mother_Gigabyte_X870E_AORUS_XTREME_AI_TOP_AM5_20158?cate=26,-,-
solo_compragamer,mothers,mothers|GIGABYTE|X870I|AM5|X870I|AORUS|ICE|AM5,-,-,-,-,-,-,-,-,-,compragamer_mothers_amd,26.0,Mother Gigabyte X870I AORUS PRO ICE AM5,Gigabyte,461900.0,True,https://compragamer.com/producto/Mother_Gigabyte_X870I_AORUS_PRO_ICE_AM5_20159?cate=26,-,-
solo_compragamer,mothers,mothers|GIGABYTE|X870M|AM5|X870M|AORUS|ELITE|AM5,-,-,-,-,-,-,-,-,-,compragamer_mothers_amd,26.0,Mother Gigabyte X870M AORUS ELITE WIFI 7 AM5,Gigabyte,374900.0,True,https://compragamer.com/producto/Mother_Gigabyte_X870M_AORUS_ELITE_WIFI_7_AM5_20160?cate=26,-,-
solo_compragamer,mothers,mothers|GIGABYTE|X870M|AM5|X870M|AORUS|ELITE|ICE|AM5,-,-,-,-,-,-,-,-,-,compragamer_mothers_amd,26.0,Mother Gigabyte X870M AORUS ELITE WIFI 7 ICE AM5,Gigabyte,378750.0,True,https://compragamer.com/producto/Mother_Gigabyte_X870M_AORUS_ELITE_WIFI_7_ICE_AM5_20161?cate=26,-,-
solo_compragamer,mothers,mothers|GIGABYTE|Z890I|S1851|Z890I|AORUS|ULTRA|S1851,-,-,-,-,-,-,-,-,-,compragamer_mothers_intel,49.0,Mother Gigabyte Z890I AORUS ULTRA S1851,Gigabyte,531400.0,True,https://compragamer.com/producto/Mother_Gigabyte_Z890I_AORUS_ULTRA_S1851_20165?cate=49,-,-
solo_compragamer,mothers,mothers|GIGABYTE|Z890M|S1851|Z890M|AORUS|ELITE|ICE|S1851,-,-,-,-,-,-,-,-,-,compragamer_mothers_intel,49.0,Mother Gigabyte Z890M AORUS ELITE WIFI 7 ICE S1851,Gigabyte,415500.0,True,https://compragamer.com/producto/Mother_Gigabyte_Z890M_AORUS_ELITE_WIFI_7_ICE_S1851_20166?cate=49,-,-
solo_compragamer,mothers,mothers|MSI|A520M|AM4|A520M|AM4,-,-,-,-,-,-,-,-,-,compragamer_mothers_amd,26.0,Mother MSI A520M-A PRO DDR4 AM4,MSI,77700.0,True,https://compragamer.com/producto/Mother_MSI_A520M_A_PRO_DDR4_AM4_10900?cate=26,-,-
solo_compragamer,mothers,mothers|MSI|B760M|S1700|B760M|S1700,-,-,-,-,-,-,-,-,-,compragamer_mothers_intel,49.0,Mother MSI B760M GAMING PLUS WIFI DDR5 S1700,MSI,245000.0,True,https://compragamer.com/producto/Mother_MSI_B760M_GAMING_PLUS_WIFI_DDR5_S1700_15731?cate=49,-,-
solo_compragamer,mothers,mothers|MSI|B760M|S1700|B760M|S1700,-,-,-,-,-,-,-,-,-,compragamer_mothers_intel,49.0,Mother MSI B760M-E PRO S1700 DDR5,MSI,149500.0,True,https://compragamer.com/producto/Mother_MSI_B760M_E_PRO_S1700_DDR5_15910?cate=49,-,-
solo_compragamer,mothers,mothers|MSI|B760M|S1700|B760M|S1700,-,-,-,-,-,-,-,-,-,compragamer_mothers_intel,49.0,Mother MSI PRO B760M-P DDR5 S1700,MSI,202850.0,True,https://compragamer.com/producto/Mother_MSI_PRO_B760M_P_DDR5_S1700_17074?cate=49,-,-
solo_compragamer,mothers,mothers|MSI|B760M|S1700|B760M|S1700,-,-,-,-,-,-,-,-,-,compragamer_mothers_intel,49.0,Mother MSI B760M-A PRO S1700 DDR5 WIFI,MSI,237950.0,True,https://compragamer.com/producto/Mother_MSI_B760M_A_PRO_S1700_DDR5_WIFI_19280?cate=49,-,-
solo_compragamer,mothers,mothers|MSI|B840M||B840M|WIFI6E,-,-,-,-,-,-,-,-,-,compragamer_mothers_amd,26.0,Mother MSI B840M-P PRO WIFI6E,MSI,216000.0,True,https://compragamer.com/producto/Mother_MSI_B840M_P_PRO_WIFI6E_18491?cate=26,-,-
solo_compragamer,mothers,mothers|MSI|B840||B840,-,-,-,-,-,-,-,-,-,compragamer_mothers_amd,26.0,Mother MSI B840 GAMING PLUS WIFI,MSI,252500.0,True,https://compragamer.com/producto/Mother_MSI_B840_GAMING_PLUS_WIFI_20092?cate=26,-,-
solo_compragamer,mothers,mothers|MSI|B840||B840|EVO|WIFI6E,-,-,-,-,-,-,-,-,-,compragamer_mothers_amd,26.0,Mother MSI PRO B840-S EVO WIFI6E,MSI,236950.0,True,https://compragamer.com/producto/Mother_MSI_PRO_B840_S_EVO_WIFI6E_20148?cate=26,-,-
solo_compragamer,mothers,mothers|MSI|B850M|AM5|B850M|6E|AM5,-,-,-,-,-,-,-,-,-,compragamer_mothers_amd,26.0,Mother MSI B850M GAMING PLUS WIFI 6E AM5 DDR5,MSI,297250.0,True,https://compragamer.com/producto/Mother_MSI_B850M_GAMING_PLUS_WIFI_6E_AM5_DDR5_18540?cate=26,-,-
solo_compragamer,mothers,mothers|MSI|B850M|AM5|B850M|6E|AM5,-,-,-,-,-,-,-,-,-,compragamer_mothers_amd,26.0,Mother MSI B850M GAMING PRO WIFI 6E AM5 DDR5,MSI,304300.0,True,https://compragamer.com/producto/Mother_MSI_B850M_GAMING_PRO_WIFI_6E_AM5_DDR5_19264?cate=26,-,-
solo_compragamer,mothers,mothers|MSI|B850M|AM5|B850M|6E|AM5,-,-,-,-,-,-,-,-,-,compragamer_mothers_amd,26.0,Mother MSI B850M GAMING WIFI 6E AM5 DDR5,MSI,244450.0,True,https://compragamer.com/producto/Mother_MSI_B850M_GAMING_WIFI_6E_AM5_DDR5_19275?cate=26,-,-
solo_compragamer,mothers,mothers|MSI|B850M|AM5|B850M|GEN4|AM5,-,-,-,-,-,-,-,-,-,compragamer_mothers_amd,26.0,Mother MSI B850M-B PRO GEN4 AM5,MSI,168900.0,True,https://compragamer.com/producto/Mother_MSI_B850M_B_PRO_GEN4_AM5_19278?cate=26,-,-
solo_compragamer,mothers,mothers|MSI|B850M||B850M,-,-,-,-,-,-,-,-,-,compragamer_mothers_amd,26.0,Mother MSI B850M-P PRO WIFI,MSI,217050.0,True,https://compragamer.com/producto/Mother_MSI_B850M_P_PRO_WIFI_20099?cate=26,-,-
solo_compragamer,mothers,mothers|MSI|B850|AM5|B850|AM5,-,-,-,-,-,-,-,-,-,compragamer_mothers_amd,26.0,Mother MSI B850 GAMING PLUS WIFI AM5 DDR5,MSI,337400.0,True,https://compragamer.com/producto/Mother_MSI_B850_GAMING_PLUS_WIFI_AM5_DDR5_17075?cate=26,-,-
solo_compragamer,mothers,mothers|MSI|B850|AM5|MAG|B850|TOMAHAWK|AM5,-,-,-,-,-,-,-,-,-,compragamer_mothers_amd,26.0,Mother MSI MAG B850 TOMAHAWK WIFI AM5,MSI,405600.0,True,https://compragamer.com/producto/Mother_MSI_MAG_B850_TOMAHAWK_WIFI_AM5_20220?cate=26,-,-
solo_compragamer,mothers,mothers|MSI|B850||B850|WIFI6E,-,-,-,-,-,-,-,-,-,compragamer_mothers_amd,26.0,Mother MSI B850-S PRO WIFI6E,MSI,314150.0,True,https://compragamer.com/producto/Mother_MSI_B850_S_PRO_WIFI6E_19284?cate=26,-,-
solo_compragamer,mothers,mothers|MSI|B850||B850|WIFI6E,-,-,-,-,-,-,-,-,-,compragamer_mothers_amd,26.0,Mother MSI PRO B850-S WIFI6E,MSI,295550.0,True,https://compragamer.com/producto/Mother_MSI_PRO_B850_S_WIFI6E_20107?cate=26,-,-
solo_compragamer,mothers,mothers|MSI|B850||B850|WIFI7,-,-,-,-,-,-,-,-,-,compragamer_mothers_amd,26.0,Mother MSI B850-P PRO WIFI7,MSI,329700.0,True,https://compragamer.com/producto/Mother_MSI_B850_P_PRO_WIFI7_19276?cate=26,-,-
solo_compragamer,mothers,mothers|MSI|B860M||B860M|LGA1851,-,-,-,-,-,-,-,-,-,compragamer_mothers_intel,49.0,Mother MSI B860M GAMING PLUS WIFI LGA1851 DDR5,MSI,311550.0,True,https://compragamer.com/producto/Mother_MSI_B860M_GAMING_PLUS_WIFI_LGA1851_DDR5_17190?cate=49,-,-
solo_compragamer,mothers,mothers|MSI|B860M||B860M|LGA1851|BULK|OUTLET,-,-,-,-,-,-,-,-,-,compragamer_mothers_intel,49.0,Mother MSI B860M GAMING PLUS WIFI LGA1851 DDR5  BULK - OUTLET,MSI,278700.0,True,https://compragamer.com/producto/Mother_MSI_B860M_GAMING_PLUS_WIFI_LGA1851_DDR5_BULK_OUTLET_19721?cate=49,-,-
solo_compragamer,mothers,mothers|MSI|B860||B860|LGA1851,-,-,-,-,-,-,-,-,-,compragamer_mothers_intel,49.0,Mother MSI B860 GAMING PLUS WIFI LGA1851 DDR5,MSI,331550.0,True,https://compragamer.com/producto/Mother_MSI_B860_GAMING_PLUS_WIFI_LGA1851_DDR5_17189?cate=49,-,-
solo_compragamer,mothers,mothers|MSI|B860||MAG|B860|TOMAHAWK|LGA1851,-,-,-,-,-,-,-,-,-,compragamer_mothers_intel,49.0,Mother MSI MAG B860 TOMAHAWK WIFI LGA1851 DDR5,MSI,411000.0,True,https://compragamer.com/producto/Mother_MSI_MAG_B860_TOMAHAWK_WIFI_LGA1851_DDR5_17191?cate=49,-,-
solo_compragamer,mothers,mothers|MSI|H610M|S1700|H610M|S1700,-,-,-,-,-,-,-,-,-,compragamer_mothers_intel,49.0,Mother MSI PRO H610M-S DDR5 S1700,MSI,100450.0,True,https://compragamer.com/producto/Mother_MSI_PRO_H610M_S_DDR5_S1700_17549?cate=49,-,-
solo_compragamer,mothers,mothers|MSI|H810M||H810M,-,-,-,-,-,-,-,-,-,compragamer_mothers_intel,49.0,Mother MSI H810M-E PRO,MSI,153350.0,True,https://compragamer.com/producto/Mother_MSI_H810M_E_PRO_20097?cate=49,-,-
solo_compragamer,mothers,mothers|MSI|H810M||H810M|LGA1851,-,-,-,-,-,-,-,-,-,compragamer_mothers_intel,49.0,Mother MSI H810M-B LGA1851 DDR5,MSI,180650.0,True,https://compragamer.com/producto/Mother_MSI_H810M_B_LGA1851_DDR5_19282?cate=49,-,-
solo_compragamer,mothers,mothers|MSI|X870E||MAG|X870E|MAX,-,-,-,-,-,-,-,-,-,compragamer_mothers_amd,26.0,Mother MSI MAG X870E GAMING MAX WIFI,MSI,392850.0,True,https://compragamer.com/producto/Mother_MSI_MAG_X870E_GAMING_MAX_WIFI_20094?cate=26,-,-
solo_compragamer,mothers,mothers|MSI|X870E||MAG|X870E|TOMAHAWK|BULK|OUTLET,-,-,-,-,-,-,-,-,-,compragamer_mothers_amd,26.0,Mother MSI MAG X870E TOMAHAWK WIFI DDR5   BULK - OUTLET,MSI,506000.0,True,https://compragamer.com/producto/Mother_MSI_MAG_X870E_TOMAHAWK_WIFI_DDR5_BULK_OUTLET_19724?cate=26,-,-
solo_compragamer,mothers,mothers|MSI|X870E||MAG|X870E|TOMAHAWK|MAX|PZ,-,-,-,-,-,-,-,-,-,compragamer_mothers_amd,26.0,Mother MSI MAG X870E TOMAHAWK MAX WIFI PZ,MSI,543850.0,True,https://compragamer.com/producto/Mother_MSI_MAG_X870E_TOMAHAWK_MAX_WIFI_PZ_20102?cate=26,-,-
solo_compragamer,mothers,mothers|MSI|X870E||MEG|X870E|ACE|MAX,-,-,-,-,-,-,-,-,-,compragamer_mothers_amd,26.0,Mother MSI MEG X870E ACE MAX,MSI,1113850.0,True,https://compragamer.com/producto/Mother_MSI_MEG_X870E_ACE_MAX_20096?cate=26,-,-
solo_compragamer,mothers,mothers|MSI|X870E||MPG|X870E|CARBON,-,-,-,-,-,-,-,-,-,compragamer_mothers_amd,26.0,Mother MSI MPG X870E CARBON WIFI DDR5,MSI,870450.0,True,https://compragamer.com/producto/Mother_MSI_MPG_X870E_CARBON_WIFI_DDR5_19279?cate=26,-,-
solo_compragamer,mothers,mothers|MSI|X870E||X870E,-,-,-,-,-,-,-,-,-,compragamer_mothers_amd,26.0,Mother MSI X870E GAMING PLUS WIFI,MSI,452250.0,True,https://compragamer.com/producto/Mother_MSI_X870E_GAMING_PLUS_WIFI_19273?cate=26,-,-
solo_compragamer,mothers,mothers|MSI|X870||X870,-,-,-,-,-,-,-,-,-,compragamer_mothers_amd,26.0,Mother MSI PRO X870-P WIFI,MSI,374200.0,True,https://compragamer.com/producto/Mother_MSI_PRO_X870_P_WIFI_20101?cate=26,-,-
solo_compragamer,mothers,mothers|MSI|X870||X870,-,-,-,-,-,-,-,-,-,compragamer_mothers_amd,26.0,Mother MSI X870 GAMING PLUS WIFI,MSI,400350.0,True,https://compragamer.com/producto/Mother_MSI_X870_GAMING_PLUS_WIFI_20108?cate=26,-,-
solo_compragamer,mothers,mothers|MSI|Z890||MAG|Z890|TOMAHAWK,-,-,-,-,-,-,-,-,-,compragamer_mothers_intel,49.0,Mother MSI MAG Z890 TOMAHAWK WIFI,MSI,470600.0,True,https://compragamer.com/producto/Mother_MSI_MAG_Z890_TOMAHAWK_WIFI_20103?cate=49,-,-
solo_compragamer,mothers,mothers|MSI|Z890||MPG|Z890|CARBON,-,-,-,-,-,-,-,-,-,compragamer_mothers_intel,49.0,Mother MSI MPG Z890 CARBON WIFI,MSI,694250.0,True,https://compragamer.com/producto/Mother_MSI_MPG_Z890_CARBON_WIFI_20095?cate=49,-,-
solo_compragamer,mothers,mothers|MSI|Z890||Z890,-,-,-,-,-,-,-,-,-,compragamer_mothers_intel,49.0,Mother MSI PRO Z890-S WIFI WHITE,MSI,369100.0,True,https://compragamer.com/producto/Mother_MSI_PRO_Z890_S_WIFI_WHITE_19272?cate=49,-,-
solo_compragamer,mothers,mothers|MSI|Z890||Z890,-,-,-,-,-,-,-,-,-,compragamer_mothers_intel,49.0,Mother MSI Z890 GAMING PLUS WIFI,MSI,379300.0,True,https://compragamer.com/producto/Mother_MSI_Z890_GAMING_PLUS_WIFI_19274?cate=49,-,-
solo_compragamer,mothers,mothers|MSI|Z890||Z890,-,-,-,-,-,-,-,-,-,compragamer_mothers_intel,49.0,Mother MSI PRO Z890-P WIFI,MSI,366450.0,True,https://compragamer.com/producto/Mother_MSI_PRO_Z890_P_WIFI_20100?cate=49,-,-
solo_distribuidor,mothers,mothers|ASROCK|A620M|AM5|AM5|A620M|HDV,-,MOTHER ASROCK,118193,A620M-HDV/M.2,MOTHER ASROCK (AM5) A620M-HDV/M.2,ASROCK,ASROCK,140853.36,10.0,-,-,-,-,-,-,-,-,-
solo_distribuidor,mothers,mothers|ASROCK|A620M|AM5|AM5|A620M|R2|AX|BT,-,MOTHER ASROCK,119193,A620M-C R2.0 BULK,MOTHER ASROCK (AM5) A620M-C R2 WIFI-AX+BT (BULK),ASROCK,ASROCK,151644.26,10.0,-,-,-,-,-,-,-,-,-
solo_distribuidor,mothers,mothers|ASROCK|H510||LGA1200|H510|BTC|MINERIA|EX6,-,MOTHER ASROCK,115272,H510 PROBTC+,MOTHER ASROCK (LGA1200) H510 PRO BTC+ MINERIA PCI-Ex6,ASROCK,ASROCK,225462.05,10.0,-,-,-,-,-,-,-,-,-
solo_distribuidor,mothers,mothers|ASUS|B550M|AM4|AM4|TUF|B550M|WI|FI,-,MOTHER ASUS,118065,TUF GAMING B550M-PLUS (WI-FI) II,MOTHER ASUS (AM4) TUF GAMING B550M-PLUS WI-FI II,ASUS,ASUS,229706.3,10.0,-,-,-,-,-,-,-,-,-
solo_distribuidor,mothers,mothers|ASUS|B850|AM5|AM5|ROG|STRIX|B850,-,MOTHER ASUS,119905,ROG STRIX B850-A GAMING WIFI,MOTHER ASUS (AM5) ROG STRIX B850-A GAMING WIFI,ASUS,ASUS,428483.81,10.0,-,-,-,-,-,-,-,-,-
solo_distribuidor,mothers,mothers|ASUS|B860|1851|LGA|1851|TUF|B860,-,MOTHER ASUS,120211,TUF GAMING B860-PLUS WIFI,MOTHER ASUS (LGA 1851) TUF GAMING B860-PLUS WIFI,ASUS,ASUS,330207.37,6.0,-,-,-,-,-,-,-,-,-
solo_distribuidor,mothers,mothers|ASUS|H610M||LGA1700|PRIME|H610M|D4|R2,-,MOTHER ASUS,121657,PRIME H610M-F D4 R2.0,MOTHER ASUS (LGA1700) PRIME H610M-F D4 R2.0,ASUS,ASUS,93734.28,10.0,-,-,-,-,-,-,-,-,-
solo_distribuidor,mothers,mothers|ASUS|Z890|1851|1851|Z890|AYW,-,MOTHER ASUS,122528,Z890 AYW GAMING WIFI W,MOTHER ASUS (1851) Z890 AYW GAMING WIFI,ASUS,ASUS,344027.22,2.0,-,-,-,-,-,-,-,-,-
solo_distribuidor,mothers,mothers|GIGABYTE|A520M|AM4|AM4|A520M|V2,-,MOTHER GIGABYTE,118172,A520M K V2,MOTHER GIGABYTE (AM4) A520M K V2,GIGABYTE                                          ,GIGABYTE,71389.72,10.0,-,-,-,-,-,-,-,-,-
solo_distribuidor,mothers,mothers|GIGABYTE|A620I|AM5|AM5|A620I|AX,-,MOTHER GIGABYTE,120270,A620I AX,MOTHER GIGABYTE (AM5) A620I AX,GIGABYTE                                          ,GIGABYTE,234097.61,10.0,-,-,-,-,-,-,-,-,-
solo_distribuidor,mothers,mothers|GIGABYTE|A620M|AM5|AM5|A620M,-,MOTHER GIGABYTE,119026,A620M H,MOTHER GIGABYTE (AM5) A620M H,GIGABYTE                                          ,GIGABYTE,105520.82,10.0,-,-,-,-,-,-,-,-,-
solo_distribuidor,mothers,mothers|GIGABYTE|A620M|AM5|AM5|A620M|DS3H,-,MOTHER GIGABYTE,120816,A620M DS3H,MOTHER GIGABYTE (AM5) A620M DS3H,GIGABYTE                                          ,GIGABYTE,150621.7,10.0,-,-,-,-,-,-,-,-,-
solo_distribuidor,mothers,mothers|GIGABYTE|B650I|AM5|AM5|B650I|AX,-,MOTHER GIGABYTE,120327,B650I AX,MOTHER GIGABYTE (AM5) B650I AX,GIGABYTE                                          ,GIGABYTE,270274.93,3.0,-,-,-,-,-,-,-,-,-
solo_distribuidor,mothers,mothers|GIGABYTE|B650M|AM5|AM5|B650M|D3HP|AX,-,MOTHER GIGABYTE,119241,B650M D3HP AX,MOTHER GIGABYTE (AM5) B650M D3HP AX,GIGABYTE                                          ,GIGABYTE,191827.12,10.0,-,-,-,-,-,-,-,-,-
solo_distribuidor,mothers,mothers|GIGABYTE|B760M||LGA1700|B760M,-,MOTHER GIGABYTE,120276,B760M G P WIFI DDR4,MOTHER GIGABYTE (LGA1700) B760M G P WIFI DDR4,GIGABYTE                                          ,GIGABYTE,174211.79,10.0,-,-,-,-,-,-,-,-,-
solo_distribuidor,mothers,mothers|GIGABYTE|B760M||LGA1700|B760M|D2H,-,MOTHER GIGABYTE,122601,B760M D2H DDR4,MOTHER GIGABYTE (LGA1700) B760M D2H DDR4,GIGABYTE                                          ,GIGABYTE,143486.13,10.0,-,-,-,-,-,-,-,-,-
solo_distribuidor,mothers,mothers|GIGABYTE|B760M||LGA1700|B760M|D3HP,-,MOTHER GIGABYTE,119714,B760M D3HP DDR4,MOTHER GIGABYTE (LGA1700) B760M D3HP DDR4,GIGABYTE                                          ,GIGABYTE,139796.78,10.0,-,-,-,-,-,-,-,-,-
solo_distribuidor,mothers,mothers|GIGABYTE|B840M|AM5|AM5|B840M|D2H,-,MOTHER GIGABYTE,120650,B840M D2H,MOTHER GIGABYTE (AM5) B840M D2H,GIGABYTE                                          ,GIGABYTE,146217.16,10.0,-,-,-,-,-,-,-,-,-
solo_distribuidor,mothers,mothers|GIGABYTE|B840M|AM5|AM5|B840M|DS3H,-,MOTHER GIGABYTE,120651,B840M DS3H,MOTHER GIGABYTE (AM5) B840M DS3H,GIGABYTE                                          ,GIGABYTE,178715.53,10.0,-,-,-,-,-,-,-,-,-
solo_distribuidor,mothers,mothers|GIGABYTE|B850M|AM5|AM5|B850M|D3HP,-,MOTHER GIGABYTE,120648,B850M D3HP,MOTHER GIGABYTE (AM5) B850M D3HP,GIGABYTE                                          ,GIGABYTE,191350.95,10.0,-,-,-,-,-,-,-,-,-
solo_distribuidor,mothers,mothers|GIGABYTE|B850|AM5|AM5|B850|ELITE|WF7,-,MOTHER GIGABYTE,120272,B850 A ELITE WF7,MOTHER GIGABYTE (AM5) B850 A ELITE WF7,GIGABYTE                                          ,GIGABYTE,312711.08,10.0,-,-,-,-,-,-,-,-,-
solo_distribuidor,mothers,mothers|GIGABYTE|B860M|1851|LGA|1851|B860M,-,MOTHER GIGABYTE,121222,B860M D,MOTHER GIGABYTE (LGA 1851) B860M D,GIGABYTE                                          ,GIGABYTE,162474.85,10.0,-,-,-,-,-,-,-,-,-
solo_distribuidor,mothers,mothers|GIGABYTE|B860M|1851|LGA|1851|B860M,-,MOTHER GIGABYTE,120659,B860M E,MOTHER GIGABYTE (LGA 1851) B860M E,GIGABYTE                                          ,GIGABYTE,150842.78,10.0,-,-,-,-,-,-,-,-,-
solo_distribuidor,mothers,mothers|GIGABYTE|B860M|1851|LGA|1851|B860M|DS3H|WIFI6E,-,MOTHER GIGABYTE,120658,B860M DS3H WIFI6E,MOTHER GIGABYTE (LGA 1851) B860M DS3H WIFI6E,GIGABYTE                                          ,GIGABYTE,225702.97,10.0,-,-,-,-,-,-,-,-,-
solo_distribuidor,mothers,mothers|GIGABYTE|B860M|1851|LGA|1851|B860M|EAGLE|WIFI6,-,MOTHER GIGABYTE,120351,B860M EAGLE WIFI6,MOTHER GIGABYTE (LGA 1851) B860M EAGLE WIFI6,GIGABYTE                                          ,GIGABYTE,209394.26,10.0,-,-,-,-,-,-,-,-,-
solo_distribuidor,mothers,mothers|GIGABYTE|B860M|1851|LGA|1851|B860M|WIFI6E,-,MOTHER GIGABYTE,120354,B860M GAMING X WIFI6E,MOTHER GIGABYTE (LGA 1851) B860M GAMING X WIFI6E,GIGABYTE                                          ,GIGABYTE,247317.53,10.0,-,-,-,-,-,-,-,-,-
solo_distribuidor,mothers,mothers|GIGABYTE|B860|1851|LGA|1851|B860|DS3H,-,MOTHER GIGABYTE,120331,B860 DS3H,MOTHER GIGABYTE (LGA 1851) B860 DS3H,GIGABYTE                                          ,GIGABYTE,227454.58,10.0,-,-,-,-,-,-,-,-,-
solo_distribuidor,mothers,mothers|GIGABYTE|B860|1851|LGA|1851|B860|DS3H|WIFI6E,-,MOTHER GIGABYTE,120332,B860 DS3H WIFI6E,MOTHER GIGABYTE (LGA 1851) B860 DS3H WIFI6E,GIGABYTE                                          ,GIGABYTE,242776.94,6.0,-,-,-,-,-,-,-,-,-
solo_distribuidor,mothers,mothers|GIGABYTE|H610M||LGA1700|H610M|V2,-,MOTHER GIGABYTE,119257,H610M K V2,MOTHER GIGABYTE (LGA1700) H610M K V2,GIGABYTE                                          ,GIGABYTE,102088.61,10.0,-,-,-,-,-,-,-,-,-
solo_distribuidor,mothers,mothers|GIGABYTE|H810M|1851|LGA|1851|H810M|WIFI6,-,MOTHER GIGABYTE,121216,H810M GAMING WIFI6,MOTHER GIGABYTE (LGA 1851) H810M GAMING WIFI6,GIGABYTE                                          ,GIGABYTE,169685.37,10.0,-,-,-,-,-,-,-,-,-
solo_distribuidor,mothers,mothers|GIGABYTE|X870|AM5|AM5|X870|EAGLE|WIFI7,-,MOTHER GIGABYTE,119877,X870 EAGLE WIFI7,MOTHER GIGABYTE (AM5) X870 EAGLE WIFI7,GIGABYTE                                          ,GIGABYTE,332160.22,10.0,-,-,-,-,-,-,-,-,-
solo_distribuidor,mothers,mothers|GIGABYTE|X870|AM5|AM5|X870|WF6,-,MOTHER GIGABYTE,119718,X870 GAMING WF6,MOTHER GIGABYTE (AM5) X870 GAMING WF6,GIGABYTE                                          ,GIGABYTE,314099.9,2.0,-,-,-,-,-,-,-,-,-
solo_distribuidor,mothers,mothers|GIGABYTE|X870|AM5|AM5|X870|WIFI7,-,MOTHER GIGABYTE,119719,X870 GAMING X WIFI7,MOTHER GIGABYTE (AM5) X870 GAMING X WIFI7,GIGABYTE                                          ,GIGABYTE,364641.58,10.0,-,-,-,-,-,-,-,-,-
solo_distribuidor,mothers,mothers|GIGABYTE|Z890M||LGA1851|Z890M,-,MOTHER GIGABYTE,120261,Z890M GAMING X,MOTHER GIGABYTE (LGA1851) Z890M GAMING X,GIGABYTE                                          ,GIGABYTE,236333.58,10.0,-,-,-,-,-,-,-,-,-
solo_distribuidor,mothers,mothers|GIGABYTE|Z890||LGA1851|Z890|EAGLE,-,MOTHER GIGABYTE,120258,Z890 EAGLE,MOTHER GIGABYTE (LGA1851) Z890 EAGLE,GIGABYTE                                          ,GIGABYTE,307201.78,10.0,-,-,-,-,-,-,-,-,-
solo_distribuidor,mothers,mothers|GIGABYTE|Z890||LGA1851|Z890|UD,-,MOTHER GIGABYTE,120357,Z890 UD,MOTHER GIGABYTE (LGA1851) Z890 UD,GIGABYTE                                          ,GIGABYTE,265915.11,10.0,-,-,-,-,-,-,-,-,-
solo_compragamer,placas_video,placas_video|ASROCK|PLACA|DE|AI|R9700|32GB|GDDR6,-,-,-,-,-,-,-,-,-,compragamer_radeon,62.0,Placa de Video Asrock Radeon AI PRO R9700 32GB GDDR6 CREATOR,Asrock,2620900.0,True,https://compragamer.com/producto/Placa_de_Video_Asrock_Radeon_AI_PRO_R9700_32GB_GDDR6_CREATOR_19539?cate=62,-,-
solo_compragamer,placas_video,placas_video|ASROCK|RX|7600||8GB|PLACA|DE|RX|7600|8GB|GDDR6,-,-,-,-,-,-,-,-,-,compragamer_radeon,62.0,Placa de Video Asrock Radeon RX 7600 8GB GDDR6 Challenger OC,Asrock,499850.0,True,https://compragamer.com/producto/Placa_de_Video_Asrock_Radeon_RX_7600_8GB_GDDR6_Challenger_OC_14722?cate=62,-,-
solo_compragamer,placas_video,placas_video|ASROCK|RX|9070|XT|16GB|PLACA|DE|RX|9070|XT|16GB,-,-,-,-,-,-,-,-,-,compragamer_radeon,62.0,Placa de Video Asrock Radeon RX 9070 XT 16GB GDDR6 Monster Hunter Wilds Edition,Asrock,1310750.0,True,https://compragamer.com/producto/Placa_de_Video_Asrock_Radeon_RX_9070_XT_16GB_GDDR6_Monster_Hunter_Wilds_Edition_19297?cate=62,-,-
solo_compragamer,placas_video,placas_video|ASUS|RTX|5060|TI|16GB|PLACA|DE|RTX|5060|TI|16GB,-,-,-,-,-,-,-,-,-,compragamer_geforce,6.0,Placa de Video ASUS DUAL GeForce RTX 5060 TI 16GB GDDR7 OC EVO,Asus,1037750.0,True,https://compragamer.com/producto/Placa_de_Video_ASUS_DUAL_GeForce_RTX_5060_TI_16GB_GDDR7_OC_EVO_19348?cate=6,-,-
solo_compragamer,placas_video,placas_video|ASUS|RTX|5070||12GB|PLACA|DE|RTX|5070|12GB|GDDR7,-,-,-,-,-,-,-,-,-,compragamer_geforce,6.0,Placa de Video ASUS DUAL GeForce RTX 5070 12GB GDDR7 OC,Asus,1198800.0,True,https://compragamer.com/producto/Placa_de_Video_ASUS_DUAL_GeForce_RTX_5070_12GB_GDDR7_OC_19343?cate=6,-,-
solo_compragamer,placas_video,placas_video|ASUS|RTX|5080||16GB|PLACA|DE|PROART|RTX|5080|16GB,-,-,-,-,-,-,-,-,-,compragamer_geforce,6.0,Placa de Video ASUS ProArt GeForce RTX 5080 16GB GDDR7 OC,Asus,3118390.0,True,https://compragamer.com/producto/Placa_de_Video_ASUS_ProArt_GeForce_RTX_5080_16GB_GDDR7_OC_19350?cate=6,-,-
solo_compragamer,placas_video,placas_video|ASUS|RTX|5080||16GB|PLACA|DE|RTX|5080|16GB|GDDR7,-,-,-,-,-,-,-,-,-,compragamer_geforce,6.0,Placa de Video ASUS GeForce RTX 5080 16GB GDDR7 NOCTUA EDITION OC,Asus,3327250.0,True,https://compragamer.com/producto/Placa_de_Video_ASUS_GeForce_RTX_5080_16GB_GDDR7_NOCTUA_EDITION_OC_19349?cate=6,-,-
solo_compragamer,placas_video,placas_video|ASUS|RX|7600||8GB|PLACA|DE|RX|7600|8GB|GDDR6,-,-,-,-,-,-,-,-,-,compragamer_radeon,62.0,Placa de Video ASUS DUAL Radeon RX 7600 8GB GDDR6 EVO OC,Asus,520850.0,True,https://compragamer.com/producto/Placa_de_Video_ASUS_DUAL_Radeon_RX_7600_8GB_GDDR6_EVO_OC_17188?cate=62,-,-
solo_compragamer,placas_video,placas_video|ASUS|RX|9070|XT|16GB|PLACA|DE|TUF|RX|9070|XT,-,-,-,-,-,-,-,-,-,compragamer_radeon,62.0,Placa de Video ASUS TUF Radeon RX 9070 XT 16GB GDDR6 GAMING OC,Asus,1474200.0,True,https://compragamer.com/producto/Placa_de_Video_ASUS_TUF_Radeon_RX_9070_XT_16GB_GDDR6_GAMING_OC_17049?cate=62,-,-
solo_compragamer,placas_video,placas_video|GEFORCE|PLACA|DE|QUADRO|RTX|A5000|24GB,-,-,-,-,-,-,-,-,-,compragamer_geforce,6.0,Placa de Video NVIDIA Quadro RTX A5000 24GB GDDR6 ECC BULK - OUTLET,Nvidia,3942450.0,True,https://compragamer.com/producto/Placa_de_Video_NVIDIA_Quadro_RTX_A5000_24GB_GDDR6_ECC_BULK_OUTLET_19069?cate=6,-,-
solo_compragamer,placas_video,placas_video|GIGABYTE|RTX|5080||16GB|PLACA|DE|AORUS|RTX|5080|16GB,-,-,-,-,-,-,-,-,-,compragamer_geforce,6.0,Placa de Video Gigabyte AORUS GeForce RTX 5080 16GB GDDR7 MASTER,Gigabyte,2799900.0,True,https://compragamer.com/producto/Placa_de_Video_Gigabyte_AORUS_GeForce_RTX_5080_16GB_GDDR7_MASTER_20206?cate=6,-,-
solo_compragamer,placas_video,placas_video|GIGABYTE|RTX|5090||32GB|PLACA|DE|AORUS|RTX|5090|32GB,-,-,-,-,-,-,-,-,-,compragamer_geforce,6.0,Placa de Video Gigabyte AORUS GeForce RTX 5090 32GB GDDR7 MASTER ICE,Gigabyte,5836830.0,True,https://compragamer.com/producto/Placa_de_Video_Gigabyte_AORUS_GeForce_RTX_5090_32GB_GDDR7_MASTER_ICE_20205?cate=6,-,-
solo_compragamer,placas_video,placas_video|INNO3D|RTX|5060|TI|8GB|PLACA|DE|RTX|5060|TI|8GB,-,-,-,-,-,-,-,-,-,compragamer_geforce,6.0,Placa de Video INNO3D GeForce RTX 5060 Ti 8GB GDDR7 Twin X2,INNO3D,710000.0,True,https://compragamer.com/producto/Placa_de_Video_INNO3D_GeForce_RTX_5060_Ti_8GB_GDDR7_Twin_X2_17688?cate=6,-,-
solo_compragamer,placas_video,placas_video|INNO3D|RTX|5070|TI|16GB|PLACA|DE|RTX|5070|TI|16GB,-,-,-,-,-,-,-,-,-,compragamer_geforce,6.0,Placa de Video INNO3D GeForce RTX 5070 TI 16GB GDDR7 X3 OC,INNO3D,1624670.0,True,https://compragamer.com/producto/Placa_de_Video_INNO3D_GeForce_RTX_5070_TI_16GB_GDDR7_X3_OC_17363?cate=6,-,-
solo_compragamer,placas_video,placas_video|INNO3D|RTX|5070||12GB|PLACA|DE|RTX|5070|12GB|GDDR7,-,-,-,-,-,-,-,-,-,compragamer_geforce,6.0,Placa de Video INNO3D GeForce RTX 5070 12GB GDDR7 TWIN X2 OC WHITE,INNO3D,1124300.0,True,https://compragamer.com/producto/Placa_de_Video_INNO3D_GeForce_RTX_5070_12GB_GDDR7_TWIN_X2_OC_WHITE_17367?cate=6,-,-
solo_compragamer,placas_video,placas_video|INNO3D|RTX|5070||12GB|PLACA|DE|RTX|5070|12GB|GDDR7,-,-,-,-,-,-,-,-,-,compragamer_geforce,6.0,Placa de Video INNO3D GeForce RTX 5070 12GB GDDR7 TWIN X2 OC,INNO3D,1095900.0,True,https://compragamer.com/producto/Placa_de_Video_INNO3D_GeForce_RTX_5070_12GB_GDDR7_TWIN_X2_OC_17368?cate=6,-,-
solo_compragamer,placas_video,placas_video|INNO3D|RTX|5080||16GB|PLACA|DE|RTX|5080|16GB|GDDR7,-,-,-,-,-,-,-,-,-,compragamer_geforce,6.0,Placa de Video INNO3D GeForce RTX 5080 16GB GDDR7 X3 OC WHITE,INNO3D,2152710.0,True,https://compragamer.com/producto/Placa_de_Video_INNO3D_GeForce_RTX_5080_16GB_GDDR7_X3_OC_WHITE_17359?cate=6,-,-
solo_compragamer,placas_video,placas_video|INNO3D|RTX|5080||16GB|PLACA|DE|RTX|5080|16GB|GDDR7,-,-,-,-,-,-,-,-,-,compragamer_geforce,6.0,Placa de Video INNO3D GeForce RTX 5080 16GB GDDR7 X3 OC,INNO3D,2133740.0,True,https://compragamer.com/producto/Placa_de_Video_INNO3D_GeForce_RTX_5080_16GB_GDDR7_X3_OC_17360?cate=6,-,-
solo_compragamer,placas_video,placas_video|MSI|RTX|3050||6GB|PLACA|DE|RTX|3050|6GB|GDDR6,-,-,-,-,-,-,-,-,-,compragamer_geforce,6.0,Placa de Video MSI GeForce RTX 3050 6GB GDDR6 Ventus 2X OC,MSI,392480.0,True,https://compragamer.com/producto/Placa_de_Video_MSI_GeForce_RTX_3050_6GB_GDDR6_Ventus_2X_OC_15568?cate=6,-,-
solo_compragamer,placas_video,placas_video|MSI|RTX|5050||8GB|PLACA|DE|RTX|5050|8GB|SHADOW,-,-,-,-,-,-,-,-,-,compragamer_geforce,6.0,Placa de Video MSI GeForce RTX 5050 8GB SHADOW 2X OC,MSI,557900.0,True,https://compragamer.com/producto/Placa_de_Video_MSI_GeForce_RTX_5050_8GB_SHADOW_2X_OC_20296?cate=6,-,-
solo_compragamer,placas_video,placas_video|MSI|RTX|5060||8GB|PLACA|DE|RTX|5060|8GB|CYCLONE,-,-,-,-,-,-,-,-,-,compragamer_geforce,6.0,Placa de Video MSI GeForce RTX 5060 8GB CYCLONE OC,MSI,633330.0,True,https://compragamer.com/producto/Placa_de_Video_MSI_GeForce_RTX_5060_8GB_CYCLONE_OC_19559?cate=6,-,-
solo_compragamer,placas_video,placas_video|MSI|RTX|5060||8GB|PLACA|DE|RTX|5060|8GB|SHADOW,-,-,-,-,-,-,-,-,-,compragamer_geforce,6.0,Placa de Video MSI GeForce RTX 5060 8GB SHADOW X2 OC,MSI,676810.0,True,https://compragamer.com/producto/Placa_de_Video_MSI_GeForce_RTX_5060_8GB_SHADOW_X2_OC_18457?cate=6,-,-
solo_compragamer,placas_video,placas_video|MSI|RTX|5060||8GB|PLACA|DE|RTX|5060|8GB|VENTUS,-,-,-,-,-,-,-,-,-,compragamer_geforce,6.0,Placa de Video MSI GeForce RTX 5060 8GB VENTUS X2 OC White,MSI,689650.0,True,https://compragamer.com/producto/Placa_de_Video_MSI_GeForce_RTX_5060_8GB_VENTUS_X2_OC_White_19644?cate=6,-,-
solo_compragamer,placas_video,placas_video|MSI|RTX|5070|TI|16GB|PLACA|DE|RTX|5070|TI|16GB,-,-,-,-,-,-,-,-,-,compragamer_geforce,6.0,Placa de Video MSI GeForce RTX 5070 Ti 16GB GDDR7 SHADOW 3X OC,MSI,1744900.0,True,https://compragamer.com/producto/Placa_de_Video_MSI_GeForce_RTX_5070_Ti_16GB_GDDR7_SHADOW_3X_OC_17586?cate=6,-,-
solo_compragamer,placas_video,placas_video|MSI|RTX|5070||12GB|PLACA|DE|RTX|5070|12GB|GDDR7,-,-,-,-,-,-,-,-,-,compragamer_geforce,6.0,Placa de Video MSI GeForce RTX 5070 12GB GDDR7 GAMING TRIO OC,MSI,1277140.0,True,https://compragamer.com/producto/Placa_de_Video_MSI_GeForce_RTX_5070_12GB_GDDR7_GAMING_TRIO_OC_17365?cate=6,-,-
solo_compragamer,placas_video,placas_video|MSI|RTX|5070||12GB|PLACA|DE|RTX|5070|12GB|GDDR7,-,-,-,-,-,-,-,-,-,compragamer_geforce,6.0,Placa de Video MSI GeForce RTX 5070 12GB GDDR7 VENTUS 3X OC,MSI,1199900.0,True,https://compragamer.com/producto/Placa_de_Video_MSI_GeForce_RTX_5070_12GB_GDDR7_VENTUS_3X_OC_17935?cate=6,-,-
solo_compragamer,placas_video,placas_video|MSI|RTX|5080||16GB|PLACA|DE|RTX|5080|16GB|GDDR7,-,-,-,-,-,-,-,-,-,compragamer_geforce,6.0,Placa de Video MSI GeForce RTX 5080 16GB GDDR7 GAMING TRIO OC,MSI,2735860.0,True,https://compragamer.com/producto/Placa_de_Video_MSI_GeForce_RTX_5080_16GB_GDDR7_GAMING_TRIO_OC_17089?cate=6,-,-
solo_compragamer,placas_video,placas_video|MSI|RTX|5080||16GB|PLACA|DE|RTX|5080|16GB|GDDR7,-,-,-,-,-,-,-,-,-,compragamer_geforce,6.0,Placa de Video MSI GeForce RTX 5080 16GB GDDR7 SHADOW 3X OC,MSI,2571390.0,True,https://compragamer.com/producto/Placa_de_Video_MSI_GeForce_RTX_5080_16GB_GDDR7_SHADOW_3X_OC_17524?cate=6,-,-
solo_compragamer,placas_video,placas_video|MSI|RTX|5080||16GB|PLACA|DE|RTX|5080|16GB|GDDR7,-,-,-,-,-,-,-,-,-,compragamer_geforce,6.0,Placa de video MSI GeForce RTX 5080 16GB GDDR7 GAMING TRIO WHITE OC,MSI,2735060.0,True,https://compragamer.com/producto/Placa_de_video_MSI_GeForce_RTX_5080_16GB_GDDR7_GAMING_TRIO_WHITE_OC_17632?cate=6,-,-
solo_compragamer,placas_video,placas_video|XFX|RX|9070|XT|16GB|PLACA|DE|RX|9070|XT|16GB,-,-,-,-,-,-,-,-,-,compragamer_radeon,62.0,Placa de Video XFX Radeon RX 9070 XT 16GB GDDR6 Quicksilver Gaming Edition,XFX,1327450.0,True,https://compragamer.com/producto/Placa_de_Video_XFX_Radeon_RX_9070_XT_16GB_GDDR6_Quicksilver_Gaming_Edition_17378?cate=62,-,-
solo_compragamer,placas_video,placas_video|XFX|RX|9070|XT|16GB|PLACA|DE|RX|9070|XT|16GB,-,-,-,-,-,-,-,-,-,compragamer_radeon,62.0,Placa de Video XFX Radeon RX 9070 XT 16GB GDDR6 Mercury OC Gaming Edition RGB,XFX,1415990.0,True,https://compragamer.com/producto/Placa_de_Video_XFX_Radeon_RX_9070_XT_16GB_GDDR6_Mercury_OC_Gaming_Edition_RGB_17381?cate=62,-,-
solo_compragamer,placas_video,placas_video|XFX|RX|9070|XT|16GB|PLACA|DE|RX|9070|XT|16GB,-,-,-,-,-,-,-,-,-,compragamer_radeon,62.0,Placa de Video XFX Radeon RX 9070 XT 16GB GDDR6 Swift Triple Fan Gaming Edition,XFX,1309300.0,True,https://compragamer.com/producto/Placa_de_Video_XFX_Radeon_RX_9070_XT_16GB_GDDR6_Swift_Triple_Fan_Gaming_Edition_17383?cate=62,-,-
solo_compragamer,placas_video,placas_video|XFX|RX|9070|XT|16GB|PLACA|DE|RX|9070|XT|16GB,-,-,-,-,-,-,-,-,-,compragamer_radeon,62.0,Placa de Video XFX Radeon RX 9070 XT 16GB GDDR6 Swift White Triple Fan Gaming Edition,XFX,1311350.0,True,https://compragamer.com/producto/Placa_de_Video_XFX_Radeon_RX_9070_XT_16GB_GDDR6_Swift_White_Triple_Fan_Gaming_Edition_17384?cate=62,-,-
solo_compragamer,placas_video,placas_video|ZOTAC|RTX|3050||6GB|PLACA|DE|RTX|3050|6GB|GDDR6,-,-,-,-,-,-,-,-,-,compragamer_geforce,6.0,Placa de Video Zotac GeForce RTX 3050 6GB GDDR6 Twin Edge OC,Zotac,359900.0,True,https://compragamer.com/producto/Placa_de_Video_Zotac_GeForce_RTX_3050_6GB_GDDR6_Twin_Edge_OC_18681?cate=6,-,-
solo_compragamer,placas_video,placas_video|ZOTAC|RTX|5050||8GB|PLACA|DE|RTX|5050|8GB|GDDR6,-,-,-,-,-,-,-,-,-,compragamer_geforce,6.0,Placa de Video Zotac GeForce RTX 5050 8GB GDDR6 Twin Edge OC,Zotac,542460.0,True,https://compragamer.com/producto/Placa_de_Video_Zotac_GeForce_RTX_5050_8GB_GDDR6_Twin_Edge_OC_19376?cate=6,-,-
solo_compragamer,placas_video,placas_video|ZOTAC|RTX|5080||16GB|PLACA|DE|RTX|5080|16GB|GDDR7,-,-,-,-,-,-,-,-,-,compragamer_geforce,6.0,Placa de Video Zotac GeForce RTX 5080 16GB GDDR7 AMP EXTREME INFINITY,Zotac,2506660.0,True,https://compragamer.com/producto/Placa_de_Video_Zotac_GeForce_RTX_5080_16GB_GDDR7_AMP_EXTREME_INFINITY_16984?cate=6,-,-
solo_compragamer,placas_video,placas_video|ZOTAC|RTX|5080||16GB|PLACA|DE|RTX|5080|16GB|GDDR7,-,-,-,-,-,-,-,-,-,compragamer_geforce,6.0,Placa de Video Zotac GeForce RTX 5080 16GB GDDR7 SOLID CORE OC,Zotac,2399990.0,True,https://compragamer.com/producto/Placa_de_Video_Zotac_GeForce_RTX_5080_16GB_GDDR7_SOLID_CORE_OC_18701?cate=6,-,-
solo_compragamer,placas_video,placas_video|ZOTAC|RTX|5080||16GB|PLACA|DE|RTX|5080|16GB|GDDR7,-,-,-,-,-,-,-,-,-,compragamer_geforce,6.0,Placa de Video Zotac GeForce RTX 5080 16GB GDDR7 APOCALYPSE OC,Zotac,2502780.0,True,https://compragamer.com/producto/Placa_de_Video_Zotac_GeForce_RTX_5080_16GB_GDDR7_APOCALYPSE_OC_20146?cate=6,-,-
solo_distribuidor,placas_video,placas_video|ASROCK|RX|7600||8GB|PLACA|DE|RX7600|8GB|OC|STEEL,-,PLACA DE VIDEO,118315,RX 7600 SL 8GO,PLACA DE VIDEO ASROCK RX7600 8GB OC STEEL LEGEND WHITE ARGB,ASROCK,ASROCK,526212.28,1.0,-,-,-,-,-,-,-,-,-
solo_distribuidor,placas_video,placas_video|ASROCK|RX|9060|XT|8GB|PLACA|DE|RX9060XT|8GB|OC|STEEL,-,PLACA DE VIDEO,122356,RX9060XT SL 8G,PLACA DE VIDEO ASROCK RX9060XT 8GB OC STEEL LEGEND WHITE,ASROCK,ASROCK,598042.58,10.0,-,-,-,-,-,-,-,-,-
solo_distribuidor,placas_video,placas_video|ASROCK|RX|9070|XT|16GB|PLACA|DE|RX9070XT|16GB|STEEL|LEGEND,-,PLACA DE VIDEO,121559,RX9070XT SLD16,PLACA DE VIDEO ASROCK RX9070XT 16GB STEEL LEGEND DARK,ASROCK,ASROCK,1165253.36,10.0,-,-,-,-,-,-,-,-,-
solo_distribuidor,placas_video,placas_video|ASUS|RTX|5050||8GB|PLACA|DE|PRIME|RTX|5050|8GB,-,PLACA DE VIDEO,121666,PRIME RTX5050 O8G,PLACA DE VIDEO ASUS PRIME RTX 5050 O 8GB,ASUS,ASUS,526845.91,10.0,-,-,-,-,-,-,-,-,-
solo_distribuidor,placas_video,placas_video|ASUS|RTX|5060|TI|16GB|PLACA|DE|RTX|5060TI|16GB,-,PLACA DE VIDEO,121177,DUAL-RTX5060TI-O16G,PLACA DE VIDEO ASUS DUAL RTX 5060TI 16GB,ASUS,ASUS,1001519.45,3.0,-,-,-,-,-,-,-,-,-
solo_distribuidor,placas_video,placas_video|ASUS|RTX|5060|TI|8GB|PLACA|DE|PRIME|RTX|5060TI|8GB,-,PLACA DE VIDEO,121299,PRIME-RTX5060TI-O8G,PLACA DE VIDEO ASUS PRIME RTX 5060TI O 8GB,ASUS,ASUS,876656.72,4.0,-,-,-,-,-,-,-,-,-
solo_distribuidor,placas_video,placas_video|ASUS|RTX|5080|||PLACA|DE|TUF|RTX|5080|O16GB,-,PLACA DE VIDEO,122517,TUF-RTX5080-O16G-GAMING,PLACA DE VIDEO ASUS TUF RTX 5080 O16GB GAMING,ASUS,ASUS,2853919.63,10.0,-,-,-,-,-,-,-,-,-
solo_distribuidor,placas_video,placas_video|ASUS|RTX|5090|||PLACA|DE|TUF|RTX|5090|D7,-,PLACA DE VIDEO,120642,TUF-RTX5090-32G-GAMING,PLACA DE VIDEO ASUS TUF RTX 5090 D7 32G GAMING,ASUS,ASUS,5906733.3,2.0,-,-,-,-,-,-,-,-,-
solo_distribuidor,placas_video,placas_video|ASUS|RX|9070||16GB|PLACA|DE|PRIME|RX|9070|16GB,-,PLACA DE VIDEO,121668,PRIME-RX9070-O16G-EVO,PLACA DE VIDEO ASUS PRIME RX 9070 O 16GB EVO,ASUS,ASUS,1110431.85,10.0,-,-,-,-,-,-,-,-,-
solo_distribuidor,placas_video,placas_video|GIGABYTE|RTX|5060|TI|8GB|PLACA|DE|RTX|5060TI|AERO|8GB,-,PLACA DE VIDEO,121691,GV-N506TAERO OC-8GD,PLACA DE VIDEO GIGABYTE RTX 5060TI AERO 8GB,GIGABYTE                                          ,GIGABYTE,782522.49,8.0,-,-,-,-,-,-,-,-,-
solo_distribuidor,placas_video,placas_video|GIGABYTE|RTX|5070||12GB|PLACA|DE|RTX|5070|AERO|OC,-,PLACA DE VIDEO,120370,GV-N5070AERO OC-12GD,PLACA DE VIDEO GIGABYTE RTX 5070 AERO OC 12GB,GIGABYTE                                          ,GIGABYTE,1246453.62,10.0,-,-,-,-,-,-,-,-,-
solo_distribuidor,placas_video,placas_video|GIGABYTE|RTX|5070||12GB|PLACA|DE|RTX|5070|EAGLE|OC,-,PLACA DE VIDEO,120366,GV-N5070EAGLEOC ICE 12GD,PLACA DE VIDEO GIGABYTE RTX 5070 EAGLE OC ICE 12GB (WHITE),GIGABYTE                                          ,GIGABYTE,1194661.85,10.0,-,-,-,-,-,-,-,-,-
solo_distribuidor,placas_video,placas_video|GIGABYTE|RTX|5070||12GB|PLACA|DE|RTX|5070|EAGLE|OC,-,PLACA DE VIDEO,120371,GV-N5070EAGLE OC-12G,PLACA DE VIDEO GIGABYTE RTX 5070 EAGLE OC 12GB,GIGABYTE                                          ,GIGABYTE,1174544.28,10.0,-,-,-,-,-,-,-,-,-
solo_distribuidor,placas_video,placas_video|GIGABYTE|RX|9060|XT|16GB|PLACA|DE|RX|9060XT|OC|16GB,-,PLACA DE VIDEO,121063,GV-R9060XTGAMING OC-16GD,PLACA DE VIDEO GIGABYTE RADEON RX 9060XT GAMING OC 16GB,GIGABYTE                                          ,GIGABYTE,815391.21,10.0,-,-,-,-,-,-,-,-,-
solo_distribuidor,placas_video,placas_video|GIGABYTE|RX|9060|XT|8GB|PLACA|DE|RX|9060XT|OC|8GB,-,PLACA DE VIDEO,121064,GV-R9060XTGAMING OC-8GD,PLACA DE VIDEO GIGABYTE RADEON RX 9060XT GAMING OC 8GB,GIGABYTE                                          ,GIGABYTE,645106.54,10.0,-,-,-,-,-,-,-,-,-
solo_distribuidor,placas_video,placas_video|GIGABYTE|RX|9070|XT|16GB|PLACA|DE|RX|9070XT|AORUS|ELITE,-,PLACA DE VIDEO,120169,GV-R9070XTAORUS E-16GD,PLACA DE VIDEO GIGABYTE  RADEON RX 9070XT AORUS ELITE 16GB,GIGABYTE                                          ,GIGABYTE,1401093.77,10.0,-,-,-,-,-,-,-,-,-
solo_distribuidor,placas_video,placas_video|GIGABYTE|RX|9070|XT|16GB|PLACA|DE|RX|9070XT|ICE|16GB,-,PLACA DE VIDEO,121687,GV-R907XGAMINGOCICE-16GD,PLACA DE VIDEO GIGABYTE  RADEON RX 9070XT GAMING ICE 16GB,GIGABYTE                                          ,GIGABYTE,1296207.68,10.0,-,-,-,-,-,-,-,-,-
solo_distribuidor,placas_video,placas_video|GIGABYTE|RX|9070|XT|16GB|PLACA|DE|RX|9070|XT|16GB,-,PLACA DE VIDEO,121688,GV-R9070XTGAMING-16GD,PLACA DE VIDEO GIGABYTE RADEON RX 9070 XT GAMING 16GB,GIGABYTE                                          ,GIGABYTE,1312279.88,10.0,-,-,-,-,-,-,-,-,-
solo_distribuidor,placas_video,placas_video|GIGABYTE|RX|9070|XT|16GB|PLACA|DE|RX|9070|XT|OC,-,PLACA DE VIDEO,120170,GV-R9070XTGAMING OC-16GD,PLACA DE VIDEO GIGABYTE RADEON RX 9070 XT GAMING OC 16GB,GIGABYTE                                          ,GIGABYTE,1307991.39,9.0,-,-,-,-,-,-,-,-,-
solo_distribuidor,placas_video,placas_video|GIGABYTE|RX|9070||16GB|PLACA|DE|RX|9070|16GB,-,PLACA DE VIDEO,121689,GV-R9070GAMING-16GD,PLACA DE VIDEO GIGABYTE RADEON RX 9070 GAMING 16GB,GIGABYTE                                          ,GIGABYTE,1190434.14,10.0,-,-,-,-,-,-,-,-,-
solo_distribuidor,placas_video,placas_video|GIGABYTE|RX|9070||16GB|PLACA|DE|RX|9070|OC|16GB,-,PLACA DE VIDEO,120289,GV-R9070GAMING OC-16GD,PLACA DE VIDEO GIGABYTE RADEON RX 9070 GAMING OC 16GB,GIGABYTE                                          ,GIGABYTE,1200821.62,10.0,-,-,-,-,-,-,-,-,-
solo_distribuidor,placas_video,placas_video|SAPPHIRE|RX|7600||8GB|PLACA|DE|PULSE|RX|7600|OC,-,PLACA DE VIDEO,118259,11324-01-20G,PLACA DE VIDEO SAPPHIRE PULSE RX 7600 OC 8GB,SAPPHIRE                                          ,SAPPHIRE,504970.9,10.0,-,-,-,-,-,-,-,-,-
solo_distribuidor,placas_video,placas_video|SAPPHIRE|RX|9060|XT|16GB|PLACA|DE|PULSE|RX|9060|XT,-,PLACA DE VIDEO,121122,11350-03-20G,PLACA DE VIDEO SAPPHIRE PULSE RX 9060 XT GAMING OC 16GB,SAPPHIRE                                          ,SAPPHIRE,802680.84,10.0,-,-,-,-,-,-,-,-,-
solo_distribuidor,placas_video,placas_video|SAPPHIRE|RX|9070|XT|16GB|PLACA|DE|PULSE|RX|9070|XT,-,PLACA DE VIDEO,120164,11348-03-20G,PLACA DE VIDEO SAPPHIRE PULSE RX 9070 XT 16GB,SAPPHIRE                                          ,SAPPHIRE,1285649.82,8.0,-,-,-,-,-,-,-,-,-
