estado,grupo,producto_normalizado,nb_categoria,nb_codigo,nb_id_fabricante,nb_nombre,nb_marca,nb_precio_ars,nb_stock,mexx_match_score,mexx_articulo,mexx_nombre,mexx_marca,mexx_precio_ars,mexx_disponibilidad,mexx_diferencia_ars,mexx_diferencia_pct,mexx_url,cg_match_score,cg_articulo,cg_nombre,cg_marca,cg_precio_ars,cg_disponibilidad,cg_diferencia_ars,cg_diferencia_pct,cg_url,mejor_diferencia_ars,mejor_fuente
repetido,almacenamiento,almacenamiento|ADATA|1000GB|LEGEND|860|1000GB|M2|GEN4,DISCOS SSD,121149,SLEG-860-1000GCS,DISCO SSD ADATA LEGEND 860 1TB M2 Gen4 x4 M.2 2280 6.000/5.000 MB/s,ADATA,319145.0,10.0,-,-,-,-,-,-,-,-,-,70.0,19014.0,Disco Solido SSD M.2 ADATA 4TB Legend 900 PRO 7400MB/s NVMe PCIe Gen4 x4,Adata,1056550.0,True,737405.0,231.05641636246847,https://compragamer.com/producto/Disco_Solido_SSD_M_2_ADATA_4TB_Legend_900_PRO_7400MB_s_NVMe_PCIe_Gen4_x4_19014?cate=81,737405.0,compragamer
repetido,procesadores,procesadores|AMD|RYZEN|9|9950X,PROCESADORES,119375,100-100001277WOF,PROCESADOR AMD (AM5) RYZEN 9 9950X,AMD                                               ,935091.06,4.0,81.0,24416,Procesador Amd Ryzen 9 9950X 3D 5.7 Ghz - AM5 Sin Cooler Con Gpu,Amd,1190999.0,EN STOCK,255907.93999999994,27.367167856358282,https://www.mexx.com.ar/productos-rubro/procesadores/48831-procesador-amd-ryzen-9-9950x-3d-5.7-ghz-am5-sin-cooler-con-gpu.html,58.0,16100.0,Procesador AMD Ryzen 9 9950X 5.7GHz Turbo AM5 - No incluye cooler,AMD,993900.0,True,58808.939999999944,6.289113704070696,https://compragamer.com/producto/Procesador_AMD_Ryzen_9_9950X_5_7GHz_Turbo_AM5_No_incluye_cooler_16100?cate=27,255907.93999999994,mexx
repetido,almacenamiento,almacenamiento|WD|1000GB|1000GB|GREEN|SN3000,DISCOS SSD,121558,WDS100T4G0E,DISCO SSD M.2 1TB WD GREEN SN3000 NVME,WD                                                ,251470.76,10.0,-,-,-,-,-,-,-,-,-,68.0,20216.0,Disco Solido SSD M.2 WD 2TB Green SN3000 5000MB/s NVMe PCI-E Gen3 x4,Western Digital,479478.0,True,228007.24,90.66948380002509,https://compragamer.com/producto/Disco_Solido_SSD_M_2_WD_2TB_Green_SN3000_5000MB_s_NVMe_PCI_E_Gen3_x4_20216?cate=81,228007.24,compragamer
repetido,mothers,mothers|ASUS|B850|AM5|AM5|ROG|STRIX|B850,MOTHER ASUS,119905,ROG STRIX B850-A GAMING WIFI,MOTHER ASUS (AM5) ROG STRIX B850-A GAMING WIFI,ASUS,428483.81,10.0,100.0,20635,Motherboard AM5 - Asus Rog Strix B850-E GAMING WIFI,Asus,642369.0,EN STOCK,213885.19,49.91674947998619,https://www.mexx.com.ar/productos-rubro/motherboards/49785-motherboard-am5-asus-rog-strix-b850-e-gaming-wifi.html,-,-,-,-,-,-,-,-,-,213885.19,mexx
repetido,placas_video,placas_video|ZOTAC|RTX|5070||12GB|PLACA|DE|RTX|5070|12GB|SOLID,PLACA DE VIDEO,120478,ZT-B50700J-10P,PLACA DE VIDEO ZOTAC RTX 5070 12GB SOLID OC GDDR7,ZOTAC,1133613.79,10.0,91.0,39901,Placa De Video GeForce RTX 5070 12Gb Zotac Solid Oc,Zotac,1323299.0,EN STOCK,189685.20999999996,16.732789568482577,https://www.mexx.com.ar/productos-rubro/placas-de-video/51312-placa-de-video-geforce-rtx-5070-12gb-zotac-solid-oc.html,-,-,-,-,-,-,-,-,-,189685.20999999996,mexx
repetido,procesadores,procesadores|AMD|RYZEN|7|9850X3D,PROCESADORES,122551,100-100001973WOF,PROCESADOR AMD (AM5)  RYZEN 7 9850X3D,AMD                                               ,816030.51,10.0,100.0,24374,Procesador Amd Ryzen 7 9850X3D 5.6 Ghz - AM5 Sin Cooler,Amd,1004339.0,EN STOCK,188308.49,23.076158022571974,https://www.mexx.com.ar/productos-rubro/procesadores/51283-procesador-amd-ryzen-7-9850x3d-5.6-ghz-am5-sin-cooler.html,61.0,19450.0,Procesador AMD Ryzen 7 9850X3D 5.6GHz Turbo AM5 - No Incluye Cooler,AMD,911750.0,True,95719.48999999999,11.729891079685242,https://compragamer.com/producto/Procesador_AMD_Ryzen_7_9850X3D_5_6GHz_Turbo_AM5_No_Incluye_Cooler_19450?cate=27,188308.49,mexx
repetido,procesadores,procesadores|AMD|RYZEN|7|9800X3D,PROCESADORES,119760,100-100001084WOF,PROCESADOR AMD (AM5) RYZEN 7 9800X3D,AMD                                               ,667789.01,10.0,100.0,24372,Procesador Amd Ryzen 7 9800X3D 5.2 Ghz - AM5 Sin Cooler,Amd,855799.0,EN STOCK,188009.99,28.154100649245485,https://www.mexx.com.ar/productos-rubro/procesadores/48630-procesador-amd-ryzen-7-9800x3d-5.2-ghz-am5-sin-cooler.html,61.0,16708.0,Procesador AMD Ryzen 7 9800X3D 5.2GHz Turbo AM5 - No Incluye Cooler,AMD,714990.0,True,47200.98999999999,7.068248996790167,https://compragamer.com/producto/Procesador_AMD_Ryzen_7_9800X3D_5_2GHz_Turbo_AM5_No_Incluye_Cooler_16708?cate=27,188009.99,mexx
repetido,procesadores,procesadores|AMD|RYZEN|9|9950X3D2,PROCESADORES,122665,100-100001978WOF,PROCESADOR AMD (AM5) RYZEN 9 9950X3D2,AMD                                               ,1528324.73,10.0,-,-,-,-,-,-,-,-,-,55.0,20303.0,Procesador AMD Ryzen 9 9950X3D2 Dual Edition 5.6GHz Turbo AM5 - No Incluye Cooler,AMD,1665170.0,True,136845.27000000002,8.953939389569388,https://compragamer.com/producto/Procesador_AMD_Ryzen_9_9950X3D2_Dual_Edition_5_6GHz_Turbo_AM5_No_Incluye_Cooler_20303?cate=27,136845.27000000002,compragamer
repetido,procesadores,procesadores|INTEL|COREULTRA|9|285K,PROCESADORES,120138,BX80768285K,PROCESADOR INTEL (LGA1851) CORE ULTRA 9 285K,INTEL                                             ,958664.45,10.0,79.0,25666,Procesador Intel Core Ultra 9 285K 5.7 Ghz,Intel,1080999.0,EN STOCK,122334.55000000005,12.76093527824048,https://www.mexx.com.ar/productos-rubro/procesadores/49782-procesador-intel-core-ultra-9-285k-5.7-ghz.html,50.0,16970.0,Procesador Intel Core Ultra 9 285K 5.7Ghz Turbo Socket 1851 Arrow Lake,Intel,1070600.0,True,111935.55000000005,11.676197025977135,https://compragamer.com/producto/Procesador_Intel_Core_Ultra_9_285K_5_7Ghz_Turbo_Socket_1851_Arrow_Lake_16970?cate=48,122334.55000000005,mexx
repetido,procesadores,procesadores|AMD|RYZEN|7|7800X3D,PROCESADORES,118151,100-100000910WOF,PROCESADOR AMD (AM5)  RYZEN 7 7800X3D,AMD                                               ,595707.72,10.0,100.0,24366,Procesador Amd Ryzen 7 7800X3D 5.0 Ghz - AM5 Sin Cooler,Amd,710999.0,EN STOCK,115291.28000000003,19.353665586203924,https://www.mexx.com.ar/productos-rubro/procesadores/50970-procesador-amd-ryzen-7-7800x3d-5.0-ghz-am5-sin-cooler.html,61.0,14664.0,Procesador AMD Ryzen 7 7800X3D 5.0GHz Turbo AM5 - No incluye cooler,AMD,639900.0,True,44192.28000000003,7.418450108385373,https://compragamer.com/producto/Procesador_AMD_Ryzen_7_7800X3D_5_0GHz_Turbo_AM5_No_incluye_cooler_14664?cate=27,115291.28000000003,mexx
repetido,memorias,memorias|16GB|DDR4|3200|,MEMORIAS,119127,AX4U320016G16A-SBKD35G,MEMORIA XPG 16GB 18I DDR4 3200 RGB,ADATA,247948.33,10.0,41.0,27758,Memoria Ram DDR4 - 16Gb 3200 Mhz Kingston Fury Beast,Kingston Fury,349999.0,EN STOCK,102050.67000000001,41.15803885430485,https://www.mexx.com.ar/productos-rubro/memorias-ram/50556-memoria-ram-ddr4-16gb-3200-mhz-kingston-fury-beast.html,-,-,-,-,-,-,-,-,-,102050.67000000001,mexx
repetido,procesadores,procesadores|AMD|RYZEN|9|9900X3D,PROCESADORES,120135,100-100001368WOF,PROCESADOR AMD (AM5) RYZEN 9 9900X3D,AMD                                               ,966410.35,10.0,89.0,24415,Procesador Amd Ryzen 9 9900X3D 5.5 Ghz - AM5 Sin Cooler Con Gpu,Amd,1057999.0,EN STOCK,91588.65000000002,9.477200859862482,https://www.mexx.com.ar/productos-rubro/procesadores/48832-procesador-amd-ryzen-9-9900x3d-5.5-ghz-am5-sin-cooler-con-gpu.html,61.0,17171.0,Procesador AMD Ryzen 9 9900X3D 5.5GHz Turbo AM5 - No Incluye Cooler,AMD,1035720.0,True,69309.65000000002,7.17186545032346,https://compragamer.com/producto/Procesador_AMD_Ryzen_9_9900X3D_5_5GHz_Turbo_AM5_No_Incluye_Cooler_17171?cate=27,91588.65000000002,mexx
repetido,mothers,mothers|ASUS|B850|AM5|AM5|ROG|STRIX|B850,MOTHER ASUS,119906,ROG STRIX B850-F GAMING WIFI,MOTHER ASUS (AM5) ROG STRIX B850-F GAMING WIFI,ASUS,466589.73,10.0,100.0,20634,Motherboard AM5 - Asus Rog Strix B850-F GAMING WIFI,Asus,545999.0,EN STOCK,79409.27000000002,17.019077980992,https://www.mexx.com.ar/productos-rubro/motherboards/49784-motherboard-am5-asus-rog-strix-b850-f-gaming-wifi.html,-,-,-,-,-,-,-,-,-,79409.27000000002,mexx
repetido,fuentes,fuentes|GIGABYTE|650W|80 PLUS|650W|ICE|80|SILVER,FUENTES,119729,GP-P650SS ICE,FUENTE GAMER GIGABYTE 650W ICE 80 PLUS SILVER ATX 3.0 WHITE,GIGABYTE                                          ,70698.39,10.0,82.0,69429,Fuente Gigabyte 650W 80 Plus Silver Plus Blanca,Gigabyte,149999.0,EN STOCK,79300.61,112.16749065997118,https://www.mexx.com.ar/productos-rubro/fuentes-de-poder/51326-fuente-gigabyte-650w-80-plus-silver-plus-blanca.html,-,-,-,-,-,-,-,-,-,79300.61,mexx
repetido,refrigeracion,refrigeracion|COOLERMASTER||WATER|MASTER|MASTERLIQUID|360|CORE|NEX,COOLERS,121443,MLX-D36M-A18PA-RW,WATER COOLER MASTER MASTERLIQUID 360 CORE NEX ARGB BLANCO,COOLER MASTER,112494.36,10.0,78.0,70446,Cooler Cpu Watercooler Cooler Master MasterLiquid 360 CoreII Argb 250W Whit,Cooler Master,190999.0,EN STOCK,78504.64,69.78540079698217,https://www.mexx.com.ar/productos-rubro/refrigeracion-pc/49716-cooler-cpu-watercooler-cooler-master-masterliquid-360-coreii-argb-250w-whit.html,-,-,-,-,-,-,-,-,-,78504.64,mexx
repetido,procesadores,procesadores|AMD|RYZEN|9|9950X3D,PROCESADORES,120136,100-100000719WOF,PROCESADOR AMD (AM5) RYZEN 9 9950X3D,AMD                                               ,1138242.25,10.0,-,-,-,-,-,-,-,-,-,61.0,17172.0,Procesador AMD Ryzen 9 9950X3D 5.7GHz Turbo AM5 - No Incluye Cooler,AMD,1202380.0,True,64137.75,5.634806650341788,https://compragamer.com/producto/Procesador_AMD_Ryzen_9_9950X3D_5_7GHz_Turbo_AM5_No_Incluye_Cooler_17172?cate=27,64137.75,compragamer
repetido,fuentes,fuentes|COOLERMASTER|1200W||MASTER|ELITE|GOLD|1200W|FM,FUENTES,121453,MPW-C001-AFAG,FUENTE COOLER MASTER ELITE GOLD 1200W FM (Full Modular),COOLER MASTER,197399.9,10.0,79.0,70371,Fuente Cooler Master 1250W Gold Full Modular GX3,Cooler Master,260999.0,EN STOCK,63599.100000000006,32.218405379131404,https://www.mexx.com.ar/productos-rubro/fuentes-de-poder/48242-fuente-cooler-master-1250w-gold-full-modular-gx3.html,-,-,-,-,-,-,-,-,-,63599.100000000006,mexx
repetido,procesadores,procesadores|AMD|RYZEN|7|7700,PROCESADORES,118093,100-100000592BOX,PROCESADOR AMD (AM5) RYZEN 7 7700 C/COOLER,AMD                                               ,482085.3,10.0,100.0,24364,Procesador Amd Ryzen 7 7700 5.3 Ghz - AM5,Amd,540999.0,EN STOCK,58913.70000000001,12.220596645448433,https://www.mexx.com.ar/productos-rubro/procesadores/45551-procesador-amd-ryzen-7-7700-5.3-ghz-am5.html,72.0,14359.0,Procesador AMD Ryzen 7 7700 5.3GHz Turbo AM5,AMD,515178.0,True,33092.70000000001,6.8644905787419805,https://compragamer.com/producto/Procesador_AMD_Ryzen_7_7700_5_3GHz_Turbo_AM5_14359?cate=27,58913.70000000001,mexx
repetido,monitores,monitores|ASUS|27|180HZ|27|AS|VG279Q3A|FHD|IPS|180HZ,MONITORES,119804,VG279Q3A-J,MONITOR 27 ASUS AS VG279Q3A GAMING FHD IPS 180Hz 1ms,ASUS,253693.99,5.0,82.0,58893,"Monitor Gamer 27"" Asus Tuf Gaming Ips 180Hz 1Ms VG279Q3A-J",Asus,304459.0,EN STOCK,50765.01000000001,20.01033213281876,https://www.mexx.com.ar/productos-rubro/monitores/48431-monitor-gamer-27-asus-tuf-gaming-ips-180hz-1ms-vg279q3a-j.html,-,-,-,-,-,-,-,-,-,50765.01000000001,mexx
repetido,mothers,mothers|ASUS|X870|AM5|AM5|PRIME|X870,MOTHER ASUS,119734,PRIME X870-P WIFI,MOTHER ASUS (AM5) PRIME X870-P WIFI,ASUS,369808.55,5.0,100.0,20861,Motherboard AM5 - Asus Prime X870-P WIFI,Asus,419999.0,EN STOCK,50190.45000000001,13.572009084159903,https://www.mexx.com.ar/productos-rubro/motherboards/48038-motherboard-am5-asus-prime-x870-p-wifi.html,-,-,-,-,-,-,-,-,-,50190.45000000001,mexx
repetido,procesadores,procesadores|AMD|RYZEN|9|9900X,PROCESADORES,119142,100-00000662WOF,PROCESADOR AMD (AM5) RYZEN 9 9900X,AMD                                               ,666633.24,10.0,88.0,24413,Procesador Amd Ryzen 9 9900X 5.6 Ghz - AM5 Sin Cooler Con Gpu,Amd,706529.0,EN STOCK,39895.76000000001,5.984664071056525,https://www.mexx.com.ar/productos-rubro/procesadores/47620-procesador-amd-ryzen-9-9900x-5.6-ghz-am5-sin-cooler-con-gpu.html,58.0,16038.0,Procesador AMD Ryzen 9 9900X 5.6GHz Turbo AM5 - No Incluye Cooler,AMD,704050.0,True,37416.76000000001,5.612795425562639,https://compragamer.com/producto/Procesador_AMD_Ryzen_9_9900X_5_6GHz_Turbo_AM5_No_Incluye_Cooler_16038?cate=27,39895.76000000001,mexx
repetido,procesadores,procesadores|AMD|RYZEN|7|7700X,PROCESADORES,117727,100-100000591WOF,PROCESADOR AMD (AM5) RYZEN 7 7700X,AMD                                               ,510671.67,10.0,100.0,24365,Procesador Amd Ryzen 7 7700X 5.4 Ghz - AM5 Sin Cooler,Amd,530999.0,EN STOCK,20327.330000000016,3.980508650499452,https://www.mexx.com.ar/productos-rubro/procesadores/44153-procesador-amd-ryzen-7-7700x-5.4-ghz-am5-sin-cooler.html,58.0,14065.0,Procesador AMD Ryzen 7 7700X 5.4GHz Turbo AM5 - No incluye Cooler - C/VIDEO,AMD,549650.0,True,38978.330000000016,7.632757462343666,https://compragamer.com/producto/Procesador_AMD_Ryzen_7_7700X_5_4GHz_Turbo_AM5_No_incluye_Cooler_C_VIDEO_14065?cate=27,38978.330000000016,compragamer
repetido,procesadores,procesadores|AMD|RYZEN|9|7900,PROCESADORES,118094,100-100000590WOF,PROCESADOR AMD (AM5) RYZEN 9 7900 (S/COOLER),AMD                                               ,546417.71,10.0,-,-,-,-,-,-,-,-,-,72.0,18579.0,Procesador AMD Ryzen 9 7900 5.4GHz Turbo AM5 - Sin Cooler,AMD,584610.0,True,38192.29000000004,6.989577625512913,https://compragamer.com/producto/Procesador_AMD_Ryzen_9_7900_5_4GHz_Turbo_AM5_Sin_Cooler_18579?cate=27,38192.29000000004,compragamer
repetido,procesadores,procesadores|AMD|RYZEN|7|9700X,PROCESADORES,119141,100-100001404WOF,PROCESADOR AMD (AM5) RYZEN 7 9700X,AMD                                               ,535124.81,10.0,88.0,24371,Procesador Amd Ryzen 7 9700X 5.5 Ghz - AM5 Sin Cooler Con Gpu,Amd,571979.0,EN STOCK,36854.189999999944,6.887026972268384,https://www.mexx.com.ar/productos-rubro/procesadores/47618-procesador-amd-ryzen-7-9700x-5.5-ghz-am5-sin-cooler-con-gpu.html,58.0,16037.0,Procesador AMD Ryzen 7 9700X 5.5GHz Turbo AM5 - No Incluye Cooler,AMD,536450.0,True,1325.1899999999441,0.24764129325267947,https://compragamer.com/producto/Procesador_AMD_Ryzen_7_9700X_5_5GHz_Turbo_AM5_No_Incluye_Cooler_16037?cate=27,36854.189999999944,mexx
repetido,almacenamiento,almacenamiento|ADATA|1000GB|SU650|1000GB,DISCOS SSD,121572,ASU650SS-1TT-R,DISCO SSD ADATA SU650 2.5 1TB,ADATA,241213.65,10.0,77.0,33756,Disco Solido Ssd 1TB Adata SU650,Adata,275999.0,EN STOCK,34785.350000000006,14.42097078668641,https://www.mexx.com.ar/productos-rubro/almacenamiento/49833-disco-solido-ssd-1tb-adata-su650.html,-,-,-,-,-,-,-,-,-,34785.350000000006,mexx
repetido,procesadores,procesadores|AMD|RYZEN|7|5800XT,PROCESADORES,119139,100-100001582BOX,PROCESADOR AMD (AM4) RYZEN 7 5800XT (S/COOLER),AMD                                               ,405499.0,8.0,-,-,-,-,-,-,-,-,-,59.0,18813.0,Procesador AMD Ryzen 7 5800XT 4.8GHz Turbo AM4 - No incluye Cooler,AMD,439150.0,True,33651.0,8.298664115077965,https://compragamer.com/producto/Procesador_AMD_Ryzen_7_5800XT_4_8GHz_Turbo_AM4_No_incluye_Cooler_18813?cate=27,33651.0,compragamer
repetido,procesadores,procesadores|AMD|RYZEN|7|5700X,PROCESADORES,116714,100-100000926WOF,PROCESADOR AMD (AM4) RYZEN 7 5700X (SIN COOLER),AMD                                               ,303891.29,10.0,100.0,24363,Procesador Amd Ryzen 7 5700X 4.6 Ghz - AM4 Sin Cooler,Amd,336489.0,EN STOCK,32597.71000000002,10.726766798745704,https://www.mexx.com.ar/productos-rubro/procesadores/42712-procesador-amd-ryzen-7-5700x-4.6-ghz-am4-sin-cooler.html,58.0,13355.0,Procesador AMD Ryzen 7 5700X 4.6GHz Turbo AM4 - No incluye Cooler,AMD,318080.0,True,14188.710000000021,4.66900844706672,https://compragamer.com/producto/Procesador_AMD_Ryzen_7_5700X_4_6GHz_Turbo_AM4_No_incluye_Cooler_13355?cate=27,32597.71000000002,mexx
repetido,monitores,monitores|ASUS|24|100HZ|24|VA24EHF|FHD|IPS|100HZ|1MS,MONITORES,120317,VA24EHF-J,MONITOR 24 ASUS VA24EHF FHD IPS 100Hz 1ms,ASUS,137682.19,5.0,81.0,57582,"Monitor Gamer 24"" Asus Full Hd Ips 100Hz 1Ms Freesync VA24EHF-J",Asus,169969.0,EN STOCK,32286.809999999998,23.450244363486664,https://www.mexx.com.ar/productos-rubro/monitores/48432-monitor-gamer-24-asus-full-hd-ips-100hz-1ms-freesync-va24ehf-j.html,92.0,16498.0,"Monitor Gamer ASUS VA24EHF-J 24"" FHD IPS 100Hz",Asus,165400.0,True,27717.809999999998,20.131732361317027,https://compragamer.com/producto/Monitor_Gamer_ASUS_VA24EHF_J_24_FHD_IPS_100Hz_16498?cate=5,32286.809999999998,mexx
repetido,procesadores,procesadores|AMD|RYZEN|7|5700,PROCESADORES,121697,100-100000743SBX,PROCESADOR AMD (AM4) RYZEN 7 5700,AMD                                               ,224994.23,10.0,76.0,24358,Procesador Amd Ryzen 7 5700 3.7Ghz - AM4 Sin Gpu,Amd,255899.0,EN STOCK,30904.76999999999,13.735805580436436,https://www.mexx.com.ar/productos-rubro/procesadores/48270-procesador-amd-ryzen-7-5700-3.7ghz-am4-sin-gpu.html,52.0,15474.0,Procesador AMD Ryzen 7 5700 4.6GHz Turbo AM4 + Wraith Stealth Cooler,AMD,231900.0,True,6905.7699999999895,3.0693098218563155,https://compragamer.com/producto/Procesador_AMD_Ryzen_7_5700_4_6GHz_Turbo_AM4_Wraith_Stealth_Cooler_15474?cate=27,30904.76999999999,mexx
repetido,fuentes,fuentes|GIGABYTE|1000W|80 PLUS GOLD|1000W|PG5|V2|80|GOLD,FUENTES,122705,GP-UD1000GM PG5 V2,FUENTE GAMER GIGABYTE 1000W PG5 V2 80 PLUS GOLD FULL MODULAR,GIGABYTE                                          ,166077.35,10.0,92.0,69565,Fuente Gigabyte 1000W 80 Plus Gold PG5 V2 Modular,Gigabyte,196259.0,EN STOCK,30181.649999999994,18.173248790397963,https://www.mexx.com.ar/productos-rubro/fuentes-de-poder/50474-fuente-gigabyte-1000w-80-plus-gold-pg5-v2-modular.html,-,-,-,-,-,-,-,-,-,30181.649999999994,mexx
repetido,procesadores,procesadores|AMD|RYZEN|5|7600,PROCESADORES,118092,100-100001015BOX,PROCESADOR AMD (AM5) RYZEN 5 7600 C/COOLER,AMD                                               ,302422.48,10.0,100.0,24164,Procesador Amd Ryzen 5 7600 5.1 Ghz - AM5,Amd,317869.0,EN STOCK,15446.520000000019,5.107596498778801,https://www.mexx.com.ar/productos-rubro/procesadores/45656-procesador-amd-ryzen-5-7600-5.1-ghz-am5.html,52.0,14309.0,Procesador AMD Ryzen 5 7600 5.1GHz Turbo AM5 + Wraith Stealth Cooler,AMD,332550.0,True,30127.52000000002,9.962063666695684,https://compragamer.com/producto/Procesador_AMD_Ryzen_5_7600_5_1GHz_Turbo_AM5_Wraith_Stealth_Cooler_14309?cate=27,30127.52000000002,compragamer
repetido,procesadores,procesadores|AMD|RYZEN|9|5900XT,PROCESADORES,119140,100-100001581WOF,PROCESADOR AMD (AM4) RYZEN 9 5900XT,AMD                                               ,509976.48,10.0,-,-,-,-,-,-,-,-,-,59.0,15983.0,Procesador AMD Ryzen 9 5900XT 4.8GHz Turbo AM4 - No incluye Cooler,AMD,539450.0,True,29473.52000000002,5.779388100408085,https://compragamer.com/producto/Procesador_AMD_Ryzen_9_5900XT_4_8GHz_Turbo_AM4_No_incluye_Cooler_15983?cate=27,29473.52000000002,compragamer
repetido,placas_video,placas_video|ASUS|RTX|5080||16GB|PLACA|DE|PRIME|RTX|5080|16GB,PLACA DE VIDEO,120228,PRIME-RTX5080-O16G,PLACA DE VIDEO ASUS PRIME RTX 5080 O 16GB D7,ASUS,2588735.78,10.0,-,-,-,-,-,-,-,-,-,91.0,17111.0,Placa de Video ASUS PRIME GeForce RTX 5080 16GB GDDR7 OC,Asus,2618100.0,True,29364.220000000205,1.1343073413231926,https://compragamer.com/producto/Placa_de_Video_ASUS_PRIME_GeForce_RTX_5080_16GB_GDDR7_OC_17111?cate=6,29364.220000000205,compragamer
repetido,fuentes,fuentes|THERMALTAKE|650W|80 PLUS BRONZE|SMART|BX3|650W|80|BRONZE,FUENTES,120006,PS-SPD-0650NNFABG-3,FUENTE GAMER THERMALTAKE SMART BX3 650W 80 PLUS BRONZE,THERMALTAKE,91454.05,10.0,92.0,69310,Fuente Thermaltake Smart BX1 Rgb 750W 80 Plus Bronze,Thermaltake,119999.0,EN STOCK,28544.949999999997,31.21234106089342,https://www.mexx.com.ar/productos-rubro/fuentes-de-poder/36533-fuente-thermaltake-smart-bx1-rgb-750w-80-plus-bronze.html,-,-,-,-,-,-,-,-,-,28544.949999999997,mexx
repetido,fuentes,fuentes|COOLERMASTER|1000W||MASTER|ELITE|GOLD|1000W|FM,FUENTES,121452,MPW-A001-AFAG,FUENTE COOLER MASTER ELITE GOLD 1000W FM (Full Modular),COOLER MASTER,172308.44,10.0,79.0,70370,Fuente Cooler Master 1050W Gold Full Modular GX3,Cooler Master,199809.0,EN STOCK,27500.559999999998,15.96007717323655,https://www.mexx.com.ar/productos-rubro/fuentes-de-poder/48241-fuente-cooler-master-1050w-gold-full-modular-gx3.html,-,-,-,-,-,-,-,-,-,27500.559999999998,mexx
repetido,mothers,mothers|ASUS|B550M|AM4|AM4|PRIME|B550M,MOTHER ASUS,121686,PRIME B550M-K ARGB,MOTHER ASUS (AM4) PRIME B550M-K ARGB,ASUS,113927.27,10.0,100.0,20603,Motherboard Am4 - Asus Prime B550M-K,Asus,140999.0,EN STOCK,27071.729999999996,23.76229150404464,https://www.mexx.com.ar/productos-rubro/motherboards/49206-motherboard-am4-asus-prime-b550m-k.html,-,-,-,-,-,-,-,-,-,27071.729999999996,mexx
repetido,memorias,memorias|16GB|DDR4|3200|CL16,MEMORIAS,122622,NTSHD4P32SP-16K,MEMORIA NETAC SHADOW III DDR4 3200 16GB C16 BLACK,NETAC ,231408.78,10.0,-,-,-,-,-,-,-,-,-,59.0,15558.0,Memoria Corsair DDR4 16GB 3200MHz Vengeance RGB RS Black CL16,Corsair,258100.0,True,26691.22,11.534229600104197,https://compragamer.com/producto/Memoria_Corsair_DDR4_16GB_3200MHz_Vengeance_RGB_RS_Black_CL16_15558?cate=15,26691.22,compragamer
repetido,memorias,memorias|32GB|DDR4|3200|,MEMORIAS,117831,AD4S320032G22-SGN,MEMORIA ADATA SODIMM DDR4 32GB 3200 G22 SGN,ADATA,501437.76,10.0,59.0,28496,Memoria Ram DDR4 - 32Gb 3200 Mhz Hiksemi,Hiksemi,526289.0,EN STOCK,24851.23999999999,4.9559969317029475,https://www.mexx.com.ar/productos-rubro/memorias-ram/50889-memoria-ram-ddr4-32gb-3200-mhz-hiksemi.html,-,-,-,-,-,-,-,-,-,24851.23999999999,mexx
repetido,monitores,monitores|ASUS|27|100HZ|27|AS|VA27EHF|FHD|IPS|100HZ,MONITORES,119803,VA27EHF-J,MONITOR 27 ASUS AS VA27EHF FHD IPS 100Hz 1ms,ASUS,188082.39,5.0,83.0,58257,"Monitor Gamer 27"" Asus Full Hd Ips 100Hz 1Ms Freesync VA27EHF-J",Asus,199969.0,EN STOCK,11886.609999999986,6.31989523314755,https://www.mexx.com.ar/productos-rubro/monitores/48430-monitor-gamer-27-asus-full-hd-ips-100hz-1ms-freesync-va27ehf-j.html,87.0,16499.0,"Monitor Gamer ASUS VA27EHF-J 27"" FHD IPS 100Hz",Asus,211150.0,True,23067.609999999986,12.264630410109094,https://compragamer.com/producto/Monitor_Gamer_ASUS_VA27EHF_J_27_FHD_IPS_100Hz_16499?cate=5,23067.609999999986,compragamer
repetido,memorias,memorias|16GB|DDR4|3200|,MEMORIAS,118301,AX4U320016G16A-SBKD35,MEMORIA XPG 16GB 16A DDR4 3200 D35,ADATA,238053.54,1.0,49.0,27562,Memoria Ram DDR4 - 16Gb 3200 Mhz Hiksemi Future,Hiksemi,260999.0,EN STOCK,22945.459999999992,9.638781259039455,https://www.mexx.com.ar/productos-rubro/memorias-ram/50292-memoria-ram-ddr4-16gb-3200-mhz-hiksemi-future.html,-,-,-,-,-,-,-,-,-,22945.459999999992,mexx
repetido,memorias,memorias|16GB|DDR4|3200|CL16,MEMORIAS,122624,NTSHD4P32SP-16W,MEMORIA NETAC SHADOW III DDR4 3200 16GB C16 WHITE,NETAC ,231408.78,10.0,-,-,-,-,-,-,-,-,-,58.0,15560.0,Memoria Corsair DDR4 16GB 3200MHz Vengeance LPX Black CL16,Corsair,253110.0,True,21701.22,9.37787235212078,https://compragamer.com/producto/Memoria_Corsair_DDR4_16GB_3200MHz_Vengeance_LPX_Black_CL16_15560?cate=15,21701.22,compragamer
repetido,almacenamiento,almacenamiento|WD|1000GB|1000GB|GREEN|SN350,DISCOS SSD,118985,WDS100T2G0C,DISCO SSD M.2 1TB WD GREEN SN350 NVME,WD                                                ,230094.28,10.0,-,-,-,-,-,-,-,-,-,71.0,15714.0,Disco Solido SSD M.2 WD 1TB Green SN350 2400MB/s NVMe PCI-E Gen3 x4,Western Digital,251550.0,True,21455.72,9.324751575745386,https://compragamer.com/producto/Disco_Solido_SSD_M_2_WD_1TB_Green_SN350_2400MB_s_NVMe_PCI_E_Gen3_x4_15714?cate=81,21455.72,compragamer
repetido,mothers,mothers|ASUS|AM5|PRIME|B650EM,MOTHER ASUS,121302,PRIME B650EM-A WIFI,MOTHER ASUS (AM5) PRIME B650EM-A WIFI,ASUS,210818.35,10.0,100.0,20617,Motherboard AM5 - Asus Prime B650EM-A WIFI,Asus,230999.0,EN STOCK,20180.649999999994,9.572530095221785,https://www.mexx.com.ar/productos-rubro/motherboards/50700-motherboard-am5-asus-prime-b650em-a-wifi.html,-,-,-,-,-,-,-,-,-,20180.649999999994,mexx
repetido,procesadores,procesadores|AMD|RYZEN|5|9600,PROCESADORES,120633,100-100000718BOX,PROCESADOR AMD (AM5) RYZEN 5 9600,AMD                                               ,351649.03,10.0,100.0,24170,Procesador Amd Ryzen 5 9600 5.2 Ghz - AM5,Amd,367329.0,EN STOCK,15679.969999999972,4.458982867093355,https://www.mexx.com.ar/productos-rubro/procesadores/50159-procesador-amd-ryzen-5-9600-5.2-ghz-am5.html,72.0,17636.0,Procesador AMD Ryzen 5 9600 5.2GHz Turbo AM5,AMD,371220.0,True,19570.969999999972,5.5654838575837875,https://compragamer.com/producto/Procesador_AMD_Ryzen_5_9600_5_2GHz_Turbo_AM5_17636?cate=27,19570.969999999972,compragamer
repetido,memorias,memorias|16GB|DDR4|3200|,MEMORIAS,118295,AD4S320016G22-SGN,MEMORIA ADATA SODIMM DDR4 16GB 3200 G22 SGN,ADATA,231655.68,10.0,47.0,27556,Memoria Ram DDR4 - 16Gb 3200 Mhz Aimerican Telekinesis Value,Aimerican,250999.0,EN STOCK,19343.320000000007,8.350030528066485,https://www.mexx.com.ar/productos-rubro/memorias-ram/49384-memoria-ram-ddr4-16gb-3200-mhz-aimerican-telekinesis-value.html,-,-,-,-,-,-,-,-,-,19343.320000000007,mexx
repetido,procesadores,procesadores|AMD|RYZEN|7|8700G,PROCESADORES,121556,100-100001236SBX,PROCESADOR AMD (AM5) RYZEN 7 8700G,AMD                                               ,359951.09,10.0,100.0,24367,Procesador Amd Ryzen 7 8700G 5.1 Ghz - AM5,Amd,375629.0,EN STOCK,15677.909999999974,4.355566752138457,https://www.mexx.com.ar/productos-rubro/procesadores/46866-procesador-amd-ryzen-7-8700g-5.1-ghz-am5.html,54.0,15207.0,Procesador AMD Ryzen 7 8700G 5.1GHz Turbo AM5 + Wraith Stealth Cooler,AMD,379250.0,True,19298.909999999974,5.361536757674487,https://compragamer.com/producto/Procesador_AMD_Ryzen_7_8700G_5_1GHz_Turbo_AM5_Wraith_Stealth_Cooler_15207?cate=27,19298.909999999974,compragamer
repetido,mothers,mothers|GIGABYTE|B650M|AM5|AM5|B650M|D3HP|AX,MOTHER GIGABYTE,119241,B650M D3HP AX,MOTHER GIGABYTE (AM5) B650M D3HP AX,GIGABYTE                                          ,191827.12,10.0,100.0,20023,Motherboard AM5 - Gigabyte B650M D3HP AX,Gigabyte,210999.0,EN STOCK,19171.880000000005,9.994353248904538,https://www.mexx.com.ar/productos-rubro/motherboards/47637-motherboard-am5-gigabyte-b650m-d3hp-ax.html,-,-,-,-,-,-,-,-,-,19171.880000000005,mexx
repetido,fuentes,fuentes|GIGABYTE|550W|80 PLUS|550W|80|SILVER,FUENTES,119726,GP-P550SS,FUENTE GAMER GIGABYTE 550W 80 PLUS SILVER ATX 3.0,GIGABYTE                                          ,60219.43,10.0,93.0,69427,Fuente Gigabyte 650W 80 Plus Silver Plus,Gigabyte,79189.0,EN STOCK,18969.57,31.50074651985248,https://www.mexx.com.ar/productos-rubro/fuentes-de-poder/48799-fuente-gigabyte-650w-80-plus-silver-plus.html,-,-,-,-,-,-,-,-,-,18969.57,mexx
repetido,fuentes,fuentes|GIGABYTE|750W|80 PLUS|750W|PG5|80|MODULAR|GOLD,FUENTES,119259,GP-UD750GM PG5,FUENTE GAMER GIGABYTE 750W PG5 80 PLUS MODULAR GOLD,GIGABYTE                                          ,129201.5,9.0,100.0,69557,Fuente Gigabyte 750W 80 Plus Gold PG5 Modular,Gigabyte,147659.0,EN STOCK,18457.5,14.285824854974594,https://www.mexx.com.ar/productos-rubro/fuentes-de-poder/47433-fuente-gigabyte-750w-80-plus-gold-pg5-modular.html,-,-,-,-,-,-,-,-,-,18457.5,mexx
repetido,mothers,mothers|ASUS|B840M|AM5|AM5|PRIME|B840M,MOTHER ASUS,120205,PRIME B840M-A WIFI,MOTHER ASUS (AM5) PRIME B840M-A  WIFI,ASUS,205373.61,10.0,100.0,20630,Motherboard AM5 - Asus Prime B840M-A WIFI,Asus,223749.0,EN STOCK,18375.390000000014,8.947298535581089,https://www.mexx.com.ar/productos-rubro/motherboards/48910-motherboard-am5-asus-prime-b840m-a-wifi.html,-,-,-,-,-,-,-,-,-,18375.390000000014,mexx
repetido,mothers,mothers|ASUS|B650M|AM5|AM5|PRIME|B650M|II,MOTHER ASUS,118258,PRIME B650M-A II,MOTHER ASUS (AM5) PRIME B650M-A II,ASUS,178245.03,6.0,100.0,20625,Motherboard AM5 - Asus Prime B650M-A II,Asus,195999.0,EN STOCK,17753.97,9.960429191209426,https://www.mexx.com.ar/productos-rubro/motherboards/48302-motherboard-am5-asus-prime-b650m-a-ii.html,-,-,-,-,-,-,-,-,-,17753.97,mexx
repetido,mothers,mothers|ASUS|B840M|AM5|AM5|PRIME|B840M,MOTHER ASUS,120206,PRIME B840M-A,MOTHER ASUS (AM5) PRIME B840M-A,ASUS,178578.22,10.0,100.0,20629,Motherboard AM5 - Asus Prime B840M-A,Asus,195999.0,EN STOCK,17420.78,9.75526578773156,https://www.mexx.com.ar/productos-rubro/motherboards/48909-motherboard-am5-asus-prime-b840m-a.html,-,-,-,-,-,-,-,-,-,17420.78,mexx
repetido,mothers,mothers|ASUS|B850|AM5|AM5|TUF|B850,MOTHER ASUS,120209,TUF GAMING B850-PLUS WIFI,MOTHER ASUS (AM5) TUF GAMING B850-PLUS WIFI,ASUS,354585.39,4.0,100.0,20636,Motherboard AM5 - Asus Tuf GAMING B850-E WIFI,Asus,370999.0,EN STOCK,16413.609999999986,4.628958344843251,https://www.mexx.com.ar/productos-rubro/motherboards/50702-motherboard-am5-asus-tuf-gaming-b850-e-wifi.html,-,-,-,-,-,-,-,-,-,16413.609999999986,mexx
repetido,refrigeracion,refrigeracion|COOLERMASTER||MASTER|HYPER|212|3DHP,COOLERS,121481,MAY-T2HP-217PA-R1,COOLER CPU COOLER MASTER HYPER 212 3DHP BLACK ARGB,COOLER MASTER,50202.57,10.0,81.0,70400,Cooler Cpu Cooler Master Hyper 212 Pro Rgb 150W,Cooler Master,65999.0,EN STOCK,15796.43,31.465381154789483,https://www.mexx.com.ar/productos-rubro/refrigeracion-pc/49709-cooler-cpu-cooler-master-hyper-212-pro-rgb-150w.html,-,-,-,-,-,-,-,-,-,15796.43,mexx
repetido,procesadores,procesadores|AMD|RYZEN|5|8500G,PROCESADORES,118980,100-100000931BOX,PROCESADOR AMD (AM5) RYZEN 5 8500G,AMD                                               ,209530.31,10.0,-,-,-,-,-,-,-,-,-,54.0,15473.0,Procesador AMD Ryzen 5 8500G 5.0GHz Turbo AM5 + Wraith Stealth Cooler,AMD,224820.0,True,15289.690000000002,7.297125652131189,https://compragamer.com/producto/Procesador_AMD_Ryzen_5_8500G_5_0GHz_Turbo_AM5_Wraith_Stealth_Cooler_15473?cate=27,15289.690000000002,compragamer
repetido,procesadores,procesadores|AMD|RYZEN|7|8700F,PROCESADORES,119050,100-100001590BOX,PROCESADOR AMD (AM5) RYZEN 7 8700F,AMD                                               ,356920.88,10.0,-,-,-,-,-,-,-,-,-,54.0,15625.0,Procesador AMD Ryzen 7 8700F 5.0GHz Turbo AM5 + Wraith Stealth Cooler,AMD,371750.0,True,14829.119999999995,4.154735917943494,https://compragamer.com/producto/Procesador_AMD_Ryzen_7_8700F_5_0GHz_Turbo_AM5_Wraith_Stealth_Cooler_15625?cate=27,14829.119999999995,compragamer
repetido,memorias,memorias|32GB|DDR5|6000|CL36,MEMORIAS,121676,VEU532G6036,MEMORIA PATRIOT DDR5 VIPER ELITE 5 ULTRA DDR5 32GB CL36 6000MTS BLACK HS PE001179,PATRIOT                                           ,812529.17,6.0,-,-,-,-,-,-,-,-,-,44.0,17050.0,Memoria Corsair DDR5 32GB (2x16GB) 6000MHz Vengeance CL36 Black Intel XMP 3.0 / AMD EXPO,Corsair,827210.0,True,14680.829999999958,1.8068065174816996,https://compragamer.com/producto/Memoria_Corsair_DDR5_32GB_2x16GB_6000MHz_Vengeance_CL36_Black_Intel_XMP_3_0_AMD_EXPO_17050?cate=15,14680.829999999958,compragamer
repetido,procesadores,procesadores|AMD|RYZEN|5|7600X,PROCESADORES,117726,100-100000593WOF,PROCESADOR AMD (AM5) RYZEN 5 7600X,AMD                                               ,346921.38,10.0,100.0,24165,Procesador Amd Ryzen 5 7600X 5.3 Ghz - AM5 Sin Cooler,Amd,360899.0,EN STOCK,13977.619999999995,4.029045428102469,https://www.mexx.com.ar/productos-rubro/procesadores/44152-procesador-amd-ryzen-5-7600x-5.3-ghz-am5-sin-cooler.html,58.0,14066.0,Procesador AMD Ryzen 5 7600X 5.3GHz Turbo AM5 - No incluye Cooler - C/VIDEO,AMD,357500.0,True,10578.619999999995,3.0492845381855664,https://compragamer.com/producto/Procesador_AMD_Ryzen_5_7600X_5_3GHz_Turbo_AM5_No_incluye_Cooler_C_VIDEO_14066?cate=27,13977.619999999995,mexx
repetido,mothers,mothers|ASUS|B850M|AM5|AM5|PRIME|B850M,MOTHER ASUS,121654,PRIME B850M-K,MOTHER ASUS (AM5) PRIME B850M-K,ASUS,205373.61,6.0,100.0,20642,Motherboard AM5 - Asus Prime B850M-K,Asus,218999.0,EN STOCK,13625.390000000014,6.634440520376506,https://www.mexx.com.ar/productos-rubro/motherboards/50497-motherboard-am5-asus-prime-b850m-k.html,-,-,-,-,-,-,-,-,-,13625.390000000014,mexx
repetido,mothers,mothers|GIGABYTE|A520M|AM4|AM4|A520M|V2,MOTHER GIGABYTE,118172,A520M K V2,MOTHER GIGABYTE (AM4) A520M K V2,GIGABYTE                                          ,71389.72,10.0,100.0,19813,Motherboard AM4 - Gigabyte A520M-K V2,Gigabyte,83899.0,EN STOCK,12509.279999999999,17.522522850628913,https://www.mexx.com.ar/productos-rubro/motherboards/45663-motherboard-am4-gigabyte-a520m-k-v2.html,-,-,-,-,-,-,-,-,-,12509.279999999999,mexx
repetido,mothers,mothers|GIGABYTE|B840M|AM5|AM5|B840M|DS3H,MOTHER GIGABYTE,120651,B840M DS3H,MOTHER GIGABYTE (AM5) B840M DS3H,GIGABYTE                                          ,178715.53,10.0,100.0,20032,Motherboard AM5 - Gigabyte B840M DS3H,Gigabyte,190999.0,EN STOCK,12283.470000000001,6.873196750164913,https://www.mexx.com.ar/productos-rubro/motherboards/49450-motherboard-am5-gigabyte-b840m-ds3h.html,-,-,-,-,-,-,-,-,-,12283.470000000001,mexx
repetido,procesadores,procesadores|AMD|RYZEN|7|5700G,PROCESADORES,111454,100-00000263BOX,PROCESADOR AMD (AM4) RYZEN 7 5700G,AMD                                               ,288737.41,10.0,100.0,24362,Procesador Amd Ryzen 7 5700G 4.6 Ghz - AM4,Amd,301009.0,EN STOCK,12271.590000000026,4.250086609836954,https://www.mexx.com.ar/productos-rubro/procesadores/40369-procesador-amd-ryzen-7-5700g-4.6-ghz-am4.html,54.0,12369.0,Procesador AMD Ryzen 7 5700G 4.6GHz Turbo AM4 + Wraith Stealth Cooler,AMD,294050.0,True,5312.590000000026,1.8399382331510235,https://compragamer.com/producto/Procesador_AMD_Ryzen_7_5700G_4_6GHz_Turbo_AM4_Wraith_Stealth_Cooler_12369?cate=27,12271.590000000026,mexx
repetido,almacenamiento,almacenamiento|PATRIOT|512GB|P210|SOLID|512GB|SATA3|PE000718,DISCOS SSD,108618,P210S512G25,DISCO SSD PATRIOT P210 SOLID 512GB SATA3 PE000718,PATRIOT                                           ,129574.0,10.0,67.0,33987,Disco Solido Ssd M2 Pci-E 512Gb Patriot P300,Patriot,140999.0,EN STOCK,11425.0,8.817355333631747,https://www.mexx.com.ar/productos-rubro/almacenamiento/50899-disco-solido-ssd-m2-pci-e-512gb-patriot-p300.html,-,-,-,-,-,-,-,-,-,11425.0,mexx
repetido,mothers,mothers|ASUS|A620M|AM5|AM5|PRIME|A620M,MOTHER ASUS,118982,PRIME A620M-K,MOTHER ASUS (AM5) PRIME A620M-K,ASUS,113927.27,10.0,100.0,20413,Motherboard AM5 - Asus Prime A620M-K,Asus,124999.0,EN STOCK,11071.729999999996,9.718243928780174,https://www.mexx.com.ar/productos-rubro/motherboards/46561-motherboard-am5-asus-prime-a620m-k.html,-,-,-,-,-,-,-,-,-,11071.729999999996,mexx
repetido,procesadores,procesadores|AMD|RYZEN|5|5500,PROCESADORES,116713,100-100000457BOX,PROCESADOR AMD (AM4) RYZEN 5 5500 3.6GHZ,AMD                                               ,150121.91,10.0,76.0,24153,Procesador Amd Ryzen 5 5500 3.6 Ghz - AM4 Sin Gpu,Amd,152449.0,EN STOCK,2327.0899999999965,1.5501334881763738,https://www.mexx.com.ar/productos-rubro/procesadores/47212-procesador-amd-ryzen-5-5500-3.6-ghz-am4-sin-gpu.html,47.0,13359.0,Procesador AMD Ryzen 5 5500 4.2GHz Turbo AM4 + Wraith Stealth Cooler,AMD,161000.0,True,10878.089999999997,7.246170795455504,https://compragamer.com/producto/Procesador_AMD_Ryzen_5_5500_4_2GHz_Turbo_AM4_Wraith_Stealth_Cooler_13359?cate=27,10878.089999999997,compragamer
repetido,procesadores,procesadores|AMD|RYZEN|5|8600G,PROCESADORES,118837,100-100001237BOX,PROCESADOR AMD (AM5) RYZEN 5 8600G,AMD                                               ,258203.07,10.0,100.0,24166,Procesador Amd Ryzen 5 8600G 5.3 Ghz - AM5,Amd,265649.0,EN STOCK,7445.929999999993,2.8837496006534673,https://www.mexx.com.ar/productos-rubro/procesadores/46865-procesador-amd-ryzen-5-8600g-5.3-ghz-am5.html,54.0,15206.0,Procesador AMD Ryzen 5 8600G 5.0GHz Turbo AM5 + Wraith Stealth Cooler,AMD,268980.0,True,10776.929999999993,4.173819466979999,https://compragamer.com/producto/Procesador_AMD_Ryzen_5_8600G_5_0GHz_Turbo_AM5_Wraith_Stealth_Cooler_15206?cate=27,10776.929999999993,compragamer
repetido,refrigeracion,refrigeracion|COOLERMASTER||GABINETE|MASTER|MF120|LITE,COOLERS,121461,MFW-B2DN-17NPA-R1,COOLER PARA GABINETE COOLER MASTER MF120 LITE ARGB,COOLER MASTER,9504.07,10.0,100.0,71113,Cooler Gabinete Cooler Master MF120 Lite Argb,Cooler Master,19999.0,EN STOCK,10494.93,110.42563870005166,https://www.mexx.com.ar/productos-rubro/refrigeracion-pc/49717-cooler-gabinete-cooler-master-mf120-lite-argb.html,-,-,-,-,-,-,-,-,-,10494.93,mexx
repetido,procesadores,procesadores|AMD|RYZEN|5|8400F,PROCESADORES,119024,100-100001591BOX,PROCESADOR AMD (AM5) RYZEN 5 8400F C/COOLER,AMD                                               ,237361.49,10.0,100.0,24168,Procesador Amd Ryzen 5 8400F 4.7 Ghz - AM5 Sin Video,Amd,245999.0,EN STOCK,8637.51000000001,3.638968562254985,https://www.mexx.com.ar/productos-rubro/procesadores/47372-procesador-amd-ryzen-5-8400f-4.7-ghz-am5-sin-video.html,54.0,15624.0,Procesador AMD Ryzen 5 8400F 4.7GHz Turbo AM5 Wraith Stealth Cooler,AMD,245150.0,True,7788.510000000009,3.281286277736127,https://compragamer.com/producto/Procesador_AMD_Ryzen_5_8400F_4_7GHz_Turbo_AM5_Wraith_Stealth_Cooler_15624?cate=27,8637.51000000001,mexx
repetido,fuentes,fuentes|GIGABYTE|550W|80 PLUS|550W|ICE|80|SILVER,FUENTES,119727,GP-P550SS ICE,FUENTE GAMER GIGABYTE 550W ICE 80 PLUS SILVER ATX 3.0 WHITE,GIGABYTE                                          ,60883.27,10.0,82.0,69423,Fuente Gigabyte 550W 80 Plus Silver Plus Blanca,Gigabyte,69509.0,EN STOCK,8625.730000000003,14.167652295942718,https://www.mexx.com.ar/productos-rubro/fuentes-de-poder/48796-fuente-gigabyte-550w-80-plus-silver-plus-blanca.html,-,-,-,-,-,-,-,-,-,8625.730000000003,mexx
repetido,refrigeracion,refrigeracion|COOLERMASTER||MASTER|HYPER|212|SPECTRUM|V3,COOLERS,121439,RR-S4NA-17PA-R1,COOLER CPU COOLER MASTER HYPER 212 SPECTRUM V3 RGB,COOLER MASTER,25712.02,10.0,92.0,70403,Cooler Cpu Cooler Master Hyper 212 Spectrum V3 150W,Cooler Master,33999.0,EN STOCK,8286.98,32.229984264169055,https://www.mexx.com.ar/productos-rubro/refrigeracion-pc/50340-cooler-cpu-cooler-master-hyper-212-spectrum-v3-150w.html,-,-,-,-,-,-,-,-,-,8286.98,mexx
repetido,memorias,memorias|8GB|DDR4|3200|CL16,MEMORIAS,122623,NTSHD4P32SP-08K,MEMORIA NETAC SHADOW III DDR4 3200 8GB C16 BLACK,NETAC ,119949.89,10.0,-,-,-,-,-,-,-,-,-,53.0,13905.0,Memoria Team DDR4 8GB 3200MHz T-Force Vulcan Z Grey CL16,Team,127900.0,True,7950.110000000001,6.627859350267016,https://compragamer.com/producto/Memoria_Team_DDR4_8GB_3200MHz_T_Force_Vulcan_Z_Grey_CL16_13905?cate=15,7950.110000000001,compragamer
repetido,procesadores,procesadores|AMD|RYZEN|5|5600GT,PROCESADORES,118839,100-100001488BOX,PROCESADOR AMD (AM4) RYZEN 5 5600GT,AMD                                               ,241439.61,10.0,100.0,24157,Procesador Amd Ryzen 5 5600GT 4.6 Ghz - AM4,Amd,246999.0,EN STOCK,5559.390000000014,2.3026006378986508,https://www.mexx.com.ar/productos-rubro/procesadores/46852-procesador-amd-ryzen-5-5600gt-4.6-ghz-am4.html,55.0,15739.0,Procesador AMD Ryzen 5 5600GT 4.6GHz Turbo AM4 + Wraith Stealth Cooler,AMD,243300.0,True,1860.390000000014,0.7705405090738897,https://compragamer.com/producto/Procesador_AMD_Ryzen_5_5600GT_4_6GHz_Turbo_AM4_Wraith_Stealth_Cooler_15739?cate=27,5559.390000000014,mexx
repetido,almacenamiento,almacenamiento|WD|500GB|500GB|GREEN|SN350,DISCOS SSD,118363,WDS500G2G0C,DISCO SSD M.2 500GB WD GREEN SN350 NVME,WD                                                ,138035.41,8.0,-,-,-,-,-,-,-,-,-,76.0,15038.0,Disco Solido SSD M.2 WD 500GB Green SN350 2400Mb/s PCI-e Gen 3,Western Digital,143040.0,True,5004.5899999999965,3.6255841888686366,https://compragamer.com/producto/Disco_Solido_SSD_M_2_WD_500GB_Green_SN350_2400Mb_s_PCI_e_Gen_3_15038?cate=81,5004.5899999999965,compragamer
repetido,procesadores,procesadores|AMD|RYZEN|5|9600X,PROCESADORES,119143,100-100001405WOF,PROCESADOR AMD (AM5) RYZEN 5 9600X (S/COOLER),AMD                                               ,364517.03,10.0,-,-,-,-,-,-,-,-,-,58.0,16099.0,Procesador AMD Ryzen 5 9600X 5.4GHz Turbo AM5 - No Incluye Cooler,AMD,369100.0,True,4582.969999999972,1.2572718481767426,https://compragamer.com/producto/Procesador_AMD_Ryzen_5_9600X_5_4GHz_Turbo_AM5_No_Incluye_Cooler_16099?cate=27,4582.969999999972,compragamer
repetido,fuentes,fuentes|ASUS|1000W|80 PLUS GOLD|TUF|1000W|EDITION|80|GOLD,FUENTES,121660,TUF GAMING 1000G WHITE,FUENTE ASUS TUF GAMING 1000W WHITE EDITION ATX 3.1 PCIE 5 80 PLUS GOLD,ASUS,250413.52,8.0,78.0,69572,Fuente Asus Tuf Gaming 1000W 80 Plus Gold Blanca,Asus,253999.0,EN STOCK,3585.4800000000105,1.4318236491384373,https://www.mexx.com.ar/productos-rubro/fuentes-de-poder/51217-fuente-asus-tuf-gaming-1000w-80-plus-gold-blanca.html,-,-,-,-,-,-,-,-,-,3585.4800000000105,mexx
repetido,almacenamiento,almacenamiento|ADATA|256GB|SU650|256GB,DISCOS SSD,115239,ASU650SS-256GT-R,DISCO SSD ADATA SU650 2.5 256GB,ADATA,84787.89,10.0,76.0,32959,Disco Solido Ssd 256Gb Adata SU650,Adata,87799.0,EN STOCK,3011.1100000000006,3.5513444195863357,https://www.mexx.com.ar/productos-rubro/almacenamiento/50779-disco-solido-ssd-256gb-adata-su650.html,-,-,-,-,-,-,-,-,-,3011.1100000000006,mexx
repetido,procesadores,procesadores|INTEL|COREULTRA|5|245K,PROCESADORES,119759,BX80768245K,PROCESADOR INTEL (LGA1851) CORE ULTRA 5 245K,INTEL                                             ,366348.47,10.0,-,-,-,-,-,-,-,-,-,50.0,16838.0,Procesador Intel Core Ultra 5 245K 5.2Ghz Turbo Socket 1851 Arrow Lake,Intel,365960.0,True,-388.46999999997206,-0.10603838471059318,https://compragamer.com/producto/Procesador_Intel_Core_Ultra_5_245K_5_2Ghz_Turbo_Socket_1851_Arrow_Lake_16838?cate=48,-388.46999999997206,compragamer
repetido,memorias,memorias|16GB|DDR4|3200|,MEMORIAS,117832,AD4U320016G22-SGN,MEMORIA ADATA DDR4 16GB 3200 G22 SGN,ADATA,231843.06,10.0,55.0,27560,Memoria Ram DDR4 - 16Gb 3200 Mhz Hiksemi Armor,Hiksemi,230999.0,EN STOCK,-844.0599999999977,-0.36406524310022376,https://www.mexx.com.ar/productos-rubro/memorias-ram/50178-memoria-ram-ddr4-16gb-3200-mhz-hiksemi-armor.html,-,-,-,-,-,-,-,-,-,-844.0599999999977,mexx
repetido,fuentes,fuentes|THERMALTAKE|500W||TR2|500W,FUENTES,101266,TR2-500NL2NC,FUENTE GAMER THERMALTAKE TR2 500W,THERMALTAKE,48828.17,10.0,100.0,68350,Fuente Thermaltake TR2 500W,Thermaltake,45999.0,EN STOCK,-2829.1699999999983,-5.794134820125346,https://www.mexx.com.ar/productos-rubro/fuentes-de-poder/29006-fuente-thermaltake-tr2-500w.html,-,-,-,-,-,-,-,-,-,-2829.1699999999983,mexx
repetido,fuentes,fuentes|THERMALTAKE|600W||TR2|600W,FUENTES,101260,TR2-600NL2NC,FUENTE GAMER THERMALTAKE TR2 600W,THERMALTAKE,53542.62,10.0,100.0,68400,Fuente Thermaltake TR2 600W,Thermaltake,49019.0,EN STOCK,-4523.620000000003,-8.44863400408871,https://www.mexx.com.ar/productos-rubro/fuentes-de-poder/48182-fuente-thermaltake-tr2-600w.html,-,-,-,-,-,-,-,-,-,-4523.620000000003,mexx
repetido,procesadores,procesadores|INTEL|COREI|9|14900F,PROCESADORES,119844,BX8071514900F,PROCESADOR INTEL (LGA1700) CORE I9 14900F,INTEL                                             ,1011871.66,2.0,-,-,-,-,-,-,-,-,-,48.0,16202.0,Procesador Intel Core i9 14900F 5.8GHz Turbo Socket 1700 Raptor Lake,Intel,1003450.0,True,-8421.660000000033,-0.8322853908172537,https://compragamer.com/producto/Procesador_Intel_Core_i9_14900F_5_8GHz_Turbo_Socket_1700_Raptor_Lake_16202?cate=48,-8421.660000000033,compragamer
repetido,fuentes,fuentes|THERMALTAKE|700W|80 PLUS WHITE|SMART|700W|80,FUENTES,120007,PS-SPD-0700NPCWAG-W,FUENTE THERMALTAKE SMART 700W 80 PLUS WHITE,THERMALTAKE,81460.81,10.0,92.0,68789,Fuente Thermaltake Smart Rgb 500W 80 Plus White,Thermaltake,66669.0,EN STOCK,-14791.809999999998,-18.15819165068454,https://www.mexx.com.ar/productos-rubro/fuentes-de-poder/39493-fuente-thermaltake-smart-rgb-500w-80-plus-white.html,-,-,-,-,-,-,-,-,-,-14791.809999999998,mexx
repetido,procesadores,procesadores|INTEL|COREULTRA|5|225F,PROCESADORES,120631,BX80768225F,PROCESADOR INTEL (LGA1851) CORE ULTRA 5 225F,INTEL                                             ,289390.88,10.0,-,-,-,-,-,-,-,-,-,50.0,17085.0,Procesador Intel Core Ultra 5 225F 4.9Ghz Turbo Socket 1851 Arrow Lake,Intel,269800.0,True,-19590.880000000005,-6.769695022870108,https://compragamer.com/producto/Procesador_Intel_Core_Ultra_5_225F_4_9Ghz_Turbo_Socket_1851_Arrow_Lake_17085?cate=48,-19590.880000000005,compragamer
repetido,memorias,memorias|16GB|DDR5|4800|CL40,MEMORIAS,119121,NTSWD5P48SP-16W,MEMORIA NETAC SHADOW II DDR5 4800 16GB C40 WHITE,NETAC ,344380.88,10.0,-,-,-,-,-,-,-,-,-,65.0,19017.0,Memoria KingDian DDR5 16GB 4800MHz CL40,KingDian,317300.0,True,-27080.880000000005,-7.863642139482309,https://compragamer.com/producto/Memoria_KingDian_DDR5_16GB_4800MHz_CL40_19017?cate=15,-27080.880000000005,compragamer
repetido,memorias,memorias|16GB|DDR5|6000|CL36,MEMORIAS,121678,VEUR516G6036,MEMORIA PATRIOT DDR5 VIPER ELITE 5 ULTRA RGB DDR5 16GB 6000Mhz CL36 BLACK HS PE001173,PATRIOT                                           ,488020.38,10.0,-,-,-,-,-,-,-,-,-,59.0,18723.0,Memoria Kingston DDR5 16GB 6000MHz Fury Black RGB CL36 AMD EXPO,Kingston,445750.0,True,-42270.380000000005,-8.661601386401117,https://compragamer.com/producto/Memoria_Kingston_DDR5_16GB_6000MHz_Fury_Black_RGB_CL36_AMD_EXPO_18723?cate=15,-42270.380000000005,compragamer
repetido,mothers,mothers|ASUS|B850|AM5|AM5|ROG|STRIX|B850,MOTHER ASUS,119908,ROG STRIX B850-E GAMING WIFI,MOTHER ASUS (AM5) ROG STRIX B850-E GAMING WIFI,ASUS,576975.67,10.0,100.0,20633,Motherboard AM5 - Asus Rog Strix B850-A GAMING WIFI,Asus,501999.0,EN STOCK,-74976.67000000004,-12.994771512635886,https://www.mexx.com.ar/productos-rubro/motherboards/48911-motherboard-am5-asus-rog-strix-b850-a-gaming-wifi.html,-,-,-,-,-,-,-,-,-,-74976.67000000004,mexx
repetido,procesadores,procesadores|INTEL|COREULTRA|5|225,PROCESADORES,120137,BX80768225,PROCESADOR INTEL (LGA1851) CORE ULTRA 5 225,INTEL                                             ,394775.34,10.0,-,-,-,-,-,-,-,-,-,49.0,17084.0,Procesador Intel Core Ultra 5 225 4.9Ghz Turbo Socket 1851 Arrow Lake,Intel,306000.0,True,-88775.34000000003,-22.48755963328409,https://compragamer.com/producto/Procesador_Intel_Core_Ultra_5_225_4_9Ghz_Turbo_Socket_1851_Arrow_Lake_17084?cate=48,-88775.34000000003,compragamer
repetido,refrigeracion,refrigeracion|COOLERMASTER||WATER|MASTER|MASTERLIQUID|240|ATMOS|II,COOLERS,121464,MLX-D24M-A25SZ-L1,WATER COOLER MASTER MASTERLIQUID 240 ATMOS II LCD ARGB,COOLER MASTER,290693.1,6.0,78.0,70441,Cooler Cpu Watercooler Cooler Master MasterLiquid 240 Core II Argb 200W,Cooler Master,150999.0,EN STOCK,-139694.09999999998,-48.0555266017666,https://www.mexx.com.ar/productos-rubro/refrigeracion-pc/49712-cooler-cpu-watercooler-cooler-master-masterliquid-240-core-ii-argb-200w.html,-,-,-,-,-,-,-,-,-,-139694.09999999998,mexx
repetido,refrigeracion,refrigeracion|COOLERMASTER||WATER|MASTER|MASTERLIQUID|360|ATMOS|II,COOLERS,121463,MLX-D36M-A25SZ-L1,WATER COOLER MASTER MASTERLIQUID 360 ATMOS II LCD ARGB,COOLER MASTER,315609.65,5.0,72.0,70442,Cooler Cpu Watercooler Cooler Master MasterLiquid 240 Core II Argb 200W Bla,Cooler Master,150999.0,EN STOCK,-164610.65000000002,-52.15640586401589,https://www.mexx.com.ar/productos-rubro/refrigeracion-pc/49713-cooler-cpu-watercooler-cooler-master-masterliquid-240-core-ii-argb-200w-bla.html,-,-,-,-,-,-,-,-,-,-164610.65000000002,mexx
repetido,almacenamiento,almacenamiento|WD|2000GB|2000GB|GREEN,DISCOS SSD,121435,WDS200T5G0A,DISCO SSD SATA 2TB WD GREEN,WD                                                ,449810.21,6.0,-,-,-,-,-,-,-,-,-,67.0,19646.0,Disco Solido SSD M.2 WD 240GB Green SATA 545MB/s,Western Digital,87400.0,True,-362410.21,-80.56958289141546,https://compragamer.com/producto/Disco_Solido_SSD_M_2_WD_240GB_Green_SATA_545MB_s_19646?cate=81,-362410.21,compragamer
solo_compragamer,almacenamiento,almacenamiento|KINGSTON|480GB|SOLIDO|480GB|A400,-,-,-,-,-,-,-,-,-,-,-,-,-,-,-,-,-,7411.0,Disco Sólido SSD Kingston 480GB A400 500MB/s,Kingston,130000.0,True,-,-,https://compragamer.com/producto/Disco_Solido_SSD_Kingston_480GB_A400_500MB_s_7411?cate=81,-,-
solo_compragamer,almacenamiento,almacenamiento|KINGSTON|960GB|SOLIDO|960GB|A400,-,-,-,-,-,-,-,-,-,-,-,-,-,-,-,-,-,7894.0,Disco Sólido SSD Kingston 960GB A400 500MB/s,Kingston,229670.0,True,-,-,https://compragamer.com/producto/Disco_Solido_SSD_Kingston_960GB_A400_500MB_s_7894?cate=81,-,-
solo_compragamer,almacenamiento,almacenamiento|TEAM|256GB|SOLIDO|256GB|GX2,-,-,-,-,-,-,-,-,-,-,-,-,-,-,-,-,-,10110.0,Disco Solido SSD Team 256GB GX2 530MB/s,Team,80710.0,True,-,-,https://compragamer.com/producto/Disco_Solido_SSD_Team_256GB_GX2_530MB_s_10110?cate=81,-,-
solo_compragamer,almacenamiento,almacenamiento|TEAM|512GB|SOLIDO|512GB|MP33|GEN3|X4,-,-,-,-,-,-,-,-,-,-,-,-,-,-,-,-,-,10116.0,Disco Solido SSD M.2 Team 512GB MP33 1700MB/s NVMe PCI-E Gen3 x4,Team,151090.0,True,-,-,https://compragamer.com/producto/Disco_Solido_SSD_M_2_Team_512GB_MP33_1700MB_s_NVMe_PCI_E_Gen3_x4_10116?cate=81,-,-
solo_compragamer,almacenamiento,almacenamiento|TEAM|1000GB|SOLIDO|1000GB|MP33|GEN3|X4,-,-,-,-,-,-,-,-,-,-,-,-,-,-,-,-,-,13271.0,Disco Solido SSD M.2 Team 1TB MP33 PRO 3400MB/s NVMe PCI-E Gen3 x4,Team,264750.0,True,-,-,https://compragamer.com/producto/Disco_Solido_SSD_M_2_Team_1TB_MP33_PRO_3400MB_s_NVMe_PCI_E_Gen3_x4_13271?cate=81,-,-
solo_compragamer,almacenamiento,almacenamiento|TEAM|1000GB|SOLIDO|1000GB|FORCE|VULCAN,-,-,-,-,-,-,-,-,-,-,-,-,-,-,-,-,-,13867.0,Disco Solido SSD Team 1TB T-Force Vulcan Z 550MB/s,Team,226220.0,True,-,-,https://compragamer.com/producto/Disco_Solido_SSD_Team_1TB_T_Force_Vulcan_Z_550MB_s_13867?cate=81,-,-
solo_compragamer,almacenamiento,almacenamiento|TEAM|1000GB|SOLIDO|1000GB|MP44L|X4|GEN4,-,-,-,-,-,-,-,-,-,-,-,-,-,-,-,-,-,15008.0,Disco Solido SSD M.2 Team 1TB MP44L 5000MB/s NVMe PCI-E x4 Gen4,Team,343850.0,True,-,-,https://compragamer.com/producto/Disco_Solido_SSD_M_2_Team_1TB_MP44L_5000MB_s_NVMe_PCI_E_x4_Gen4_15008?cate=81,-,-
solo_compragamer,almacenamiento,almacenamiento|KINGSTON|1000GB|SOLIDO|1000GB|NV3|GEN4|X4,-,-,-,-,-,-,-,-,-,-,-,-,-,-,-,-,-,16872.0,Disco Sólido SSD M.2 Kingston 1TB NV3 6000MB/s NVMe PCI-E Gen4 x4,Kingston,272730.0,True,-,-,https://compragamer.com/producto/Disco_Solido_SSD_M_2_Kingston_1TB_NV3_6000MB_s_NVMe_PCI_E_Gen4_x4_16872?cate=81,-,-
solo_compragamer,almacenamiento,almacenamiento|SANDISK|1000GB|SOLIDO|1000GB|GEN3|X4,-,-,-,-,-,-,-,-,-,-,-,-,-,-,-,-,-,18107.0,Disco Solido SSD M.2 Sandisk 1TB Plus 3200MB/s NVMe PCI-E Gen3 x4,Sandisk,258500.0,True,-,-,https://compragamer.com/producto/Disco_Solido_SSD_M_2_Sandisk_1TB_Plus_3200MB_s_NVMe_PCI_E_Gen3_x4_18107?cate=81,-,-
solo_compragamer,almacenamiento,almacenamiento|MSI|960GB|SOLIDO|960GB|SPATIUM|S270,-,-,-,-,-,-,-,-,-,-,-,-,-,-,-,-,-,18841.0,Disco Sólido SSD MSI 960GB Spatium S270 500MB/s,MSI,206750.0,True,-,-,https://compragamer.com/producto/Disco_Solido_SSD_MSI_960GB_Spatium_S270_500MB_s_18841?cate=81,-,-
solo_compragamer,almacenamiento,almacenamiento|MSI|480GB|SOLIDO|480GB|SPATIUM|S270,-,-,-,-,-,-,-,-,-,-,-,-,-,-,-,-,-,19286.0,Disco Sólido SSD MSI 480GB Spatium S270 500MB/s,MSI,117950.0,True,-,-,https://compragamer.com/producto/Disco_Solido_SSD_MSI_480GB_Spatium_S270_500MB_s_19286?cate=81,-,-
solo_compragamer,almacenamiento,almacenamiento|TEAM|512GB|SOLIDO|512GB|QX,-,-,-,-,-,-,-,-,-,-,-,-,-,-,-,-,-,19407.0,Disco Solido SSD Team 512GB QX 560MB/s,Team,140600.0,True,-,-,https://compragamer.com/producto/Disco_Solido_SSD_Team_512GB_QX_560MB_s_19407?cate=81,-,-
solo_compragamer,almacenamiento,almacenamiento|CRUCIAL|480GB|SOLIDO|480GB|E100|GEN4|X4,-,-,-,-,-,-,-,-,-,-,-,-,-,-,-,-,-,19528.0,Disco Solido SSD M.2 Crucial 480GB E100 5000MB/s NVMe PCI-E Gen4 x4,Crucial,146050.0,True,-,-,https://compragamer.com/producto/Disco_Solido_SSD_M_2_Crucial_480GB_E100_5000MB_s_NVMe_PCI_E_Gen4_x4_19528?cate=81,-,-
solo_compragamer,almacenamiento,almacenamiento|CRUCIAL|1000GB|SOLIDO|1000GB|P310|GEN4|X4,-,-,-,-,-,-,-,-,-,-,-,-,-,-,-,-,-,19530.0,Disco Solido SSD M.2 Crucial 1TB P310 7100MB/s NVMe PCI-E Gen4 x4,Crucial,301600.0,True,-,-,https://compragamer.com/producto/Disco_Solido_SSD_M_2_Crucial_1TB_P310_7100MB_s_NVMe_PCI_E_Gen4_x4_19530?cate=81,-,-
solo_compragamer,almacenamiento,almacenamiento|SAMSUNG|2000GB|SOLIDO|2000GB|990|EVO|GEN4,-,-,-,-,-,-,-,-,-,-,-,-,-,-,-,-,-,19533.0,Disco Solido SSD M.2 Samsung 2TB 990 EVO 5000MB/s NVMe PCI-E Gen4 x4 Gen5 x2,Samsung,697450.0,True,-,-,https://compragamer.com/producto/Disco_Solido_SSD_M_2_Samsung_2TB_990_EVO_5000MB_s_NVMe_PCI_E_Gen4_x4_Gen5_x2_19533?cate=81,-,-
solo_compragamer,almacenamiento,almacenamiento|WD|1000GB|SOLIDO|1000GB|SN5100|GEN4|X4,-,-,-,-,-,-,-,-,-,-,-,-,-,-,-,-,-,19534.0,Disco Solido SSD M.2 WD 1TB Blue SN5100 7100MB/s NVMe PCI-E Gen4 x4,Western Digital,289900.0,True,-,-,https://compragamer.com/producto/Disco_Solido_SSD_M_2_WD_1TB_Blue_SN5100_7100MB_s_NVMe_PCI_E_Gen4_x4_19534?cate=81,-,-
solo_compragamer,almacenamiento,almacenamiento|TEAM|1000GB|SOLIDO|1000GB|NV5000|X4|GEN4,-,-,-,-,-,-,-,-,-,-,-,-,-,-,-,-,-,20090.0,Disco Solido SSD M.2 Team 1TB NV5000 4500MB/s NVMe PCI-E x4 Gen4,Team,311000.0,True,-,-,https://compragamer.com/producto/Disco_Solido_SSD_M_2_Team_1TB_NV5000_4500MB_s_NVMe_PCI_E_x4_Gen4_20090?cate=81,-,-
solo_compragamer,almacenamiento,almacenamiento|CRUCIAL|1000GB|SOLIDO|1000GB|T705|GEN5|X4,-,-,-,-,-,-,-,-,-,-,-,-,-,-,-,-,-,20121.0,Disco Solido SSD M.2 Crucial 1TB T705 13600MB/s NVMe PCI-E Gen5 x4,Crucial,403100.0,True,-,-,https://compragamer.com/producto/Disco_Solido_SSD_M_2_Crucial_1TB_T705_13600MB_s_NVMe_PCI_E_Gen5_x4_20121?cate=81,-,-
solo_compragamer,almacenamiento,almacenamiento|CRUCIAL|1000GB|SOLIDO|1000GB|T710|GEN5|X4,-,-,-,-,-,-,-,-,-,-,-,-,-,-,-,-,-,20122.0,Disco Solido SSD M.2 Crucial 1TB T710 14900MB/s NVMe PCI-E Gen5 x4,Crucial,420470.0,True,-,-,https://compragamer.com/producto/Disco_Solido_SSD_M_2_Crucial_1TB_T710_14900MB_s_NVMe_PCI_E_Gen5_x4_20122?cate=81,-,-
solo_compragamer,almacenamiento,almacenamiento|CRUCIAL|2000GB|SOLIDO|2000GB|P510|GEN5|X4,-,-,-,-,-,-,-,-,-,-,-,-,-,-,-,-,-,20123.0,Disco Solido SSD M.2 Crucial 2TB P510 11000MB/s NVMe PCI-E Gen5 x4,Crucial,639840.0,True,-,-,https://compragamer.com/producto/Disco_Solido_SSD_M_2_Crucial_2TB_P510_11000MB_s_NVMe_PCI_E_Gen5_x4_20123?cate=81,-,-
solo_compragamer,almacenamiento,almacenamiento|SAMSUNG|1000GB|SOLIDO|1000GB|9100|GEN5|X4,-,-,-,-,-,-,-,-,-,-,-,-,-,-,-,-,-,20124.0,Disco Solido SSD M.2 Samsung 1TB 9100 PRO 14800MB/s NVMe PCI-E Gen5 x4,Samsung,516370.0,True,-,-,https://compragamer.com/producto/Disco_Solido_SSD_M_2_Samsung_1TB_9100_PRO_14800MB_s_NVMe_PCI_E_Gen5_x4_20124?cate=81,-,-
solo_compragamer,almacenamiento,almacenamiento|HIKSEMI|128GB|SOLIDO|128GB|WAVE|GEN3,-,-,-,-,-,-,-,-,-,-,-,-,-,-,-,-,-,20133.0,Disco Solido SSD M.2 Hiksemi 128GB Wave 2500MB/s NVMe PCIe Gen3,Hiksemi,49070.0,True,-,-,https://compragamer.com/producto/Disco_Solido_SSD_M_2_Hiksemi_128GB_Wave_2500MB_s_NVMe_PCIe_Gen3_20133?cate=81,-,-
solo_compragamer,almacenamiento,almacenamiento|KINGSTON|500GB|SOLIDO|500GB|NV3|GEN4|X4,-,-,-,-,-,-,-,-,-,-,-,-,-,-,-,-,-,20214.0,Disco Sólido SSD M.2 Kingston 500GB NV3 5000MB/s NVMe PCI-E Gen4 x4,Kingston,173900.0,True,-,-,https://compragamer.com/producto/Disco_Solido_SSD_M_2_Kingston_500GB_NV3_5000MB_s_NVMe_PCI_E_Gen4_x4_20214?cate=81,-,-
solo_compragamer,almacenamiento,almacenamiento|MANCER|480GB|SOLIDO|480GB|REAPER,-,-,-,-,-,-,-,-,-,-,-,-,-,-,-,-,-,20244.0,Disco Solido SSD Mancer 480GB Reaper S 530MB/s,Mancer,106520.0,True,-,-,https://compragamer.com/producto/Disco_Solido_SSD_Mancer_480GB_Reaper_S_530MB_s_20244?cate=81,-,-
solo_compragamer,almacenamiento,almacenamiento|CRUCIAL|1000GB|SOLIDO|1000GB|T700|GEN5|X4,-,-,-,-,-,-,-,-,-,-,-,-,-,-,-,-,-,20245.0,Disco Solido SSD M.2 Crucial 1TB T700 PRO 12400MB/s NVMe PCI-E Gen5 x4,Crucial,424320.0,True,-,-,https://compragamer.com/producto/Disco_Solido_SSD_M_2_Crucial_1TB_T700_PRO_12400MB_s_NVMe_PCI_E_Gen5_x4_20245?cate=81,-,-
solo_distribuidor,almacenamiento,almacenamiento|PATRIOT|1000GB|P300|1000GB|2280|GEN3|X4,DISCOS SSD,113158,P300P1TBM28,DISCO SSD PATRIOT P300 1TB M.2 2280 PCIE GEN3 X4 PE000693,PATRIOT                                           ,288233.06,10.0,-,-,-,-,-,-,-,-,-,-,-,-,-,-,-,-,-,-,-,-
solo_distribuidor,almacenamiento,almacenamiento|PATRIOT||BURST|ELITE|SOLID|960|SATA3,DISCOS SSD,113155,PBE960GS25SSDR,DISCO SSD PATRIOT BURST ELITE SOLID 960 GB SATA3 PE000778,PATRIOT                                           ,229245.24,10.0,-,-,-,-,-,-,-,-,-,-,-,-,-,-,-,-,-,-,-,-
solo_distribuidor,almacenamiento,almacenamiento|NETAC|1000GB|N535N|2280|SATAIII|3D|NAND,DISCOS SSD,115743,NT01N535N-001T-N8X,DISCO SSD NETAC N535N M.2 2280 SATAIII 3D NAND SSD 1TB,NETAC ,238006.14,10.0,-,-,-,-,-,-,-,-,-,-,-,-,-,-,-,-,-,-,-,-
solo_distribuidor,almacenamiento,almacenamiento|NETAC||N535N|2280|SATAIII|3D|NAND,DISCOS SSD,115741,NT01N535N-256G-N8X,DISCO SSD NETAC N535N M.2 2280 SATAIII 3D NAND SSD 256 GB,NETAC ,75761.51,10.0,-,-,-,-,-,-,-,-,-,-,-,-,-,-,-,-,-,-,-,-
solo_distribuidor,almacenamiento,almacenamiento|NETAC||N535N|2280|SATAIII|3D|NAND,DISCOS SSD,115742,NT01N535N-512G-N8X,DISCO SSD NETAC N535N M.2 2280 SATAIII 3D NAND SSD 512 GB,NETAC ,141338.34,10.0,-,-,-,-,-,-,-,-,-,-,-,-,-,-,-,-,-,-,-,-
solo_distribuidor,almacenamiento,almacenamiento|NETAC||SA500|SATA3|240,DISCOS SSD,117543,NT01SA500-240-S3X,DISCO SSD NETAC SA500 2.5 SATA3 240 GB,NETAC ,73690.56,10.0,-,-,-,-,-,-,-,-,-,-,-,-,-,-,-,-,-,-,-,-
solo_distribuidor,almacenamiento,almacenamiento|NETAC||SA500|SATA3|480,DISCOS SSD,117544,NT01SA500-480-S3X,DISCO SSD NETAC SA500 2.5 SATA3 480 GB,NETAC ,124359.79,10.0,-,-,-,-,-,-,-,-,-,-,-,-,-,-,-,-,-,-,-,-
solo_distribuidor,almacenamiento,almacenamiento|WD|1000GB|1000GB|SN8100,DISCOS SSD,121278,WDS100T1X0M,DISCO SSD M.2 1TB WD BLACK SN8100 NVME,WD                                                ,425671.53,2.0,-,-,-,-,-,-,-,-,-,-,-,-,-,-,-,-,-,-,-,-
solo_distribuidor,almacenamiento,almacenamiento|WD|2000GB|2000GB|SN850X,DISCOS SSD,119842,WDS200T2XHE,DISCO SSD M.2 2TB WD BLACK SN850X NVME HEATSINK,WD                                                ,562740.74,1.0,-,-,-,-,-,-,-,-,-,-,-,-,-,-,-,-,-,-,-,-
solo_distribuidor,almacenamiento,almacenamiento|PATRIOT|256GB|P220|256GB|SATA3|PS001662,DISCOS SSD,121672,P220S256G25,DISCO SSD PATRIOT P220 256GB 2.5 SATA3 PS001662,PATRIOT                                           ,78687.16,10.0,-,-,-,-,-,-,-,-,-,-,-,-,-,-,-,-,-,-,-,-
solo_distribuidor,almacenamiento,almacenamiento|WD|500GB|500GB|SN5000,DISCOS SSD,121679,WDS500G4B0E,DISCO SSD M.2 500GB WD BLUE SN5000 NVME,WD                                                ,173404.0,10.0,-,-,-,-,-,-,-,-,-,-,-,-,-,-,-,-,-,-,-,-
solo_distribuidor,almacenamiento,almacenamiento|ADATA|512GB|SU650|512GB,DISCOS SSD,121571,ASU650SS-512GT-R,DISCO SSD ADATA SU650 2.5 512GB,ADATA,132085.53,10.0,-,-,-,-,-,-,-,-,-,-,-,-,-,-,-,-,-,-,-,-
solo_distribuidor,almacenamiento,almacenamiento|WD|1000GB|1000GB|GREEN,DISCOS SSD,122760,WDS100T5G0A,DISCO SSD SATA 1TB WD GREEN,WD                                                ,248381.35,10.0,-,-,-,-,-,-,-,-,-,-,-,-,-,-,-,-,-,-,-,-
solo_distribuidor,almacenamiento,almacenamiento|WD|1000GB|1000GB|SN5100,DISCOS SSD,122761,WDS100T5B0E,DISCO SSD 1TB M.2 WD BLUE SN5100 NVME,WD                                                ,269374.25,10.0,-,-,-,-,-,-,-,-,-,-,-,-,-,-,-,-,-,-,-,-
solo_distribuidor,almacenamiento,almacenamiento|SANDISK|1000GB|1000GB|G28,DISCOS SSD,121680,SDSSDA-1T00-G28,DISCO SSD SATA 1TB SANDISK PLUS G28,SANDISK,291092.74,10.0,-,-,-,-,-,-,-,-,-,-,-,-,-,-,-,-,-,-,-,-
solo_distribuidor,almacenamiento,almacenamiento|WD|2000GB|2000GB|SN7100,DISCOS SSD,121681,WDS200T4X0E,DISCO SSD M.2 2TB WD BLACK SN7100 NVME,WD                                                ,592280.71,10.0,-,-,-,-,-,-,-,-,-,-,-,-,-,-,-,-,-,-,-,-
solo_distribuidor,almacenamiento,almacenamiento|WD|500GB|500GB|GREEN|SN3000,DISCOS SSD,121557,WDS500G4G0E,DISCO SSD M.2 500GB WD GREEN SN3000 NVME,WD                                                ,144325.4,10.0,-,-,-,-,-,-,-,-,-,-,-,-,-,-,-,-,-,-,-,-
solo_distribuidor,almacenamiento,almacenamiento|SANDISK|2000GB|EXTERNO|2000GB|PORTABLE|800MBPS,DISCOS SSD,122555,SDSSDE30-2T00-G26,SSD EXTERNO 2TB SANDISK PORTABLE USB-C 3.2 800Mbps,SANDISK,418968.98,4.0,-,-,-,-,-,-,-,-,-,-,-,-,-,-,-,-,-,-,-,-
solo_distribuidor,almacenamiento,almacenamiento|PATRIOT|512GB|P320|SOLID|512GB|PE000997,DISCOS SSD,121673,P320P512GM28,DISCO SSD PATRIOT P320 SOLID 512GB M.2 PE000997,PATRIOT                                           ,171585.0,10.0,-,-,-,-,-,-,-,-,-,-,-,-,-,-,-,-,-,-,-,-
solo_distribuidor,almacenamiento,almacenamiento|WD|500GB|500GB|SN7100,DISCOS SSD,121067,WDS500G4X0E,DISCO SSD M.2 500GB WD BLACK SN7100 NVME,WD                                                ,185259.98,10.0,-,-,-,-,-,-,-,-,-,-,-,-,-,-,-,-,-,-,-,-
solo_distribuidor,almacenamiento,almacenamiento|SANDISK|256GB|PEN|DRIVE|256GB|ULTRA|LUXE,DISCOS SSD,122553,SDCZ74-256G-G46,PEN DRIVE 256GB SANDISK ULTRA LUXE USB 3.2,SANDISK,71812.35,10.0,-,-,-,-,-,-,-,-,-,-,-,-,-,-,-,-,-,-,-,-
solo_distribuidor,almacenamiento,almacenamiento|WD|1000GB|1000GB|SA510,DISCOS SSD,122552,WDS100T3B0A,DISCO SSD SATA 1TB WD BLUE SA510,WD                                                ,293278.95,10.0,-,-,-,-,-,-,-,-,-,-,-,-,-,-,-,-,-,-,-,-
solo_distribuidor,almacenamiento,almacenamiento|TOSHIBA|20000GB|HDD|20000GB|N300|NAS|CMR,DISCOS SSD,122550,HDWG82AXZSTA,HDD 20TB TOSHIBA N300 NAS CMR 7200RPM 1024MB,TOSHIBA                                           ,709047.34,5.0,-,-,-,-,-,-,-,-,-,-,-,-,-,-,-,-,-,-,-,-
solo_distribuidor,almacenamiento,almacenamiento|NETAC||SA500|SATA3|960,DISCOS SSD,119117,NT01SA500-960-S3X,DISCO SSD NETAC SA500 2.5 SATA3 960 GB,NETAC ,221656.81,10.0,-,-,-,-,-,-,-,-,-,-,-,-,-,-,-,-,-,-,-,-
solo_distribuidor,almacenamiento,almacenamiento|WD|1000GB|1000GB|SN850X,DISCOS SSD,117807,WDS100T2XHE,DISCO SSD M.2 1TB WD BLACK SN850X NVME HEATSINK,WD                                                ,300743.3,10.0,-,-,-,-,-,-,-,-,-,-,-,-,-,-,-,-,-,-,-,-
solo_mexx,almacenamiento,almacenamiento|SEAGATE|1000GB|RIGIDO|1000GB|SKYHAWK,-,-,-,-,-,-,-,-,29500,Disco Rigido 1Tb Seagate Skyhawk,Seagate,154999.0,EN STOCK,-,-,https://www.mexx.com.ar/productos-rubro/almacenamiento/35264-disco-rigido-1tb-seagate-skyhawk.html,-,-,-,-,-,-,-,-,-,-,-
solo_mexx,almacenamiento,almacenamiento|SEAGATE|4000GB|RIGIDO|4000GB|SKYHAWK,-,-,-,-,-,-,-,-,29900,Disco Rigido 4Tb Seagate Skyhawk,Seagate,217999.0,EN STOCK,-,-,https://www.mexx.com.ar/productos-rubro/almacenamiento/35268-disco-rigido-4tb-seagate-skyhawk.html,-,-,-,-,-,-,-,-,-,-,-
solo_mexx,almacenamiento,almacenamiento|SEAGATE|10000GB|RIGIDO|10000GB|SKYHAWK,-,-,-,-,-,-,-,-,30251,Disco Rigido 10Tb Seagate Skyhawk,Seagate,560999.0,EN STOCK,-,-,https://www.mexx.com.ar/productos-rubro/almacenamiento/47271-disco-rigido-10tb-seagate-skyhawk.html,-,-,-,-,-,-,-,-,-,-,-
solo_mexx,almacenamiento,almacenamiento|WD|2000GB|RIGIDO|2000GB|WESTERN|DIGITAL|PURPLE,-,-,-,-,-,-,-,-,30850,Disco Rigido 2Tb Western Digital WD Purple,Western Digital,155999.0,EN STOCK,-,-,https://www.mexx.com.ar/productos-rubro/almacenamiento/29734-disco-rigido-2tb-western-digital-wd-purple.html,-,-,-,-,-,-,-,-,-,-,-
solo_mexx,almacenamiento,almacenamiento|WD|4000GB|RIGIDO|4000GB|WESTERN|DIGITAL|PURPLE,-,-,-,-,-,-,-,-,31250,Disco Rigido 4Tb Western Digital WD Purple,Western Digital,228399.0,EN STOCK,-,-,https://www.mexx.com.ar/productos-rubro/almacenamiento/30015-disco-rigido-4tb-western-digital-wd-purple.html,-,-,-,-,-,-,-,-,-,-,-
solo_mexx,almacenamiento,almacenamiento|WD|6000GB|RIGIDO|6000GB|WESTERN|DIGITAL|PURPLE,-,-,-,-,-,-,-,-,31351,Disco Rigido 6Tb Western Digital Wd Purple,Western Digital,330399.0,EN STOCK,-,-,https://www.mexx.com.ar/productos-rubro/almacenamiento/46738-disco-rigido-6tb-western-digital-wd-purple.html,-,-,-,-,-,-,-,-,-,-,-
solo_mexx,almacenamiento,almacenamiento|WD|8000GB|RIGIDO|8000GB|WESTERN|DIGITAL|PURPLE,-,-,-,-,-,-,-,-,31552,Disco Rigido 8Tb Western Digital Wd Purple,Western Digital,481169.0,EN STOCK,-,-,https://www.mexx.com.ar/productos-rubro/almacenamiento/49865-disco-rigido-8tb-western-digital-wd-purple.html,-,-,-,-,-,-,-,-,-,-,-
solo_mexx,almacenamiento,almacenamiento|TOSHIBA|4000GB|EXTERNO|4000GB|CANVIO|READY,-,-,-,-,-,-,-,-,32350,Disco Externo 4Tb Toshiba Canvio Ready,Toshiba,212439.0,EN STOCK,-,-,https://www.mexx.com.ar/productos-rubro/almacenamiento/51126-disco-externo-4tb-toshiba-canvio-ready.html,-,-,-,-,-,-,-,-,-,-,-
solo_mexx,almacenamiento,almacenamiento|SEAGATE|4000GB|EXTERNO|4000GB|EXPANSION|STGX,-,-,-,-,-,-,-,-,32353,Disco Externo 4Tb Seagate Expansion STGX,Seagate,234489.0,EN STOCK,-,-,https://www.mexx.com.ar/productos-rubro/almacenamiento/47369-disco-externo-4tb-seagate-expansion-stgx.html,-,-,-,-,-,-,-,-,-,-,-
solo_mexx,almacenamiento,almacenamiento|PATRIOT|500GB|EXTERNO|PDP31|500GB|2230,-,-,-,-,-,-,-,-,32430,Disco Externo Ssd Patriot PDP31 500Gb M.2 2230,Patriot,190999.0,EN STOCK,-,-,https://www.mexx.com.ar/productos-rubro/almacenamiento/50137-disco-externo-ssd-patriot-pdp31-500gb-m.2-2230.html,-,-,-,-,-,-,-,-,-,-,-
solo_mexx,almacenamiento,almacenamiento|PATRIOT|2000GB|EXTERNO|PDP31|2000GB|2230,-,-,-,-,-,-,-,-,32432,Disco Externo Ssd Patriot PDP31 2Tb M.2 2230,Patriot,470999.0,EN STOCK,-,-,https://www.mexx.com.ar/productos-rubro/almacenamiento/50139-disco-externo-ssd-patriot-pdp31-2tb-m.2-2230.html,-,-,-,-,-,-,-,-,-,-,-
solo_mexx,almacenamiento,almacenamiento|PATRIOT|128GB|STORAGE|HUB|MOBILE|MD330|128GB,-,-,-,-,-,-,-,-,32500,Storage Hub Patriot Mobile MD330 128Gb,Patriot,77999.0,EN STOCK,-,-,https://www.mexx.com.ar/productos-rubro/almacenamiento/50156-storage-hub-patriot-mobile-md330-128gb.html,-,-,-,-,-,-,-,-,-,-,-
solo_mexx,almacenamiento,almacenamiento|PATRIOT|256GB|STORAGE|HUB|MOBILE|MD330|256GB,-,-,-,-,-,-,-,-,32501,Storage Hub Patriot Mobile MD330 256Gb,Patriot,105999.0,EN STOCK,-,-,https://www.mexx.com.ar/productos-rubro/almacenamiento/50157-storage-hub-patriot-mobile-md330-256gb.html,-,-,-,-,-,-,-,-,-,-,-
solo_mexx,almacenamiento,almacenamiento|HIKSEMI|120GB|SOLIDO|120GB|WAVE,-,-,-,-,-,-,-,-,32789,Disco Solido Ssd 120Gb Hiksemi Wave,Hiksemi,45949.0,EN STOCK,-,-,https://www.mexx.com.ar/productos-rubro/almacenamiento/50921-disco-solido-ssd-120gb-hiksemi-wave.html,-,-,-,-,-,-,-,-,-,-,-
solo_mexx,almacenamiento,almacenamiento|AIMERICAN|128GB|SOLIDO|128GB|IMMORTALITY,-,-,-,-,-,-,-,-,32790,Disco Solido Ssd 128Gb Aimerican Immortality,Aimerican,43999.0,EN STOCK,-,-,https://www.mexx.com.ar/productos-rubro/almacenamiento/51263-disco-solido-ssd-128gb-aimerican-immortality.html,-,-,-,-,-,-,-,-,-,-,-
solo_mexx,almacenamiento,almacenamiento|KINGSTON|240GB|SOLIDO|240GB|A400,-,-,-,-,-,-,-,-,33000,Disco Solido Ssd 240Gb Kingston A400,Kingston,120999.0,EN STOCK,-,-,https://www.mexx.com.ar/productos-rubro/almacenamiento/34641-disco-solido-ssd-240gb-kingston-a400.html,-,-,-,-,-,-,-,-,-,-,-
solo_mexx,almacenamiento,almacenamiento|AIMERICAN|256GB|SOLIDO|256GB|IMMORTALITY,-,-,-,-,-,-,-,-,33175,Disco Solido Ssd 256Gb Aimerican Immortality,Aimerican,71299.0,EN STOCK,-,-,https://www.mexx.com.ar/productos-rubro/almacenamiento/49377-disco-solido-ssd-256gb-aimerican-immortality.html,-,-,-,-,-,-,-,-,-,-,-
solo_mexx,almacenamiento,almacenamiento|ADATA|480GB|SOLIDO|480GB|SU630,-,-,-,-,-,-,-,-,33263,Disco Solido Ssd 480Gb Adata SU630,Adata,150999.0,EN STOCK,-,-,https://www.mexx.com.ar/productos-rubro/almacenamiento/47413-disco-solido-ssd-480gb-adata-su630.html,-,-,-,-,-,-,-,-,-,-,-
solo_mexx,almacenamiento,almacenamiento|HIKSEMI|480GB|SOLIDO|480GB|WAVE,-,-,-,-,-,-,-,-,33399,Disco Solido Ssd 480Gb Hiksemi Wave,Hiksemi,125999.0,EN STOCK,-,-,https://www.mexx.com.ar/productos-rubro/almacenamiento/50372-disco-solido-ssd-480gb-hiksemi-wave.html,-,-,-,-,-,-,-,-,-,-,-
solo_mexx,almacenamiento,almacenamiento|KINGSTON|960GB|SOLIDO|960GB|A400,-,-,-,-,-,-,-,-,33650,Disco Solido Ssd 960Gb Kingston A400,Kingston,215439.0,EN STOCK,-,-,https://www.mexx.com.ar/productos-rubro/almacenamiento/35029-disco-solido-ssd-960gb-kingston-a400.html,-,-,-,-,-,-,-,-,-,-,-
solo_mexx,almacenamiento,almacenamiento|HIKSEMI|960GB|SOLIDO|960GB|WAVE,-,-,-,-,-,-,-,-,33652,Disco Solido Ssd 960Gb Hiksemi Wave,Hiksemi,206109.0,EN STOCK,-,-,https://www.mexx.com.ar/productos-rubro/almacenamiento/50452-disco-solido-ssd-960gb-hiksemi-wave.html,-,-,-,-,-,-,-,-,-,-,-
solo_mexx,almacenamiento,almacenamiento|HIKSEMI|1000GB|SOLIDO|1000GB|WAVE,-,-,-,-,-,-,-,-,33797,Disco Solido Ssd 1Tb Hiksemi Wave,Hiksemi,203449.0,EN STOCK,-,-,https://www.mexx.com.ar/productos-rubro/almacenamiento/50918-disco-solido-ssd-1tb-hiksemi-wave.html,-,-,-,-,-,-,-,-,-,-,-
solo_mexx,almacenamiento,almacenamiento|CRUCIAL|1000GB|SOLIDO|1000GB|BX500,-,-,-,-,-,-,-,-,33845,Disco Solido Ssd 1Tb Crucial BX500,Crucial,211899.0,EN STOCK,-,-,https://www.mexx.com.ar/productos-rubro/almacenamiento/47023-disco-solido-ssd-1tb-crucial-bx500.html,-,-,-,-,-,-,-,-,-,-,-
solo_mexx,almacenamiento,almacenamiento|WD|1000GB|SOLIDO|1000GB|WESTERN|DIGITAL|GREEN,-,-,-,-,-,-,-,-,33850,Disco Solido Ssd 1Tb Western Digital WD Green,Western Digital,221649.0,EN STOCK,-,-,https://www.mexx.com.ar/productos-rubro/almacenamiento/36061-disco-solido-ssd-1tb-western-digital-wd-green.html,-,-,-,-,-,-,-,-,-,-,-
solo_mexx,almacenamiento,almacenamiento|HIKSEMI|2000GB|SOLIDO|2000GB|WAVE,-,-,-,-,-,-,-,-,33858,Disco Solido Ssd 2Tb Hiksemi Wave,Hiksemi,230099.0,EN STOCK,-,-,https://www.mexx.com.ar/productos-rubro/almacenamiento/50991-disco-solido-ssd-2tb-hiksemi-wave.html,-,-,-,-,-,-,-,-,-,-,-
solo_mexx,almacenamiento,almacenamiento|WD|2000GB|SOLIDO|2000GB|WESTERN|DIGITAL|GREEN,-,-,-,-,-,-,-,-,33859,Disco Solido Ssd 2Tb Western Digital WD Green,Western Digital,296149.0,EN STOCK,-,-,https://www.mexx.com.ar/productos-rubro/almacenamiento/47915-disco-solido-ssd-2tb-western-digital-wd-green.html,-,-,-,-,-,-,-,-,-,-,-
solo_mexx,almacenamiento,almacenamiento|CRUCIAL|2000GB|SOLIDO|2000GB|BX500,-,-,-,-,-,-,-,-,33864,Disco Solido Ssd 2Tb Crucial BX500,Crucial,375509.0,EN STOCK,-,-,https://www.mexx.com.ar/productos-rubro/almacenamiento/50034-disco-solido-ssd-2tb-crucial-bx500.html,-,-,-,-,-,-,-,-,-,-,-
solo_mexx,almacenamiento,almacenamiento|SANDISK|2000GB|SOLIDO|2000GB,-,-,-,-,-,-,-,-,33865,Disco Solido Ssd 2Tb Sandisk Ssd Plus,Sandisk,322759.0,EN STOCK,-,-,https://www.mexx.com.ar/productos-rubro/almacenamiento/50892-disco-solido-ssd-2tb-sandisk-ssd-plus.html,-,-,-,-,-,-,-,-,-,-,-
solo_mexx,almacenamiento,almacenamiento|NETAC|128GB|SOLIDO|M2|128GB|535N,-,-,-,-,-,-,-,-,33930,Disco Solido Ssd M2 SATA 128Gb Netac 535N,Netac,43039.0,EN STOCK,-,-,https://www.mexx.com.ar/productos-rubro/almacenamiento/51266-disco-solido-ssd-m2-sata-128gb-netac-535n.html,-,-,-,-,-,-,-,-,-,-,-
solo_mexx,almacenamiento,almacenamiento|PATRIOT|256GB|SOLIDO|M2|256GB|P300,-,-,-,-,-,-,-,-,33967,Disco Solido Ssd M2 Pci-E 256Gb Patriot P300,Patriot,99999.0,EN STOCK,-,-,https://www.mexx.com.ar/productos-rubro/almacenamiento/50898-disco-solido-ssd-m2-pci-e-256gb-patriot-p300.html,-,-,-,-,-,-,-,-,-,-,-
solo_mexx,almacenamiento,almacenamiento|CRUCIAL|480GB|SOLIDO|M2|480GB|E100,-,-,-,-,-,-,-,-,33983,Disco Solido Ssd M2 Pci-E 480Gb Crucial E100,Crucial,124089.0,EN STOCK,-,-,https://www.mexx.com.ar/productos-rubro/almacenamiento/50449-disco-solido-ssd-m2-pci-e-480gb-crucial-e100.html,-,-,-,-,-,-,-,-,-,-,-
solo_mexx,almacenamiento,almacenamiento|XPG|500GB|SOLIDO|M2|500GB|SPECTRIX|S65G,-,-,-,-,-,-,-,-,33984,Disco Solido Ssd M2 Pci-E 500Gb Xpg SPECTRIX S65G Rgb,Xpg,165999.0,EN STOCK,-,-,https://www.mexx.com.ar/productos-rubro/almacenamiento/50890-disco-solido-ssd-m2-pci-e-500gb-xpg-spectrix-s65g-rgb.html,-,-,-,-,-,-,-,-,-,-,-
solo_mexx,almacenamiento,almacenamiento|SANDISK|500GB|SOLIDO|M2|500GB|EXTREME,-,-,-,-,-,-,-,-,33985,Disco Solido Ssd M2 Pci-E 500Gb Sandisk Extreme,Sandisk,195999.0,EN STOCK,-,-,https://www.mexx.com.ar/productos-rubro/almacenamiento/50450-disco-solido-ssd-m2-pci-e-500gb-sandisk-extreme.html,-,-,-,-,-,-,-,-,-,-,-
solo_mexx,almacenamiento,almacenamiento|ADATA|512GB|SOLIDO|M2|512GB|LEGEND|710,-,-,-,-,-,-,-,-,34258,Disco Solido Ssd M2 Pci-E 512Gb Adata Legend 710,Adata,199999.0,EN STOCK,-,-,https://www.mexx.com.ar/productos-rubro/almacenamiento/47416-disco-solido-ssd-m2-pci-e-512gb-adata-legend-710.html,-,-,-,-,-,-,-,-,-,-,-
solo_mexx,almacenamiento,almacenamiento|KINGSTON|500GB|SOLIDO|M2|500GB|NV3,-,-,-,-,-,-,-,-,34262,Disco Solido Ssd M2 Pci-E Nvme 500Gb Kingston Nv3,Kingston,167549.0,EN STOCK,-,-,https://www.mexx.com.ar/productos-rubro/almacenamiento/48363-disco-solido-ssd-m2-pci-e-nvme-500gb-kingston-nv3.html,-,-,-,-,-,-,-,-,-,-,-
solo_mexx,almacenamiento,almacenamiento|PATRIOT|1000GB|SOLIDO|M2|1000GB|P300,-,-,-,-,-,-,-,-,34459,Disco Solido Ssd M2 Pci-E 1Tb Patriot P300,Patriot,279999.0,EN STOCK,-,-,https://www.mexx.com.ar/productos-rubro/almacenamiento/50900-disco-solido-ssd-m2-pci-e-1tb-patriot-p300.html,-,-,-,-,-,-,-,-,-,-,-
solo_mexx,almacenamiento,almacenamiento|WD|1000GB|SOLIDO|M2|1000GB|WESTERN|DIGITAL,-,-,-,-,-,-,-,-,34462,Disco Solido Ssd M2 Pci-E 1Tb Western Digital WD SN350 Green,Western Digital,350999.0,EN STOCK,-,-,https://www.mexx.com.ar/productos-rubro/almacenamiento/47951-disco-solido-ssd-m2-pci-e-1tb-western-digital-wd-sn350-green.html,-,-,-,-,-,-,-,-,-,-,-
solo_mexx,almacenamiento,almacenamiento|KINGSTON|1000GB|SOLIDO|M2|1000GB|NV3,-,-,-,-,-,-,-,-,34463,Disco Solido Ssd M2 Pci-E Nvme 1TB Kingston Nv3,Kingston,260679.0,EN STOCK,-,-,https://www.mexx.com.ar/productos-rubro/almacenamiento/48362-disco-solido-ssd-m2-pci-e-nvme-1tb-kingston-nv3.html,-,-,-,-,-,-,-,-,-,-,-
solo_mexx,almacenamiento,almacenamiento|ADATA|1000GB|SOLIDO|M2|1000GB|LEGEND|710,-,-,-,-,-,-,-,-,34476,Disco Solido Ssd M2 Pci-E 1Tb Adata Legend 710,Adata,264999.0,EN STOCK,-,-,https://www.mexx.com.ar/productos-rubro/almacenamiento/47417-disco-solido-ssd-m2-pci-e-1tb-adata-legend-710.html,-,-,-,-,-,-,-,-,-,-,-
solo_mexx,almacenamiento,almacenamiento|WD|1000GB|SOLIDO|M2|1000GB|WESTERN|DIGITAL,-,-,-,-,-,-,-,-,34569,Disco Solido Ssd M2 Pci-E Nvme 1Tb Western Digital Wd SN850 Black,Western Digital,1999999.0,EN STOCK,-,-,https://www.mexx.com.ar/productos-rubro/almacenamiento/49075-disco-solido-ssd-m2-pci-e-nvme-1tb-western-digital-wd-sn850-black.html,-,-,-,-,-,-,-,-,-,-,-
solo_mexx,almacenamiento,almacenamiento|SANDISK|2000GB|SOLIDO|M2|2000GB,-,-,-,-,-,-,-,-,34593,Disco Solido Ssd M2 Pci-E 2Tb Sandisk Plus,Sandisk,799999.0,EN STOCK,-,-,https://www.mexx.com.ar/productos-rubro/almacenamiento/49439-disco-solido-ssd-m2-pci-e-2tb-sandisk-plus.html,-,-,-,-,-,-,-,-,-,-,-
solo_mexx,almacenamiento,almacenamiento|PATRIOT|128GB|PEN|DRIVE|ILUXE|CUBE|128GB,-,-,-,-,-,-,-,-,66100,Pen Drive Patriot iLuxe Cube 128GB Usb 3.2 Gen1 A,Patriot,135999.0,EN STOCK,-,-,https://www.mexx.com.ar/productos-rubro/almacenamiento/50163-pen-drive-patriot-iluxe-cube-128gb-usb-3.2-gen1-a.html,-,-,-,-,-,-,-,-,-,-,-
solo_mexx,almacenamiento,almacenamiento|PATRIOT|128GB|PEN|DRIVE|ILUXE|CUBE|128GB,-,-,-,-,-,-,-,-,66101,Pen Drive Patriot iLuxe Cube 128Gb Usb 3.2 Gen1 C,Patriot,149999.0,EN STOCK,-,-,https://www.mexx.com.ar/productos-rubro/almacenamiento/50165-pen-drive-patriot-iluxe-cube-128gb-usb-3.2-gen1-c.html,-,-,-,-,-,-,-,-,-,-,-
solo_mexx,almacenamiento,almacenamiento|PATRIOT|256GB|PEN|DRIVE|ILUXE|CUBE|256GB,-,-,-,-,-,-,-,-,66102,Pen Drive Patriot iLuxe Cube 256Gb Usb 3.2 Gen1 A,Patriot,180999.0,EN STOCK,-,-,https://www.mexx.com.ar/productos-rubro/almacenamiento/50166-pen-drive-patriot-iluxe-cube-256gb-usb-3.2-gen1-a.html,-,-,-,-,-,-,-,-,-,-,-
solo_mexx,almacenamiento,almacenamiento|PATRIOT|256GB|PEN|DRIVE|ILUXE|CUBE|256GB,-,-,-,-,-,-,-,-,66103,Pen Drive Patriot iLuxe Cube 256Gb Usb 3.2 Gen1 C,Patriot,180999.0,EN STOCK,-,-,https://www.mexx.com.ar/productos-rubro/almacenamiento/50167-pen-drive-patriot-iluxe-cube-256gb-usb-3.2-gen1-c.html,-,-,-,-,-,-,-,-,-,-,-
solo_mexx,almacenamiento,almacenamiento|PATRIOT|512GB|PEN|DRIVE|ILUXE|CUBE|512GB,-,-,-,-,-,-,-,-,66104,Pen Drive Patriot iLuxe Cube 512Gb Usb 3.2 Gen1 A,Patriot,215999.0,EN STOCK,-,-,https://www.mexx.com.ar/productos-rubro/almacenamiento/50168-pen-drive-patriot-iluxe-cube-512gb-usb-3.2-gen1-a.html,-,-,-,-,-,-,-,-,-,-,-
solo_mexx,almacenamiento,almacenamiento|PATRIOT|512GB|PEN|DRIVE|ILUXE|CUBE|512GB,-,-,-,-,-,-,-,-,66105,Pen Drive Patriot iLuxe Cube 512Gb Usb 3.2 Gen1 C,Patriot,220999.0,EN STOCK,-,-,https://www.mexx.com.ar/productos-rubro/almacenamiento/50169-pen-drive-patriot-iluxe-cube-512gb-usb-3.2-gen1-c.html,-,-,-,-,-,-,-,-,-,-,-
solo_mexx,almacenamiento,almacenamiento|PATRIOT|1000GB|PEN|DRIVE|ILUXE|CUBE|1000GB,-,-,-,-,-,-,-,-,66106,Pen Drive Patriot iLuxe Cube 1Tb Usb 3.2 Gen1 A,Patriot,425999.0,EN STOCK,-,-,https://www.mexx.com.ar/productos-rubro/almacenamiento/50170-pen-drive-patriot-iluxe-cube-1tb-usb-3.2-gen1-a.html,-,-,-,-,-,-,-,-,-,-,-
solo_mexx,almacenamiento,almacenamiento|PATRIOT|1000GB|PEN|DRIVE|ILUXE|CUBE|1000GB,-,-,-,-,-,-,-,-,66107,Pen Drive Patriot iLuxe Cube 1Tb Usb 3.2 Gen1 C,Patriot,420999.0,EN STOCK,-,-,https://www.mexx.com.ar/productos-rubro/almacenamiento/50171-pen-drive-patriot-iluxe-cube-1tb-usb-3.2-gen1-c.html,-,-,-,-,-,-,-,-,-,-,-
solo_mexx,almacenamiento,almacenamiento|PATRIOT|128GB|PEN|DRIVE|ILUXE|STICK|128GB,-,-,-,-,-,-,-,-,66110,Pen Drive Patriot iLuxe Stick 128Gb USB 3.2 Gen1 Type C + Lightning,Patriot,98999.0,EN STOCK,-,-,https://www.mexx.com.ar/productos-rubro/almacenamiento/50173-pen-drive-patriot-iluxe-stick-128gb-usb-3.2-gen1-type-c-+-lightning.html,-,-,-,-,-,-,-,-,-,-,-
solo_mexx,almacenamiento,almacenamiento|PATRIOT|256GB|PEN|DRIVE|ILUXE|STICK|256GB,-,-,-,-,-,-,-,-,66112,Pen Drive Patriot iLuxe Stick 256Gb Usb 3.2 Gen1 Type C + Lightning,Patriot,130999.0,EN STOCK,-,-,https://www.mexx.com.ar/productos-rubro/almacenamiento/50174-pen-drive-patriot-iluxe-stick-256gb-usb-3.2-gen1-type-c-+-lightning.html,-,-,-,-,-,-,-,-,-,-,-
solo_mexx,almacenamiento,almacenamiento|PATRIOT|512GB|PEN|DRIVE|ILUXE|STICK|512GB,-,-,-,-,-,-,-,-,66114,Pen Drive Patriot iLuxe Stick 512Gb Usb 3.2 Gen1 Type C + Lightning,Patriot,195999.0,EN STOCK,-,-,https://www.mexx.com.ar/productos-rubro/almacenamiento/50175-pen-drive-patriot-iluxe-stick-512gb-usb-3.2-gen1-type-c-+-lightning.html,-,-,-,-,-,-,-,-,-,-,-
solo_mexx,almacenamiento,almacenamiento|PATRIOT|1000GB|PEN|DRIVE|ILUXE|STICK|1000GB,-,-,-,-,-,-,-,-,66116,Pen Drive Patriot iLuxe Stick 1Tb Usb 3.2 Gen1 Type C + Lightning,Patriot,290999.0,EN STOCK,-,-,https://www.mexx.com.ar/productos-rubro/almacenamiento/50176-pen-drive-patriot-iluxe-stick-1tb-usb-3.2-gen1-type-c-+-lightning.html,-,-,-,-,-,-,-,-,-,-,-
solo_mexx,almacenamiento,almacenamiento|KINGSTON||PEN|DRIVE|64|DTX|EXODIA,-,-,-,-,-,-,-,-,66156,Pen Drive 64 Gb Kingston - DTX Exodia Negro,Kingston,14999.0,EN STOCK,-,-,https://www.mexx.com.ar/productos-rubro/almacenamiento/42049-pen-drive-64-gb-kingston-dtx-exodia-negro.html,-,-,-,-,-,-,-,-,-,-,-
solo_mexx,almacenamiento,almacenamiento|KINGSTON||PEN|DRIVE|128|EXODIA|DTX,-,-,-,-,-,-,-,-,66298,Pen Drive 128 Gb Kingston Exodia DTX Negro,Kingston,25999.0,EN STOCK,-,-,https://www.mexx.com.ar/productos-rubro/almacenamiento/47243-pen-drive-128-gb-kingston-exodia-dtx-negro.html,-,-,-,-,-,-,-,-,-,-,-
solo_mexx,almacenamiento,almacenamiento|KINGSTON||PEN|DRIVE|256|DTX|EXODIA,-,-,-,-,-,-,-,-,66302,Pen Drive 256 Gb Kingston DTX Exodia,Kingston,56839.0,EN STOCK,-,-,https://www.mexx.com.ar/productos-rubro/almacenamiento/45646-pen-drive-256-gb-kingston-dtx-exodia.html,-,-,-,-,-,-,-,-,-,-,-
solo_mexx,almacenamiento,almacenamiento|KINGSTON||MICROSD|64|CANVAS|GO|GEN4,-,-,-,-,-,-,-,-,66331,Memoria MicroSd 64 Gb Canvas Go Plus Gen4 Kingston 4k,Kingston,64999.0,EN STOCK,-,-,https://www.mexx.com.ar/productos-rubro/almacenamiento/51119-memoria-microsd-64-gb-canvas-go-plus-gen4-kingston-4k.html,-,-,-,-,-,-,-,-,-,-,-
solo_mexx,almacenamiento,almacenamiento|KINGSTON||SD|64|CANVAS|GO|GEN4,-,-,-,-,-,-,-,-,66332,Memoria SD 64 Gb Canvas Go Plus Gen4 Kingston 4k,Kingston,35999.0,EN STOCK,-,-,https://www.mexx.com.ar/productos-rubro/almacenamiento/49897-memoria-sd-64-gb-canvas-go-plus-gen4-kingston-4k.html,-,-,-,-,-,-,-,-,-,-,-
solo_mexx,almacenamiento,almacenamiento|KINGSTON||SD|128|CANVAS|GO|GEN4,-,-,-,-,-,-,-,-,66333,Memoria SD 128 Gb Canvas Go Plus Gen4 Kingston 4k,Kingston,43999.0,EN STOCK,-,-,https://www.mexx.com.ar/productos-rubro/almacenamiento/49898-memoria-sd-128-gb-canvas-go-plus-gen4-kingston-4k.html,-,-,-,-,-,-,-,-,-,-,-
solo_compragamer,fuentes,fuentes|SEASONIC|650W|80 PLUS BRONZE|650W|80|BRONZE|S12III|SSR,-,-,-,-,-,-,-,-,-,-,-,-,-,-,-,-,-,9374.0,Fuente Seasonic 650W 80 Plus Bronze S12III SSR-650GB3,Seasonic,97540.0,True,-,-,https://compragamer.com/producto/Fuente_Seasonic_650W_80_Plus_Bronze_S12III_SSR_650GB3_9374?cate=34,-,-
solo_compragamer,fuentes,fuentes|SEGOTEP|500W||500W|CABLES|LARGOS|23A|120MM,-,-,-,-,-,-,-,-,-,-,-,-,-,-,-,-,-,9871.0,Fuente Segotep 500W ATX Cables Largos 23a Cooler 120mm Negro,Segotep,25900.0,True,-,-,https://compragamer.com/producto/Fuente_Segotep_500W_ATX_Cables_Largos_23a_Cooler_120mm_Negro_9871?cate=34,-,-
solo_compragamer,fuentes,fuentes|ADATA|650W|80 PLUS BRONZE|XPG|650W|80|BRONZE|PYLON,-,-,-,-,-,-,-,-,-,-,-,-,-,-,-,-,-,11735.0,Fuente ADATA XPG 650W 80 Plus Bronze PYLON,Adata,82550.0,True,-,-,https://compragamer.com/producto/Fuente_ADATA_XPG_650W_80_Plus_Bronze_PYLON_11735?cate=34,-,-
solo_compragamer,fuentes,fuentes|ADATA|750W|80 PLUS BRONZE|XPG|750W|80|BRONZE|PYLON,-,-,-,-,-,-,-,-,-,-,-,-,-,-,-,-,-,11736.0,Fuente ADATA XPG 750W 80 Plus Bronze PYLON,Adata,93980.0,True,-,-,https://compragamer.com/producto/Fuente_ADATA_XPG_750W_80_Plus_Bronze_PYLON_11736?cate=34,-,-
solo_compragamer,fuentes,fuentes|CORSAIR|750W||750W|CYBENETICS|GOLD|RM750E|FULL,-,-,-,-,-,-,-,-,-,-,-,-,-,-,-,-,-,18124.0,Fuente Corsair 750W Cybenetics Gold RM750e Full Modular ATX 3.1 PCIe 5.1,Corsair,164280.0,True,-,-,https://compragamer.com/producto/Fuente_Corsair_750W_Cybenetics_Gold_RM750e_Full_Modular_ATX_3_1_PCIe_5_1_18124?cate=34,-,-
solo_compragamer,fuentes,fuentes|ASROCK|850W|80 PLUS GOLD|850W|80|GOLD|STEEL|LEGEND,-,-,-,-,-,-,-,-,-,-,-,-,-,-,-,-,-,18172.0,Fuente Asrock 850W 80 Plus Gold Steel Legend Full Modular ATX 3.1 PCIe 5.1 Cybenetics Platinum,Asrock,152850.0,True,-,-,https://compragamer.com/producto/Fuente_Asrock_850W_80_Plus_Gold_Steel_Legend_Full_Modular_ATX_3_1_PCIe_5_1_Cybenetics_Platinum_18172?cate=34,-,-
solo_compragamer,fuentes,fuentes|ASROCK|650W|80 PLUS BRONZE|650W|80|BRONZE|CHALLENGER|CL,-,-,-,-,-,-,-,-,-,-,-,-,-,-,-,-,-,18176.0,Fuente Asrock 650W 80 Plus Bronze Challenger CL-650B,Asrock,70300.0,True,-,-,https://compragamer.com/producto/Fuente_Asrock_650W_80_Plus_Bronze_Challenger_CL_650B_18176?cate=34,-,-
solo_compragamer,fuentes,fuentes|DEEPCOOL|550W|80 PLUS BRONZE|550W|80|BRONZE|PL550D,-,-,-,-,-,-,-,-,-,-,-,-,-,-,-,-,-,18201.0,Fuente Deepcool 550W 80 Plus Bronze PL550D ATX 3.1 PCIe 5.1,Deepcool,67700.0,True,-,-,https://compragamer.com/producto/Fuente_Deepcool_550W_80_Plus_Bronze_PL550D_ATX_3_1_PCIe_5_1_18201?cate=34,-,-
solo_compragamer,fuentes,fuentes|DEEPCOOL|650W|80 PLUS BRONZE|650W|80|BRONZE|PL650D,-,-,-,-,-,-,-,-,-,-,-,-,-,-,-,-,-,18202.0,Fuente Deepcool 650W 80 Plus Bronze PL650D ATX 3.1 PCIe 5.1,Deepcool,70750.0,True,-,-,https://compragamer.com/producto/Fuente_Deepcool_650W_80_Plus_Bronze_PL650D_ATX_3_1_PCIe_5_1_18202?cate=34,-,-
solo_compragamer,fuentes,fuentes|DEEPCOOL|750W|80 PLUS BRONZE|750W|80|BRONZE|PL750D,-,-,-,-,-,-,-,-,-,-,-,-,-,-,-,-,-,18203.0,Fuente Deepcool 750W 80 Plus Bronze PL750D ATX 3.1 PCIe 5.1,Deepcool,84990.0,True,-,-,https://compragamer.com/producto/Fuente_Deepcool_750W_80_Plus_Bronze_PL750D_ATX_3_1_PCIe_5_1_18203?cate=34,-,-
solo_compragamer,fuentes,fuentes|ANTEC|650W|80 PLUS BRONZE|650W|80|BRONZE|CSK650DC|AR,-,-,-,-,-,-,-,-,-,-,-,-,-,-,-,-,-,18257.0,Fuente Antec 650W 80 Plus Bronze ATX 3.1 PCIe 5.1 CSK650DC AR,Antec,68100.0,True,-,-,https://compragamer.com/producto/Fuente_Antec_650W_80_Plus_Bronze_ATX_3_1_PCIe_5_1_CSK650DC_AR_18257?cate=34,-,-
solo_compragamer,fuentes,fuentes|ANTEC|750W|80 PLUS BRONZE|750W|80|BRONZE|CSK750DC|AR,-,-,-,-,-,-,-,-,-,-,-,-,-,-,-,-,-,18258.0,Fuente Antec 750W 80 Plus Bronze ATX 3.1 PCIe 5.1 CSK750DC AR,Antec,79200.0,True,-,-,https://compragamer.com/producto/Fuente_Antec_750W_80_Plus_Bronze_ATX_3_1_PCIe_5_1_CSK750DC_AR_18258?cate=34,-,-
solo_compragamer,fuentes,fuentes|ANTEC|750W|80 PLUS BRONZE|750W|80|BRONZE|CSK750DC|AR,-,-,-,-,-,-,-,-,-,-,-,-,-,-,-,-,-,18259.0,Fuente Antec 750W 80 Plus Bronze ATX 3.1 PCIe 5.1 CSK750DC White AR,Antec,98700.0,True,-,-,https://compragamer.com/producto/Fuente_Antec_750W_80_Plus_Bronze_ATX_3_1_PCIe_5_1_CSK750DC_White_AR_18259?cate=34,-,-
solo_compragamer,fuentes,fuentes|ANTEC|1000W|80 PLUS PLATINUM|1000W|80|PLATINUM|FULL|MODULAR,-,-,-,-,-,-,-,-,-,-,-,-,-,-,-,-,-,18468.0,Fuente Antec 1000W 80 Plus Platinum Full Modular ATX 3.1 PCIe 5.1 HCG1000 PRO AR,Antec,326150.0,True,-,-,https://compragamer.com/producto/Fuente_Antec_1000W_80_Plus_Platinum_Full_Modular_ATX_3_1_PCIe_5_1_HCG1000_PRO_AR_18468?cate=34,-,-
solo_compragamer,fuentes,fuentes|ANTEC|1200W|80 PLUS PLATINUM|1200W|80|PLATINUM|FULL|MODULAR,-,-,-,-,-,-,-,-,-,-,-,-,-,-,-,-,-,18469.0,Fuente Antec 1200W 80 Plus Platinum Full Modular ATX 3.1 PCIe 5.1 HCG1200 PRO AR,Antec,373750.0,True,-,-,https://compragamer.com/producto/Fuente_Antec_1200W_80_Plus_Platinum_Full_Modular_ATX_3_1_PCIe_5_1_HCG1200_PRO_AR_18469?cate=34,-,-
solo_compragamer,fuentes,fuentes|ANTEC|850W|80 PLUS GOLD|850W|80|GOLD|FULL|MODULAR,-,-,-,-,-,-,-,-,-,-,-,-,-,-,-,-,-,18470.0,Fuente Antec 850W 80 Plus Gold Full Modular SFX 4.1 ATX 3.1 PCIe 5.1 SF850X AR ITX,Antec,265850.0,True,-,-,https://compragamer.com/producto/Fuente_Antec_850W_80_Plus_Gold_Full_Modular_SFX_4_1_ATX_3_1_PCIe_5_1_SF850X_AR_ITX_18470?cate=34,-,-
solo_compragamer,fuentes,fuentes|ANTEC|750W|80 PLUS GOLD|750W|80|GOLD|FULL|MODULAR,-,-,-,-,-,-,-,-,-,-,-,-,-,-,-,-,-,18471.0,Fuente Antec 750W 80 Plus Gold Full Modular ATX 3.1 PCIe 5.1 GSK750 AR,Antec,128300.0,True,-,-,https://compragamer.com/producto/Fuente_Antec_750W_80_Plus_Gold_Full_Modular_ATX_3_1_PCIe_5_1_GSK750_AR_18471?cate=34,-,-
solo_compragamer,fuentes,fuentes|ANTEC|850W|80 PLUS GOLD|850W|80|GOLD|FULL|MODULAR,-,-,-,-,-,-,-,-,-,-,-,-,-,-,-,-,-,18472.0,Fuente Antec 850W 80 Plus Gold Full Modular ATX 3.1 PCIe 5.1 GSK850 AR,Antec,147550.0,True,-,-,https://compragamer.com/producto/Fuente_Antec_850W_80_Plus_Gold_Full_Modular_ATX_3_1_PCIe_5_1_GSK850_AR_18472?cate=34,-,-
solo_compragamer,fuentes,fuentes|ANTEC|850W|80 PLUS GOLD|850W|80|GOLD|FULL|MODULAR,-,-,-,-,-,-,-,-,-,-,-,-,-,-,-,-,-,18473.0,Fuente Antec 850W 80 Plus Gold Full Modular ATX 3.1 PCIe 5.1 GSK850 White AR,Antec,151650.0,True,-,-,https://compragamer.com/producto/Fuente_Antec_850W_80_Plus_Gold_Full_Modular_ATX_3_1_PCIe_5_1_GSK850_White_AR_18473?cate=34,-,-
solo_compragamer,fuentes,fuentes|BEQUIET|750W|80 PLUS BRONZE|BE|QUIET|750W|80|BRONZE,-,-,-,-,-,-,-,-,-,-,-,-,-,-,-,-,-,18483.0,Fuente Be Quiet! 750W 80 Plus Bronze ATX 3.1 PCIe 5.1 SYSTEM POWER 11 U,Be Quiet!,103500.0,True,-,-,https://compragamer.com/producto/Fuente_Be_Quiet_750W_80_Plus_Bronze_ATX_3_1_PCIe_5_1_SYSTEM_POWER_11_U_18483?cate=34,-,-
solo_compragamer,fuentes,fuentes|COUGAR|850W|80 PLUS GOLD|850W|80|GOLD|FULL|MODULAR,-,-,-,-,-,-,-,-,-,-,-,-,-,-,-,-,-,18506.0,Fuente Cougar 850W 80 Plus Gold Full Modular ATX 3.1 PCIe 5.1 GEX PRO AR,Cougar,146800.0,True,-,-,https://compragamer.com/producto/Fuente_Cougar_850W_80_Plus_Gold_Full_Modular_ATX_3_1_PCIe_5_1_GEX_PRO_AR_18506?cate=34,-,-
solo_compragamer,fuentes,fuentes|ASUS|750W|80 PLUS GOLD|TUF|750W|80|GOLD|FULL,-,-,-,-,-,-,-,-,-,-,-,-,-,-,-,-,-,18544.0,Fuente ASUS TUF Gaming 750W 80 Plus Gold Full Modular ATX 3.1 PCIe 5.1 750G,Asus,176300.0,True,-,-,https://compragamer.com/producto/Fuente_ASUS_TUF_Gaming_750W_80_Plus_Gold_Full_Modular_ATX_3_1_PCIe_5_1_750G_18544?cate=34,-,-
solo_compragamer,fuentes,fuentes|ASUS|650W|80 PLUS BRONZE|PRIME|650W|80|BRONZE,-,-,-,-,-,-,-,-,-,-,-,-,-,-,-,-,-,18547.0,Fuente ASUS PRIME 650W 80 Plus Bronze Black,Asus,107450.0,True,-,-,https://compragamer.com/producto/Fuente_ASUS_PRIME_650W_80_Plus_Bronze_Black_18547?cate=34,-,-
solo_compragamer,fuentes,fuentes|ASUS|750W|80 PLUS BRONZE|PRIME|750W|80|BRONZE,-,-,-,-,-,-,-,-,-,-,-,-,-,-,-,-,-,18548.0,Fuente ASUS PRIME 750W 80 Plus Bronze Black,Asus,125310.0,True,-,-,https://compragamer.com/producto/Fuente_ASUS_PRIME_750W_80_Plus_Bronze_Black_18548?cate=34,-,-
solo_compragamer,fuentes,fuentes|CORSAIR|850W|80 PLUS PLATINUM|SFX|850W|80|PLATINUM|FULL,-,-,-,-,-,-,-,-,-,-,-,-,-,-,-,-,-,18588.0,Fuente Corsair SFX 850W 80 Plus Platinum Full Modular SF850 ITX ATX 3.1 PCIe 5.1,Corsair,306800.0,True,-,-,https://compragamer.com/producto/Fuente_Corsair_SFX_850W_80_Plus_Platinum_Full_Modular_SF850_ITX_ATX_3_1_PCIe_5_1_18588?cate=34,-,-
solo_compragamer,fuentes,fuentes|ADATA|750W|80 PLUS GOLD|XPG|750W|80|GOLD|FULL,-,-,-,-,-,-,-,-,-,-,-,-,-,-,-,-,-,18602.0,Fuente ADATA XPG 750W 80 Plus Gold Full Modular ATX 3.1 PCIe 5.1 CORE REACTOR II VE Black,Adata,142300.0,True,-,-,https://compragamer.com/producto/Fuente_ADATA_XPG_750W_80_Plus_Gold_Full_Modular_ATX_3_1_PCIe_5_1_CORE_REACTOR_II_VE_Black_18602?cate=34,-,-
solo_compragamer,fuentes,fuentes|XYZ|650W|80 PLUS BRONZE|650W|80|BRONZE|PHANTOM,-,-,-,-,-,-,-,-,-,-,-,-,-,-,-,-,-,18733.0,Fuente XYZ 650W 80 Plus Bronze ARGB Phantom,XYZ,66900.0,True,-,-,https://compragamer.com/producto/Fuente_XYZ_650W_80_Plus_Bronze_ARGB_Phantom_18733?cate=34,-,-
solo_compragamer,fuentes,fuentes|XYZ|750W|80 PLUS BRONZE|750W|80|BRONZE|PHANTOM,-,-,-,-,-,-,-,-,-,-,-,-,-,-,-,-,-,18734.0,Fuente XYZ 750W 80 Plus Bronze ARGB Phantom,XYZ,73170.0,True,-,-,https://compragamer.com/producto/Fuente_XYZ_750W_80_Plus_Bronze_ARGB_Phantom_18734?cate=34,-,-
solo_compragamer,fuentes,fuentes|XYZ|750W|80 PLUS GOLD|750W|80|GOLD|FULL|MODULAR,-,-,-,-,-,-,-,-,-,-,-,-,-,-,-,-,-,18735.0,Fuente XYZ 750W 80 Plus Gold ATX 3.1 PCIe 5.1 Full Modular HYPERVOLT Black,XYZ,127760.0,True,-,-,https://compragamer.com/producto/Fuente_XYZ_750W_80_Plus_Gold_ATX_3_1_PCIe_5_1_Full_Modular_HYPERVOLT_Black_18735?cate=34,-,-
solo_compragamer,fuentes,fuentes|XYZ|850W|80 PLUS GOLD|850W|80|GOLD|FULL|MODULAR,-,-,-,-,-,-,-,-,-,-,-,-,-,-,-,-,-,18736.0,Fuente XYZ 850W 80 Plus Gold ATX 3.1 PCIe 5.1 Full Modular HYPERVOLT Black,XYZ,141350.0,True,-,-,https://compragamer.com/producto/Fuente_XYZ_850W_80_Plus_Gold_ATX_3_1_PCIe_5_1_Full_Modular_HYPERVOLT_Black_18736?cate=34,-,-
solo_compragamer,fuentes,fuentes|XYZ|750W|80 PLUS GOLD|750W|80|GOLD|FULL|MODULAR,-,-,-,-,-,-,-,-,-,-,-,-,-,-,-,-,-,18737.0,Fuente XYZ 750W 80 Plus Gold ATX 3.1 PCIe 5.1 Full Modular HYPERVOLT White,XYZ,132290.0,True,-,-,https://compragamer.com/producto/Fuente_XYZ_750W_80_Plus_Gold_ATX_3_1_PCIe_5_1_Full_Modular_HYPERVOLT_White_18737?cate=34,-,-
solo_compragamer,fuentes,fuentes|XYZ|850W|80 PLUS GOLD|850W|80|GOLD|FULL|MODULAR,-,-,-,-,-,-,-,-,-,-,-,-,-,-,-,-,-,18738.0,Fuente XYZ 850W 80 Plus Gold ATX 3.1 PCIe 5.1 Full Modular HYPERVOLT White,XYZ,151750.0,True,-,-,https://compragamer.com/producto/Fuente_XYZ_850W_80_Plus_Gold_ATX_3_1_PCIe_5_1_Full_Modular_HYPERVOLT_White_18738?cate=34,-,-
solo_compragamer,fuentes,fuentes|XYZ|1000W|80 PLUS GOLD|1000W|80|GOLD|FULL|MODULAR,-,-,-,-,-,-,-,-,-,-,-,-,-,-,-,-,-,18739.0,Fuente XYZ 1000W 80 Plus Gold ATX 3.1 PCIe 5.1 Full Modular HYPERVOLT Black,XYZ,180050.0,True,-,-,https://compragamer.com/producto/Fuente_XYZ_1000W_80_Plus_Gold_ATX_3_1_PCIe_5_1_Full_Modular_HYPERVOLT_Black_18739?cate=34,-,-
solo_compragamer,fuentes,fuentes|XYZ|1000W|80 PLUS GOLD|1000W|80|GOLD|FULL|MODULAR,-,-,-,-,-,-,-,-,-,-,-,-,-,-,-,-,-,18740.0,Fuente XYZ 1000W 80 Plus Gold ATX 3.1 PCIe 5.1 Full Modular HYPERVOLT White,XYZ,191250.0,True,-,-,https://compragamer.com/producto/Fuente_XYZ_1000W_80_Plus_Gold_ATX_3_1_PCIe_5_1_Full_Modular_HYPERVOLT_White_18740?cate=34,-,-
solo_compragamer,fuentes,fuentes|LIANLI|750W|80 PLUS GOLD|LIAN|LI|750W|80|GOLD,-,-,-,-,-,-,-,-,-,-,-,-,-,-,-,-,-,18814.0,Fuente Lian Li 750W 80 Plus Gold Full Modular ATX 3.1 PCIe 5.1 Edge Black,Lian Li,158750.0,True,-,-,https://compragamer.com/producto/Fuente_Lian_Li_750W_80_Plus_Gold_Full_Modular_ATX_3_1_PCIe_5_1_Edge_Black_18814?cate=34,-,-
solo_compragamer,fuentes,fuentes|LIANLI|850W|80 PLUS GOLD|LIAN|LI|850W|80|GOLD,-,-,-,-,-,-,-,-,-,-,-,-,-,-,-,-,-,18815.0,Fuente Lian Li 850W 80 Plus Gold Full Modular ATX 3.1 PCIe 5.1 Edge Black,Lian Li,173150.0,True,-,-,https://compragamer.com/producto/Fuente_Lian_Li_850W_80_Plus_Gold_Full_Modular_ATX_3_1_PCIe_5_1_Edge_Black_18815?cate=34,-,-
solo_compragamer,fuentes,fuentes|LIANLI|1000W|80 PLUS GOLD|LIAN|LI|1000W|80|GOLD,-,-,-,-,-,-,-,-,-,-,-,-,-,-,-,-,-,18816.0,Fuente Lian Li 1000W 80 Plus Gold Full Modular ATX 3.1 PCIe 5.1 Edge Black,Lian Li,222500.0,True,-,-,https://compragamer.com/producto/Fuente_Lian_Li_1000W_80_Plus_Gold_Full_Modular_ATX_3_1_PCIe_5_1_Edge_Black_18816?cate=34,-,-
solo_compragamer,fuentes,fuentes|LIANLI|1000W|80 PLUS GOLD|LIAN|LI|1000W|80|GOLD,-,-,-,-,-,-,-,-,-,-,-,-,-,-,-,-,-,18817.0,Fuente Lian Li 1000W 80 Plus Gold Full Modular ATX 3.1 PCIe 5.1 Edge White,Lian Li,225450.0,True,-,-,https://compragamer.com/producto/Fuente_Lian_Li_1000W_80_Plus_Gold_Full_Modular_ATX_3_1_PCIe_5_1_Edge_White_18817?cate=34,-,-
solo_compragamer,fuentes,fuentes|LIANLI|1200W|80 PLUS GOLD|LIAN|LI|1200W|80|GOLD,-,-,-,-,-,-,-,-,-,-,-,-,-,-,-,-,-,18818.0,Fuente Lian Li 1200W 80 Plus Gold Full Modular ATX 3.1 PCIe 5.1 Edge Black,Lian Li,262250.0,True,-,-,https://compragamer.com/producto/Fuente_Lian_Li_1200W_80_Plus_Gold_Full_Modular_ATX_3_1_PCIe_5_1_Edge_Black_18818?cate=34,-,-
solo_compragamer,fuentes,fuentes|LIANLI|850W|80 PLUS GOLD|LIAN|LI|850W|80|GOLD,-,-,-,-,-,-,-,-,-,-,-,-,-,-,-,-,-,18820.0,Fuente Lian Li 850W 80 Plus Gold Full Modular ATX 3.1 PCIe 5.1 Edge White,Lian Li,179750.0,True,-,-,https://compragamer.com/producto/Fuente_Lian_Li_850W_80_Plus_Gold_Full_Modular_ATX_3_1_PCIe_5_1_Edge_White_18820?cate=34,-,-
solo_compragamer,fuentes,fuentes|SEASONIC|750W|80 PLUS GOLD|750W|80|GOLD|CORE|GX,-,-,-,-,-,-,-,-,-,-,-,-,-,-,-,-,-,19479.0,Fuente Seasonic 750W 80 Plus Gold CORE GX ATX 3.1 PCIe 5.1 SRP-CGX751,Seasonic,182750.0,True,-,-,https://compragamer.com/producto/Fuente_Seasonic_750W_80_Plus_Gold_CORE_GX_ATX_3_1_PCIe_5_1_SRP_CGX751_19479?cate=34,-,-
solo_compragamer,fuentes,fuentes|SEASONIC|750W|80 PLUS GOLD|750W|80|GOLD|CORE|GX,-,-,-,-,-,-,-,-,-,-,-,-,-,-,-,-,-,19480.0,Fuente Seasonic 750W 80 Plus Gold CORE GX White ATX 3.1 PCIe 5.1 SRP-CGX751,Seasonic,201000.0,True,-,-,https://compragamer.com/producto/Fuente_Seasonic_750W_80_Plus_Gold_CORE_GX_White_ATX_3_1_PCIe_5_1_SRP_CGX751_19480?cate=34,-,-
solo_compragamer,fuentes,fuentes|SEASONIC|850W|80 PLUS GOLD|850W|80|GOLD|CORE|GX,-,-,-,-,-,-,-,-,-,-,-,-,-,-,-,-,-,19481.0,Fuente Seasonic 850W 80 Plus Gold CORE GX ATX 3.1 PCIe 5.1 SRP-CGX851,Seasonic,241550.0,True,-,-,https://compragamer.com/producto/Fuente_Seasonic_850W_80_Plus_Gold_CORE_GX_ATX_3_1_PCIe_5_1_SRP_CGX851_19481?cate=34,-,-
solo_compragamer,fuentes,fuentes|SEASONIC|650W|80 PLUS GOLD|650W|80|GOLD|G12|GC,-,-,-,-,-,-,-,-,-,-,-,-,-,-,-,-,-,19482.0,Fuente Seasonic 650W 80 Plus Gold G12 GC SSP-650RT2,Seasonic,128350.0,True,-,-,https://compragamer.com/producto/Fuente_Seasonic_650W_80_Plus_Gold_G12_GC_SSP_650RT2_19482?cate=34,-,-
solo_compragamer,fuentes,fuentes|SEASONIC|1000W|80 PLUS GOLD|1000W|80|GOLD|FOCUS|GX,-,-,-,-,-,-,-,-,-,-,-,-,-,-,-,-,-,19483.0,Fuente Seasonic 1000W 80 Plus Gold FOCUS GX ATX 3.1 PCIe 5.1 SRP-FGX102,Seasonic,353100.0,True,-,-,https://compragamer.com/producto/Fuente_Seasonic_1000W_80_Plus_Gold_FOCUS_GX_ATX_3_1_PCIe_5_1_SRP_FGX102_19483?cate=34,-,-
solo_compragamer,fuentes,fuentes|SEASONIC|1000W|80 PLUS GOLD|1000W|80|GOLD|FOCUS|GX,-,-,-,-,-,-,-,-,-,-,-,-,-,-,-,-,-,19484.0,Fuente Seasonic 1000W 80 Plus Gold FOCUS GX White ATX 3.1 PCIe 5.1 SRP-FGX102,Seasonic,371700.0,True,-,-,https://compragamer.com/producto/Fuente_Seasonic_1000W_80_Plus_Gold_FOCUS_GX_White_ATX_3_1_PCIe_5_1_SRP_FGX102_19484?cate=34,-,-
solo_compragamer,fuentes,fuentes|SEASONIC|1200W|80 PLUS GOLD|1200W|80|GOLD|VERTEX|GX,-,-,-,-,-,-,-,-,-,-,-,-,-,-,-,-,-,19485.0,Fuente Seasonic 1200W 80 Plus Gold VERTEX GX ATX 3.1 PCIe 5.1 12122GXAFS,Seasonic,427250.0,True,-,-,https://compragamer.com/producto/Fuente_Seasonic_1200W_80_Plus_Gold_VERTEX_GX_ATX_3_1_PCIe_5_1_12122GXAFS_19485?cate=34,-,-
solo_compragamer,fuentes,fuentes|SEASONIC|1200W|80 PLUS GOLD|1200W|80|GOLD|VERTEX|GX,-,-,-,-,-,-,-,-,-,-,-,-,-,-,-,-,-,19486.0,Fuente Seasonic 1200W 80 Plus Gold VERTEX GX White ATX 3.1 PCIe 5.1 12122GXAFS,Seasonic,446000.0,True,-,-,https://compragamer.com/producto/Fuente_Seasonic_1200W_80_Plus_Gold_VERTEX_GX_White_ATX_3_1_PCIe_5_1_12122GXAFS_19486?cate=34,-,-
solo_compragamer,fuentes,fuentes|SEASONIC|1200W|80 PLUS PLATINUM|1200W|80|PLATINUM|VERTEX|PX,-,-,-,-,-,-,-,-,-,-,-,-,-,-,-,-,-,19487.0,Fuente Seasonic 1200W 80 Plus Platinum VERTEX PX ATX 3.1 PCIe 5.1 12122PXAFS,Seasonic,557500.0,True,-,-,https://compragamer.com/producto/Fuente_Seasonic_1200W_80_Plus_Platinum_VERTEX_PX_ATX_3_1_PCIe_5_1_12122PXAFS_19487?cate=34,-,-
solo_compragamer,fuentes,fuentes|SEASONIC|2200W|80 PLUS PLATINUM|2200W|80|PLATINUM|PRIME|PX,-,-,-,-,-,-,-,-,-,-,-,-,-,-,-,-,-,19491.0,Fuente Seasonic 2200W 80 Plus Platinum PRIME PX ATX 3.1 PCIe 5.1 SRP-PPX222,Seasonic,1226400.0,True,-,-,https://compragamer.com/producto/Fuente_Seasonic_2200W_80_Plus_Platinum_PRIME_PX_ATX_3_1_PCIe_5_1_SRP_PPX222_19491?cate=34,-,-
solo_compragamer,fuentes,fuentes|ASUS|750W|80 PLUS BRONZE|PRIME|750W|80|BRONZE,-,-,-,-,-,-,-,-,-,-,-,-,-,-,-,-,-,20179.0,Fuente ASUS PRIME 750W 80 Plus Bronze White,Asus,111750.0,True,-,-,https://compragamer.com/producto/Fuente_ASUS_PRIME_750W_80_Plus_Bronze_White_20179?cate=34,-,-
solo_compragamer,fuentes,fuentes|ASUS|1000W|80 PLUS GOLD|TUF|1000W|80|GOLD|FULL,-,-,-,-,-,-,-,-,-,-,-,-,-,-,-,-,-,20180.0,Fuente ASUS TUF Gaming 1000W 80 Plus Gold Full Modular White ATX 3.1 PCIe 5.1 1000G,Asus,257150.0,True,-,-,https://compragamer.com/producto/Fuente_ASUS_TUF_Gaming_1000W_80_Plus_Gold_Full_Modular_White_ATX_3_1_PCIe_5_1_1000G_20180?cate=34,-,-
solo_compragamer,fuentes,fuentes|ASUS|1200W|80 PLUS PLATINUM|ROG|STRIX|1200W|80|PLATINUM,-,-,-,-,-,-,-,-,-,-,-,-,-,-,-,-,-,20181.0,Fuente ASUS ROG Strix 1200W 80 Plus Platinum Full Modular ATX 3.1 PCIe 5.1 1200P,Asus,377350.0,True,-,-,https://compragamer.com/producto/Fuente_ASUS_ROG_Strix_1200W_80_Plus_Platinum_Full_Modular_ATX_3_1_PCIe_5_1_1200P_20181?cate=34,-,-
solo_compragamer,fuentes,fuentes|ASUS|1000W|80 PLUS PLATINUM|ROG|THOR|1000W|80|PLATINUM,-,-,-,-,-,-,-,-,-,-,-,-,-,-,-,-,-,20182.0,Fuente ASUS ROG Thor 3 1000W 80 Plus Platinum III 1000P3 Full Modular ATX 3.1 PCIe 5.1,Asus,651300.0,True,-,-,https://compragamer.com/producto/Fuente_ASUS_ROG_Thor_3_1000W_80_Plus_Platinum_III_1000P3_Full_Modular_ATX_3_1_PCIe_5_1_20182?cate=34,-,-
solo_compragamer,fuentes,fuentes|ASUS|1600W|80 PLUS|ROG|THOR|1600W|80|TITANIUM,-,-,-,-,-,-,-,-,-,-,-,-,-,-,-,-,-,20183.0,Fuente ASUS ROG Thor 3 1600W 80 Plus Titanium III 1600T3 Full Modular ATX 3.1 PCIe 5.1,Asus,1232950.0,True,-,-,https://compragamer.com/producto/Fuente_ASUS_ROG_Thor_3_1600W_80_Plus_Titanium_III_1600T3_Full_Modular_ATX_3_1_PCIe_5_1_20183?cate=34,-,-
solo_distribuidor,fuentes,fuentes|EVGA|500W|80 PLUS|500W|W2|80,FUENTES,108587,100-W2-0500,FUENTE GAMER EVGA 500W W2 80 PLUS,EVGA                                              ,93502.42,10.0,-,-,-,-,-,-,-,-,-,-,-,-,-,-,-,-,-,-,-,-
solo_distribuidor,fuentes,fuentes|EVGA|750W||750W|SUPERNOVA|GOLD|MODULAR,FUENTES,108961,220-GA-0750,FUENTE GAMER EVGA 750W SUPERNOVA GOLD MODULAR,EVGA                                              ,258099.53,1.0,-,-,-,-,-,-,-,-,-,-,-,-,-,-,-,-,-,-,-,-
solo_distribuidor,fuentes,fuentes|THERMALTAKE|750W|80 PLUS BRONZE|SMART|BX3|750W|80|BRONZE,FUENTES,120008,PS-SPD-0750NNFABG-3,FUENTE GAMER THERMALTAKE SMART BX3 750W 80 PLUS BRONZE,THERMALTAKE,102610.12,10.0,-,-,-,-,-,-,-,-,-,-,-,-,-,-,-,-,-,-,-,-
solo_distribuidor,fuentes,fuentes|GIGABYTE|650W|80 PLUS|650W|80|SILVER,FUENTES,119728,GP-P650SS,FUENTE GAMER GIGABYTE 650W 80 PLUS SILVER ATX 3.0,GIGABYTE                                          ,68754.47,10.0,-,-,-,-,-,-,-,-,-,-,-,-,-,-,-,-,-,-,-,-
solo_distribuidor,fuentes,fuentes|AUREOX|550W||550W|BRONZE|80|PSU,FUENTES,104832,ARXGU-80PBZ-550W,FUENTE GAMER AUREOX 550W BRONZE 80+PSU,AUREOX,47782.42,10.0,-,-,-,-,-,-,-,-,-,-,-,-,-,-,-,-,-,-,-,-
solo_distribuidor,fuentes,fuentes|AUREOX|500W||500W|ARXGP|500,FUENTES,104830,ARXGP-500W,FUENTE AUREOX 500W ARXGP 500,AUREOX,32651.26,10.0,-,-,-,-,-,-,-,-,-,-,-,-,-,-,-,-,-,-,-,-
solo_distribuidor,fuentes,fuentes|AUREOX|500W||500W|ARXE|500,FUENTES,104829,ARXE-500,FUENTE AUREOX 500W ARXE-500,AUREOX,19954.75,10.0,-,-,-,-,-,-,-,-,-,-,-,-,-,-,-,-,-,-,-,-
solo_distribuidor,fuentes,fuentes|AUREOX|650W||650W|BRONZE|80|PSU,FUENTES,104833,ARXGU-80PBZ-650W,FUENTE GAMER AUREOX 650W BRONZE 80+PSU,AUREOX,52152.36,10.0,-,-,-,-,-,-,-,-,-,-,-,-,-,-,-,-,-,-,-,-
solo_distribuidor,fuentes,fuentes|AUREOX|600W||600W|PSU|ARXGP|600,FUENTES,104831,ARXGP-600W,FUENTE GAMER AUREOX 600W PSU ARXGP-600,AUREOX,34286.54,10.0,-,-,-,-,-,-,-,-,-,-,-,-,-,-,-,-,-,-,-,-
solo_distribuidor,fuentes,fuentes|EVGA|850W||850W|SUPERNOVA|GOLD|MODULAR,FUENTES,104814,220-GA-0850,FUENTE GAMER EVGA 850W SUPERNOVA GOLD MODULAR,EVGA                                              ,296933.95,2.0,-,-,-,-,-,-,-,-,-,-,-,-,-,-,-,-,-,-,-,-
solo_distribuidor,fuentes,fuentes|SFX|500W||500W|20,FUENTES,2936,SFX_500,FUENTE SFX 500W 20+4 SATA,SFX                                               ,16083.8,10.0,-,-,-,-,-,-,-,-,-,-,-,-,-,-,-,-,-,-,-,-
solo_distribuidor,fuentes,fuentes|GIGABYTE|850W||850W|PG5|AORUS|ELITE|PLATINUM,FUENTES,120807,GP--AE850PM PG5,FUENTE GAMER GIGABYTE 850W PG5 AORUS ELITE PLATINUM MODULAR ATX3.1,GIGABYTE                                          ,202885.6,7.0,-,-,-,-,-,-,-,-,-,-,-,-,-,-,-,-,-,-,-,-
solo_distribuidor,fuentes,fuentes|GIGABYTE|750W||750W|80|BRONZE,FUENTES,120808,GP-P750BS,FUENTE GAMER GIGABYTE 750W 80 BRONZE,GIGABYTE                                          ,92335.14,1.0,-,-,-,-,-,-,-,-,-,-,-,-,-,-,-,-,-,-,-,-
solo_distribuidor,fuentes,fuentes|THERMALTAKE|750W|80 PLUS GOLD|TP|GT|750W|ANALOG|80,FUENTES,120549,TPD-750AH2FXG-3,FUENTE GAMER THERMALTAKE TP GT 750W ANALOG 80 PLUS GOLD,THERMALTAKE,131992.03,6.0,-,-,-,-,-,-,-,-,-,-,-,-,-,-,-,-,-,-,-,-
solo_distribuidor,fuentes,fuentes|THERMALTAKE|1200W|80 PLUS GOLD|TP|GF|A3|1200W|ANALOG,FUENTES,120548,TTP-1200AH2FKG,FUENTE GAMER THERMALTAKE TP GF A3 1200W ANALOG 80 PLUS GOLD FULL MODULAR,THERMALTAKE,248918.94,10.0,-,-,-,-,-,-,-,-,-,-,-,-,-,-,-,-,-,-,-,-
solo_distribuidor,fuentes,fuentes|THERMALTAKE|1050W|80 PLUS GOLD|TP|GF|A3|1050W|ANALOG,FUENTES,120547,TTP-1050AH2FKG,FUENTE GAMER THERMALTAKE TP GF A3 1050W ANALOG 80 PLUS GOLD FULL MODULAR,THERMALTAKE,217314.12,10.0,-,-,-,-,-,-,-,-,-,-,-,-,-,-,-,-,-,-,-,-
solo_distribuidor,fuentes,fuentes|GIGABYTE|650W|80 PLUS GOLD|650W|80|GOLD,FUENTES,121640,GP-P650G,FUENTE GAMER GIGABYTE 650W 80 PLUS GOLD,GIGABYTE                                          ,75585.6,10.0,-,-,-,-,-,-,-,-,-,-,-,-,-,-,-,-,-,-,-,-
solo_distribuidor,fuentes,fuentes|GIGABYTE|650W|80 PLUS GOLD|650W|80|GOLD|PG5,FUENTES,122602,GP-P650G PG5,FUENTE GAMER GIGABYTE 650W 80 PLUS GOLD PG5,GIGABYTE                                          ,78067.14,10.0,-,-,-,-,-,-,-,-,-,-,-,-,-,-,-,-,-,-,-,-
solo_distribuidor,fuentes,fuentes|THERMALTAKE|750W|80 PLUS GOLD|TP|GT|750W|ANALOG|80,FUENTES,121283,TPD-750AH2FXG-3 W,FUENTE GAMER THERMALTAKE TP GT 750W ANALOG 80 PLUS GOLD WHITE,THERMALTAKE,136424.04,10.0,-,-,-,-,-,-,-,-,-,-,-,-,-,-,-,-,-,-,-,-
solo_distribuidor,fuentes,fuentes|RAIDMAX|550W||550W|XTB,FUENTES,121484,RX-550XTB,FUENTE GAMER 550W RAIDMAX XTB,RAIDMAX,36424.78,10.0,-,-,-,-,-,-,-,-,-,-,-,-,-,-,-,-,-,-,-,-
solo_distribuidor,fuentes,fuentes|RAIDMAX|650W||650W|XTB,FUENTES,121485,RX-650XTB,FUENTE GAMER 650W RAIDMAX XTB,RAIDMAX,43126.94,10.0,-,-,-,-,-,-,-,-,-,-,-,-,-,-,-,-,-,-,-,-
solo_distribuidor,fuentes,fuentes|RAIDMAX|600W|80 PLUS BRONZE|600W|VORTEX|80|BRONZE,FUENTES,121488,RX-600AFV,FUENTE 600W RAIDMAX VORTEX 80 PLUS BRONZE GAMER,RAIDMAX,59055.56,10.0,-,-,-,-,-,-,-,-,-,-,-,-,-,-,-,-,-,-,-,-
solo_distribuidor,fuentes,fuentes|RAIDMAX|700W|80 PLUS BRONZE|700W|VORTEX|80|BRONZE,FUENTES,121489,RX-700ACV,FUENTE 700W RAIDMAX VORTEX 80 PLUS BRONZE GAMER,RAIDMAX,65327.52,10.0,-,-,-,-,-,-,-,-,-,-,-,-,-,-,-,-,-,-,-,-
solo_distribuidor,fuentes,fuentes|RAIDMAX|600W|80 PLUS WHITE|600W|VORTEX|80,FUENTES,121486,RX-600ACV,FUENTE 600W RAIDMAX VORTEX 80 PLUS WHITE GAMER,RAIDMAX,47740.17,10.0,-,-,-,-,-,-,-,-,-,-,-,-,-,-,-,-,-,-,-,-
solo_distribuidor,fuentes,fuentes|RAIDMAX|800W|80 PLUS WHITE|800W|VORTEX|80,FUENTES,121487,RX-800ACV,FUENTE 800W RAIDMAX VORTEX 80 PLUS WHITE GAMER,RAIDMAX,64077.44,10.0,-,-,-,-,-,-,-,-,-,-,-,-,-,-,-,-,-,-,-,-
solo_distribuidor,fuentes,fuentes|GIGABYTE|850W||850W|PG5|PSU,FUENTES,118490,GP-UD850GM PG5,FUENTE GAMER GIGABYTE 850W PG5/PSU,GIGABYTE                                          ,163344.41,10.0,-,-,-,-,-,-,-,-,-,-,-,-,-,-,-,-,-,-,-,-
solo_distribuidor,fuentes,fuentes|EVGA|500W||500W|BR|80|BRONZE,FUENTES,103777,100-BR-0500,FUENTE GAMER EVGA 500W BR 80 BRONZE,EVGA                                              ,106172.76,10.0,-,-,-,-,-,-,-,-,-,-,-,-,-,-,-,-,-,-,-,-
solo_distribuidor,fuentes,fuentes|COOLERMASTER|850W||MASTER|SILENT|EDGE|PLATINUM|850W,FUENTES,121454,MPS-8501-AZAP-NBAR,FUENTE COOLER MASTER X SILENT EDGE PLATINUM 850W (Full Modular),COOLER MASTER,419235.52,3.0,-,-,-,-,-,-,-,-,-,-,-,-,-,-,-,-,-,-,-,-
solo_distribuidor,fuentes,fuentes|COOLERMASTER|850W||MASTER|MWE|GOLD|850W|V3,FUENTES,121451,MPE-8506-ACAG,FUENTE COOLER MASTER MWE GOLD 850W V3 NM FR (No Modular),COOLER MASTER,113761.19,10.0,-,-,-,-,-,-,-,-,-,-,-,-,-,-,-,-,-,-,-,-
solo_distribuidor,fuentes,fuentes|COOLERMASTER|650W||MASTER|MWE|GOLD|650W|V3,FUENTES,121449,MPE-6502-ACAAG,FUENTE COOLER MASTER MWE GOLD 650W V3 NM FR (No Modular),COOLER MASTER,78249.57,10.0,-,-,-,-,-,-,-,-,-,-,-,-,-,-,-,-,-,-,-,-
solo_mexx,fuentes,fuentes|PERFORMANCE|550W||550W,-,-,-,-,-,-,-,-,67797,Fuente Performance 550W,Performance,24469.0,EN STOCK,-,-,https://www.mexx.com.ar/productos-rubro/fuentes-de-poder/48052-fuente-performance-550w.html,-,-,-,-,-,-,-,-,-,-,-
solo_mexx,fuentes,fuentes|EVOLABS|500W||POWER|500W,-,-,-,-,-,-,-,-,68090,Fuente Evolabs Power 500W,Evolabs,51589.0,EN STOCK,-,-,https://www.mexx.com.ar/productos-rubro/fuentes-de-poder/50561-fuente-evolabs-power-500w.html,-,-,-,-,-,-,-,-,-,-,-
solo_mexx,fuentes,fuentes|EVOLABS|600W||POWER|600W,-,-,-,-,-,-,-,-,68091,Fuente Evolabs Power 600W,Evolabs,62239.0,EN STOCK,-,-,https://www.mexx.com.ar/productos-rubro/fuentes-de-poder/50562-fuente-evolabs-power-600w.html,-,-,-,-,-,-,-,-,-,-,-
solo_mexx,fuentes,fuentes|EVOLABS|750W|80 PLUS|POWER|750W|80|SILVER,-,-,-,-,-,-,-,-,68093,Fuente Evolabs Power 750W 80 Plus Silver,Evolabs,86009.0,EN STOCK,-,-,https://www.mexx.com.ar/productos-rubro/fuentes-de-poder/50564-fuente-evolabs-power-750w-80-plus-silver.html,-,-,-,-,-,-,-,-,-,-,-
solo_mexx,fuentes,fuentes|LNZ|600W||SX|600|TS|600W,-,-,-,-,-,-,-,-,68100,Fuente Lnz SX 600-TS 600W,Lnz,39899.0,EN STOCK,-,-,https://www.mexx.com.ar/productos-rubro/fuentes-de-poder/51171-fuente-lnz-sx-600-ts-600w.html,-,-,-,-,-,-,-,-,-,-,-
solo_mexx,fuentes,fuentes|LNZ|650W||SX|650|TS|650W,-,-,-,-,-,-,-,-,68101,Fuente Lnz SX 650-TS 650W,Lnz,41999.0,EN STOCK,-,-,https://www.mexx.com.ar/productos-rubro/fuentes-de-poder/51172-fuente-lnz-sx-650-ts-650w.html,-,-,-,-,-,-,-,-,-,-,-
solo_mexx,fuentes,fuentes|LNZ|700W||SX|700|TS|700W,-,-,-,-,-,-,-,-,68102,Fuente Lnz SX 700-TS 700W,Lnz,44899.0,EN STOCK,-,-,https://www.mexx.com.ar/productos-rubro/fuentes-de-poder/51173-fuente-lnz-sx-700-ts-700w.html,-,-,-,-,-,-,-,-,-,-,-
solo_mexx,fuentes,fuentes|LNZ|650W||ZX|650|GZ|650W,-,-,-,-,-,-,-,-,68106,Fuente Lnz ZX-650-GZ 650W,Lnz,44809.0,EN STOCK,-,-,https://www.mexx.com.ar/productos-rubro/fuentes-de-poder/48879-fuente-lnz-zx-650-gz-650w.html,-,-,-,-,-,-,-,-,-,-,-
solo_mexx,fuentes,fuentes|LNZ|750W||ZX|750|GZ|750W,-,-,-,-,-,-,-,-,68112,Fuente Lnz ZX 750-GZ 750W,Lnz,49279.0,EN STOCK,-,-,https://www.mexx.com.ar/productos-rubro/fuentes-de-poder/49400-fuente-lnz-zx-750-gz-750w.html,-,-,-,-,-,-,-,-,-,-,-
solo_mexx,fuentes,fuentes|SENTEY|700W|80 PLUS BRONZE|EPP700|GT|700W|80|BRONZE,-,-,-,-,-,-,-,-,68247,Fuente Sentey EPP700-GT 700W 80 Plus Bronze,Sentey,61539.0,EN STOCK,-,-,https://www.mexx.com.ar/productos-rubro/fuentes-de-poder/51176-fuente-sentey-epp700-gt-700w-80-plus-bronze.html,-,-,-,-,-,-,-,-,-,-,-
solo_mexx,fuentes,fuentes|SENTEY|650W|80 PLUS BRONZE|MBP650|GX|650W|80|BRONZE,-,-,-,-,-,-,-,-,68255,Fuente Sentey MBP650-GX 650W 80 Plus Bronze,Sentey,65999.0,EN STOCK,-,-,https://www.mexx.com.ar/productos-rubro/fuentes-de-poder/51195-fuente-sentey-mbp650-gx-650w-80-plus-bronze.html,-,-,-,-,-,-,-,-,-,-,-
solo_mexx,fuentes,fuentes|SENTEY|700W|80 PLUS BRONZE|MBP700|GX|700W|80|BRONZE,-,-,-,-,-,-,-,-,68256,Fuente Sentey MBP700-GX 700W 80 Plus Bronze,Sentey,69999.0,EN STOCK,-,-,https://www.mexx.com.ar/productos-rubro/fuentes-de-poder/51196-fuente-sentey-mbp700-gx-700w-80-plus-bronze.html,-,-,-,-,-,-,-,-,-,-,-
solo_mexx,fuentes,fuentes|SENTEY|750W|80 PLUS BRONZE|MBP750|CM|750W|80|BRONZE,-,-,-,-,-,-,-,-,68257,Fuente Sentey MBP750-CM 750W 80 Plus Bronze,Sentey,91089.0,EN STOCK,-,-,https://www.mexx.com.ar/productos-rubro/fuentes-de-poder/51198-fuente-sentey-mbp750-cm-750w-80-plus-bronze.html,-,-,-,-,-,-,-,-,-,-,-
solo_mexx,fuentes,fuentes|SENTEY|850W|80 PLUS BRONZE|MBP850|GM|850W|80|BRONZE,-,-,-,-,-,-,-,-,68263,Fuente Sentey MBP850-GM 850W 80 Plus Bronze Full Modular,Sentey,95689.0,EN STOCK,-,-,https://www.mexx.com.ar/productos-rubro/fuentes-de-poder/49955-fuente-sentey-mbp850-gm-850w-80-plus-bronze-full-modular.html,-,-,-,-,-,-,-,-,-,-,-
solo_mexx,fuentes,fuentes|SENTEY|850W|80 PLUS GOLD|GSP850|GM|850W|80|GOLD,-,-,-,-,-,-,-,-,68264,Fuente Sentey GSP850-GM 850W 80 Plus Gold Full Modular,Sentey,108819.0,EN STOCK,-,-,https://www.mexx.com.ar/productos-rubro/fuentes-de-poder/49956-fuente-sentey-gsp850-gm-850w-80-plus-gold-full-modular.html,-,-,-,-,-,-,-,-,-,-,-
solo_mexx,fuentes,fuentes|SENTEY|1050W|80 PLUS GOLD|GSP1050|GM|1050W|80|GOLD,-,-,-,-,-,-,-,-,68265,Fuente Sentey GSP1050-GM 1050W 80 Plus Gold Full Modular,Sentey,140779.0,EN STOCK,-,-,https://www.mexx.com.ar/productos-rubro/fuentes-de-poder/49957-fuente-sentey-gsp1050-gm-1050w-80-plus-gold-full-modular.html,-,-,-,-,-,-,-,-,-,-,-
solo_mexx,fuentes,fuentes|FORMULAV|600W|80 PLUS BRONZE|FORMULA|600W|80|BRONZE,-,-,-,-,-,-,-,-,68270,Fuente Formula V 600W 80 Plus Bronze,Formula V,74999.0,EN STOCK,-,-,https://www.mexx.com.ar/productos-rubro/fuentes-de-poder/50042-fuente-formula-v-600w-80-plus-bronze.html,-,-,-,-,-,-,-,-,-,-,-
solo_mexx,fuentes,fuentes|FORMULAV|700W|80 PLUS BRONZE|FORMULA|700W|80|BRONZE,-,-,-,-,-,-,-,-,68271,Fuente Formula V 700W 80 Plus Bronze,Formula V,83999.0,EN STOCK,-,-,https://www.mexx.com.ar/productos-rubro/fuentes-de-poder/50043-fuente-formula-v-700w-80-plus-bronze.html,-,-,-,-,-,-,-,-,-,-,-
solo_mexx,fuentes,fuentes|FORMULAV|750W|80 PLUS GOLD|FORMULA|750W|80|GOLD|MODULAR,-,-,-,-,-,-,-,-,68272,Fuente Formula V 750W 80 Plus Gold Modular,Formula V,123999.0,EN STOCK,-,-,https://www.mexx.com.ar/productos-rubro/fuentes-de-poder/50044-fuente-formula-v-750w-80-plus-gold-modular.html,-,-,-,-,-,-,-,-,-,-,-
solo_mexx,fuentes,fuentes|FORMULAV|850W|80 PLUS GOLD|FORMULA|850W|80|GOLD|MODULAR,-,-,-,-,-,-,-,-,68273,Fuente Formula V 850W 80 Plus Gold Modular,Formula V,143999.0,EN STOCK,-,-,https://www.mexx.com.ar/productos-rubro/fuentes-de-poder/50045-fuente-formula-v-850w-80-plus-gold-modular.html,-,-,-,-,-,-,-,-,-,-,-
solo_mexx,fuentes,fuentes|THERMALTAKE|500W|80 PLUS WHITE|SMART|D2D|500W|80,-,-,-,-,-,-,-,-,68651,Fuente Thermaltake Smart D2D 500W 80 Plus White,Thermaltake,70999.0,EN STOCK,-,-,https://www.mexx.com.ar/productos-rubro/fuentes-de-poder/49348-fuente-thermaltake-smart-d2d-500w-80-plus-white.html,-,-,-,-,-,-,-,-,-,-,-
solo_mexx,fuentes,fuentes|THERMALTAKE|600W|80 PLUS WHITE|SMART|D2D|600W|80,-,-,-,-,-,-,-,-,68701,Fuente Thermaltake Smart D2D 600W 80 Plus White,Thermaltake,82699.0,EN STOCK,-,-,https://www.mexx.com.ar/productos-rubro/fuentes-de-poder/49350-fuente-thermaltake-smart-d2d-600w-80-plus-white.html,-,-,-,-,-,-,-,-,-,-,-
solo_mexx,fuentes,fuentes|THERMALTAKE|650W|80 PLUS BRONZE|SMART|BM2|650W|SEMI|MODULAR,-,-,-,-,-,-,-,-,69352,Fuente Thermaltake Smart BM2 650W Semi Modular 80 Plus Bronze,Thermaltake,110999.0,EN STOCK,-,-,https://www.mexx.com.ar/productos-rubro/fuentes-de-poder/44168-fuente-thermaltake-smart-bm2-650w-semi-modular-80-plus-bronze.html,-,-,-,-,-,-,-,-,-,-,-
solo_mexx,fuentes,fuentes|MSI|750W|80 PLUS GOLD|MAG|750W|80|GOLD|FULL,-,-,-,-,-,-,-,-,69363,Fuente Msi MAG 750w 80 Plus Gold Full Modular,Msi,145999.0,EN STOCK,-,-,https://www.mexx.com.ar/productos-rubro/fuentes-de-poder/47935-fuente-msi-mag-750w-80-plus-gold-full-modular.html,-,-,-,-,-,-,-,-,-,-,-
solo_mexx,fuentes,fuentes|MSI|850W|80 PLUS GOLD|MAG|850W|A850GL|80|GOLD,-,-,-,-,-,-,-,-,69365,Fuente Msi MAG 850W A850GL 80 Plus Gold Full Modular,Msi,185889.0,EN STOCK,-,-,https://www.mexx.com.ar/productos-rubro/fuentes-de-poder/47936-fuente-msi-mag-850w-a850gl-80-plus-gold-full-modular.html,-,-,-,-,-,-,-,-,-,-,-
solo_mexx,fuentes,fuentes|XPG|650W|80 PLUS BRONZE|ADATA|PYLON|650W|80|BRONZE,-,-,-,-,-,-,-,-,69371,Fuente Adata Xpg Pylon 650W 80 Plus Bronze,Xpg,90999.0,EN STOCK,-,-,https://www.mexx.com.ar/productos-rubro/fuentes-de-poder/47225-fuente-adata-xpg-pylon-650w-80-plus-bronze.html,-,-,-,-,-,-,-,-,-,-,-
solo_mexx,fuentes,fuentes|XPG|750W|80 PLUS GOLD|ADATA|KYBER|750W|80|GOLD,-,-,-,-,-,-,-,-,69373,Fuente Adata Xpg Kyber 750W 80 Plus Gold,Xpg,136849.0,EN STOCK,-,-,https://www.mexx.com.ar/productos-rubro/fuentes-de-poder/49274-fuente-adata-xpg-kyber-750w-80-plus-gold.html,-,-,-,-,-,-,-,-,-,-,-
solo_mexx,fuentes,fuentes|XPG|750W|80 PLUS BRONZE|ADATA|PYLON|750W|80|BRONZE,-,-,-,-,-,-,-,-,69374,Fuente Adata Xpg Pylon 750W 80 Plus Bronze,Xpg,99999.0,EN STOCK,-,-,https://www.mexx.com.ar/productos-rubro/fuentes-de-poder/41170-fuente-adata-xpg-pylon-750w-80-plus-bronze.html,-,-,-,-,-,-,-,-,-,-,-
solo_mexx,fuentes,fuentes|XPG|750W|80 PLUS GOLD|ADATA|CORE|REACTOR|II|VE,-,-,-,-,-,-,-,-,69379,Fuente Adata Xpg Core Reactor II VE 750W Full Modular 80 Plus Gold ATX 3.0,Xpg,167499.0,EN STOCK,-,-,https://www.mexx.com.ar/productos-rubro/fuentes-de-poder/47223-fuente-adata-xpg-core-reactor-ii-ve-750w-full-modular-80-plus-gold-atx-3.0.html,-,-,-,-,-,-,-,-,-,-,-
solo_mexx,fuentes,fuentes|XPG|850W|80 PLUS GOLD|ADATA|CORE|REACTOR|II|VE,-,-,-,-,-,-,-,-,69382,Fuente Adata Xpg Core Reactor II VE 850W Full Modular 80 Plus Gold ATX 3.1,Xpg,163999.0,EN STOCK,-,-,https://www.mexx.com.ar/productos-rubro/fuentes-de-poder/47222-fuente-adata-xpg-core-reactor-ii-ve-850w-full-modular-80-plus-gold-atx-3.1.html,-,-,-,-,-,-,-,-,-,-,-
solo_mexx,fuentes,fuentes|ASUS|750W|80 PLUS GOLD|TUF|750W|80|GOLD,-,-,-,-,-,-,-,-,69569,Fuente Asus Tuf Gaming 750W 80 Plus Gold,Asus,169649.0,EN STOCK,-,-,https://www.mexx.com.ar/productos-rubro/fuentes-de-poder/50769-fuente-asus-tuf-gaming-750w-80-plus-gold.html,-,-,-,-,-,-,-,-,-,-,-
solo_mexx,fuentes,fuentes|ASUS|1000W|80 PLUS PLATINUM|ROG|STRIX|1000W|80|PLATINUM,-,-,-,-,-,-,-,-,69574,Fuente Asus Rog Strix 1000W 80 Plus Platinum Blanca,Asus,347039.0,EN STOCK,-,-,https://www.mexx.com.ar/productos-rubro/fuentes-de-poder/51218-fuente-asus-rog-strix-1000w-80-plus-platinum-blanca.html,-,-,-,-,-,-,-,-,-,-,-
solo_mexx,fuentes,fuentes|AEROCOOL|600W|80 PLUS BRONZE|CYLON|600W|80|BRONZE,-,-,-,-,-,-,-,-,70209,Fuente Aerocool Cylon 600W Rgb 80 Plus Bronze,Aerocool,83999.0,EN STOCK,-,-,https://www.mexx.com.ar/productos-rubro/fuentes-de-poder/37711-fuente-aerocool-cylon-600w-rgb-80-plus-bronze.html,-,-,-,-,-,-,-,-,-,-,-
solo_mexx,fuentes,fuentes|AEROCOOL|700W|80 PLUS BRONZE|CYLON|700W|80|BRONZE,-,-,-,-,-,-,-,-,70210,Fuente Aerocool Cylon 700W Rgb 80 Plus Bronze,Aerocool,87999.0,EN STOCK,-,-,https://www.mexx.com.ar/productos-rubro/fuentes-de-poder/37712-fuente-aerocool-cylon-700w-rgb-80-plus-bronze.html,-,-,-,-,-,-,-,-,-,-,-
solo_mexx,fuentes,fuentes|AEROCOOL|700W|80 PLUS BRONZE|KCAS|700W|80|BRONZE,-,-,-,-,-,-,-,-,70211,Fuente Aerocool Kcas 700W 80 Plus Bronze,Aerocool,77999.0,EN STOCK,-,-,https://www.mexx.com.ar/productos-rubro/fuentes-de-poder/48061-fuente-aerocool-kcas-700w-80-plus-bronze.html,-,-,-,-,-,-,-,-,-,-,-
solo_mexx,fuentes,fuentes|AEROCOOL|850W|80 PLUS GOLD|DORADO|850W|80|GOLD,-,-,-,-,-,-,-,-,70213,Fuente Aerocool Dorado 850W Rgb 80 Plus Gold,Aerocool,132999.0,EN STOCK,-,-,https://www.mexx.com.ar/productos-rubro/fuentes-de-poder/41523-fuente-aerocool-dorado-850w-rgb-80-plus-gold.html,-,-,-,-,-,-,-,-,-,-,-
solo_mexx,fuentes,fuentes|COOLERMASTER||80 PLUS BRONZE|MASTER|MWE|650|V3|80,-,-,-,-,-,-,-,-,70353,Fuente Cooler Master MWE 650 V3 80 Plus Bronze,Cooler Master,87999.0,EN STOCK,-,-,https://www.mexx.com.ar/productos-rubro/fuentes-de-poder/48235-fuente-cooler-master-mwe-650-v3-80-plus-bronze.html,-,-,-,-,-,-,-,-,-,-,-
solo_mexx,fuentes,fuentes|COOLERMASTER|750W|80 PLUS GOLD|MASTER|750W|V3|80|GOLD,-,-,-,-,-,-,-,-,70363,Fuente Cooler Master 750W V3 80 Plus Gold,Cooler Master,122649.0,EN STOCK,-,-,https://www.mexx.com.ar/productos-rubro/fuentes-de-poder/49940-fuente-cooler-master-750w-v3-80-plus-gold.html,-,-,-,-,-,-,-,-,-,-,-
solo_mexx,fuentes,fuentes|GAMEMAX|600W|80 PLUS BRONZE|VP|600|600W|80|BRONZE,-,-,-,-,-,-,-,-,70375,Fuente Gamemax VP-600 600W 80 Plus Bronze,Gamemax,70999.0,EN STOCK,-,-,https://www.mexx.com.ar/productos-rubro/fuentes-de-poder/48037-fuente-gamemax-vp-600-600w-80-plus-bronze.html,-,-,-,-,-,-,-,-,-,-,-
solo_mexx,fuentes,fuentes|GAMEMAX|850W|80 PLUS BRONZE|GP|850|850W|80|BRONZE,-,-,-,-,-,-,-,-,70383,Fuente Gamemax GP-850 850W 80 Plus Bronze,Gamemax,89829.0,EN STOCK,-,-,https://www.mexx.com.ar/productos-rubro/fuentes-de-poder/49080-fuente-gamemax-gp-850-850w-80-plus-bronze.html,-,-,-,-,-,-,-,-,-,-,-
solo_mexx,fuentes,fuentes|GAMEMAX|650W|80 PLUS GOLD|GX|650|650W|MODULAR|80,-,-,-,-,-,-,-,-,70385,Fuente Gamemax GX-650 650W Modular 80 Plus Gold,Gamemax,90999.0,EN STOCK,-,-,https://www.mexx.com.ar/productos-rubro/fuentes-de-poder/49287-fuente-gamemax-gx-650-650w-modular-80-plus-gold.html,-,-,-,-,-,-,-,-,-,-,-
solo_mexx,fuentes,fuentes|GAMEMAX|750W|80 PLUS GOLD|GX|750|750W|MODULAR|80,-,-,-,-,-,-,-,-,70386,Fuente Gamemax GX-750 750W Modular 80 Plus Gold,Gamemax,115999.0,EN STOCK,-,-,https://www.mexx.com.ar/productos-rubro/fuentes-de-poder/49288-fuente-gamemax-gx-750-750w-modular-80-plus-gold.html,-,-,-,-,-,-,-,-,-,-,-
solo_mexx,fuentes,fuentes|GAMEMAX|1050W|80 PLUS GOLD|GX|1050|1050W|MODULAR|SMART,-,-,-,-,-,-,-,-,70388,Fuente Gamemax GX-1050 1050W Modular Rgb Smart Pro 80 Plus Gold,Gamemax,202999.0,EN STOCK,-,-,https://www.mexx.com.ar/productos-rubro/fuentes-de-poder/49290-fuente-gamemax-gx-1050-1050w-modular-rgb-smart-pro-80-plus-gold.html,-,-,-,-,-,-,-,-,-,-,-
solo_mexx,fuentes,fuentes|GAMEMAX|1050W|80 PLUS PLATINUM|GX|1050|1050W|MODULAR|80,-,-,-,-,-,-,-,-,70389,Fuente Gamemax GX-1050 1050W Modular 80 Plus Platinum,Gamemax,198999.0,EN STOCK,-,-,https://www.mexx.com.ar/productos-rubro/fuentes-de-poder/49291-fuente-gamemax-gx-1050-1050w-modular-80-plus-platinum.html,-,-,-,-,-,-,-,-,-,-,-
solo_mexx,fuentes,fuentes|GAMEMAX|1250W|80 PLUS PLATINUM|GX|1250|1250W|MODULAR|80,-,-,-,-,-,-,-,-,70390,Fuente Gamemax GX-1250 1250W Modular 80 Plus Platinum,Gamemax,230999.0,EN STOCK,-,-,https://www.mexx.com.ar/productos-rubro/fuentes-de-poder/49292-fuente-gamemax-gx-1250-1250w-modular-80-plus-platinum.html,-,-,-,-,-,-,-,-,-,-,-
solo_compragamer,memorias,memorias|16GB|DDR4|2666|,-,-,-,-,-,-,-,-,-,-,-,-,-,-,-,-,-,13639.0,Memoria KingDian DDR4 16GB 2666MHz,KingDian,176230.0,True,-,-,https://compragamer.com/producto/Memoria_KingDian_DDR4_16GB_2666MHz_13639?cate=15,-,-
solo_compragamer,memorias,memorias|16GB|DDR5|5600|CL40,-,-,-,-,-,-,-,-,-,-,-,-,-,-,-,-,-,15467.0,Memoria Kingston DDR5 16GB 5600Mhz Fury Beast CL40 Black,Kingston,393490.0,True,-,-,https://compragamer.com/producto/Memoria_Kingston_DDR5_16GB_5600Mhz_Fury_Beast_CL40_Black_15467?cate=15,-,-
solo_compragamer,memorias,memorias|32GB|DDR5|6000|CL30,-,-,-,-,-,-,-,-,-,-,-,-,-,-,-,-,-,17806.0,Memoria Team DDR5 32GB (2x16GB) 6000MHz T-Force Vulcan Black CL30 Intel XMP / AMD EXPO,Team,880240.0,True,-,-,https://compragamer.com/producto/Memoria_Team_DDR5_32GB_2x16GB_6000MHz_T_Force_Vulcan_Black_CL30_Intel_XMP_AMD_EXPO_17806?cate=15,-,-
solo_compragamer,memorias,memorias|32GB|DDR5|6000|CL36,-,-,-,-,-,-,-,-,-,-,-,-,-,-,-,-,-,18725.0,Memoria Kingston DDR5 32GB (2x16GB) 6000MHz Fury Black RGB CL36 AMD EXPO,Kingston,893300.0,True,-,-,https://compragamer.com/producto/Memoria_Kingston_DDR5_32GB_2x16GB_6000MHz_Fury_Black_RGB_CL36_AMD_EXPO_18725?cate=15,-,-
solo_compragamer,memorias,memorias|32GB|DDR5|6000|CL30,-,-,-,-,-,-,-,-,-,-,-,-,-,-,-,-,-,18728.0,Memoria Kingston DDR5 32GB (2x16GB) 6000MHz Fury Black RGB CL30 AMD EXPO,Kingston,910100.0,True,-,-,https://compragamer.com/producto/Memoria_Kingston_DDR5_32GB_2x16GB_6000MHz_Fury_Black_RGB_CL30_AMD_EXPO_18728?cate=15,-,-
solo_compragamer,memorias,memorias|16GB|DDR5|5600|CL36,-,-,-,-,-,-,-,-,-,-,-,-,-,-,-,-,-,18822.0,Memoria Kingston DDR5 16GB 5600MHz Fury Beast Black RGB CL36,Kingston,399990.0,True,-,-,https://compragamer.com/producto/Memoria_Kingston_DDR5_16GB_5600MHz_Fury_Beast_Black_RGB_CL36_18822?cate=15,-,-
solo_compragamer,memorias,memorias|8GB|DDR4|2666|CL22,-,-,-,-,-,-,-,-,-,-,-,-,-,-,-,-,-,19016.0,Memoria KingDian DDR4 8GB 2666MHz CL22,KingDian,88380.0,True,-,-,https://compragamer.com/producto/Memoria_KingDian_DDR4_8GB_2666MHz_CL22_19016?cate=15,-,-
solo_compragamer,memorias,memorias|32GB|DDR5|6000|CL38,-,-,-,-,-,-,-,-,-,-,-,-,-,-,-,-,-,19028.0,Memoria Corsair DDR5 32GB (2x16GB) 6000MHz Vengeance CL38 AMD EXPO/Intel XMP 3.0,Corsair,819990.0,True,-,-,https://compragamer.com/producto/Memoria_Corsair_DDR5_32GB_2x16GB_6000MHz_Vengeance_CL38_AMD_EXPO_Intel_XMP_3_0_19028?cate=15,-,-
solo_compragamer,memorias,memorias|64GB|DDR5|6000|CL40,-,-,-,-,-,-,-,-,-,-,-,-,-,-,-,-,-,19029.0,Memoria Corsair DDR5 64GB (2x32GB) 6000MHz Vengeance CL40 AMD EXPO/Intel XMP 3.0 Grey,Corsair,1618900.0,True,-,-,https://compragamer.com/producto/Memoria_Corsair_DDR5_64GB_2x32GB_6000MHz_Vengeance_CL40_AMD_EXPO_Intel_XMP_3_0_Grey_19029?cate=15,-,-
solo_compragamer,memorias,memorias|16GB|DDR5|5600|,-,-,-,-,-,-,-,-,-,-,-,-,-,-,-,-,-,19049.0,Memoria Timetec DDR5 16GB 5600MHz,Timetec,343250.0,True,-,-,https://compragamer.com/producto/Memoria_Timetec_DDR5_16GB_5600MHz_19049?cate=15,-,-
solo_compragamer,memorias,memorias|16GB|DDR5|6400|CL32,-,-,-,-,-,-,-,-,-,-,-,-,-,-,-,-,-,19509.0,Memoria Team DDR5 16GB 6400MHz T-Force Delta RGB White CL32,Team,437340.0,True,-,-,https://compragamer.com/producto/Memoria_Team_DDR5_16GB_6400MHz_T_Force_Delta_RGB_White_CL32_19509?cate=15,-,-
solo_compragamer,memorias,memorias|16GB|DDR5|6400|CL38,-,-,-,-,-,-,-,-,-,-,-,-,-,-,-,-,-,19510.0,Memoria Team DDR5 16GB 6400MHz T-Force Delta RGB White CL38,Team,425560.0,True,-,-,https://compragamer.com/producto/Memoria_Team_DDR5_16GB_6400MHz_T_Force_Delta_RGB_White_CL38_19510?cate=15,-,-
solo_compragamer,memorias,memorias|16GB|DDR5|6400|CL32,-,-,-,-,-,-,-,-,-,-,-,-,-,-,-,-,-,19511.0,Memoria Team DDR5 16GB 6400MHz T-Force Vulcan Black CL32,Team,424740.0,True,-,-,https://compragamer.com/producto/Memoria_Team_DDR5_16GB_6400MHz_T_Force_Vulcan_Black_CL32_19511?cate=15,-,-
solo_compragamer,memorias,memorias|16GB|DDR5|6400|CL38,-,-,-,-,-,-,-,-,-,-,-,-,-,-,-,-,-,19512.0,Memoria Team DDR5 16GB 6400MHz T-Force Vulcan Black CL38,Team,418020.0,True,-,-,https://compragamer.com/producto/Memoria_Team_DDR5_16GB_6400MHz_T_Force_Vulcan_Black_CL38_19512?cate=15,-,-
solo_compragamer,memorias,memorias|16GB|DDR5|6000|CL36,-,-,-,-,-,-,-,-,-,-,-,-,-,-,-,-,-,19520.0,Memoria Corsair DDR5 16GB 6000MHz Vengeance CL36 Black Intel XMP 3.0 / AMD EXPO,Corsair,399990.0,True,-,-,https://compragamer.com/producto/Memoria_Corsair_DDR5_16GB_6000MHz_Vengeance_CL36_Black_Intel_XMP_3_0_AMD_EXPO_19520?cate=15,-,-
solo_compragamer,memorias,memorias|16GB|DDR4|2666|CL19,-,-,-,-,-,-,-,-,-,-,-,-,-,-,-,-,-,19525.0,Memoria Crucial DDR4 16GB 2666MHz CL19,Crucial,204080.0,True,-,-,https://compragamer.com/producto/Memoria_Crucial_DDR4_16GB_2666MHz_CL19_19525?cate=15,-,-
solo_compragamer,memorias,memorias|8GB|DDR4|2666|CL19,-,-,-,-,-,-,-,-,-,-,-,-,-,-,-,-,-,19526.0,Memoria Crucial DDR4 8GB 2666MHz CL19,Crucial,122550.0,True,-,-,https://compragamer.com/producto/Memoria_Crucial_DDR4_8GB_2666MHz_CL19_19526?cate=15,-,-
solo_compragamer,memorias,memorias|32GB|DDR5|6000|CL36,-,-,-,-,-,-,-,-,-,-,-,-,-,-,-,-,-,19527.0,Memoria Crucial PRO DDR5 32GB (2x16GB) 6000MHz CL36,Crucial,827620.0,True,-,-,https://compragamer.com/producto/Memoria_Crucial_PRO_DDR5_32GB_2x16GB_6000MHz_CL36_19527?cate=15,-,-
solo_compragamer,memorias,memorias|32GB|DDR5|6000|CL36,-,-,-,-,-,-,-,-,-,-,-,-,-,-,-,-,-,20086.0,Memoria Corsair DDR5 32GB (2x16GB) 6000MHz Vengeance RGB CL36 Black Intel XMP 3.0,Corsair,837010.0,True,-,-,https://compragamer.com/producto/Memoria_Corsair_DDR5_32GB_2x16GB_6000MHz_Vengeance_RGB_CL36_Black_Intel_XMP_3_0_20086?cate=15,-,-
solo_compragamer,memorias,memorias|8GB|DDR5|5600|CL46,-,-,-,-,-,-,-,-,-,-,-,-,-,-,-,-,-,20200.0,Memoria Kingston DDR5 8GB 5600MHz CL46 KVR,Kingston,212640.0,True,-,-,https://compragamer.com/producto/Memoria_Kingston_DDR5_8GB_5600MHz_CL46_KVR_20200?cate=15,-,-
solo_compragamer,memorias,memorias|32GB|DDR5|6000|CL30,-,-,-,-,-,-,-,-,-,-,-,-,-,-,-,-,-,20201.0,Memoria KLEVV DDR5 32GB (2x16GB) 6000MHz FIT V CL30 IC Hynix,KLEVV,786410.0,True,-,-,https://compragamer.com/producto/Memoria_KLEVV_DDR5_32GB_2x16GB_6000MHz_FIT_V_CL30_IC_Hynix_20201?cate=15,-,-
solo_compragamer,memorias,memorias|32GB|DDR5|6000|CL30,-,-,-,-,-,-,-,-,-,-,-,-,-,-,-,-,-,20202.0,Memoria KLEVV DDR5 32GB (2x16GB) 6000MHz FIT V White CL30 IC Hynix,KLEVV,786410.0,True,-,-,https://compragamer.com/producto/Memoria_KLEVV_DDR5_32GB_2x16GB_6000MHz_FIT_V_White_CL30_IC_Hynix_20202?cate=15,-,-
solo_compragamer,memorias,memorias|32GB|DDR5|6400|CL38,-,-,-,-,-,-,-,-,-,-,-,-,-,-,-,-,-,20203.0,Memoria Crucial PRO DDR5 32GB (2x16GB) 6400MHz CL38,Crucial,849900.0,True,-,-,https://compragamer.com/producto/Memoria_Crucial_PRO_DDR5_32GB_2x16GB_6400MHz_CL38_20203?cate=15,-,-
solo_compragamer,memorias,memorias|8GB|DDR5|5200|CL40,-,-,-,-,-,-,-,-,-,-,-,-,-,-,-,-,-,20215.0,Memoria Kingston DDR5 8GB 5200MHz Fury Beast CL40,Kingston,219900.0,True,-,-,https://compragamer.com/producto/Memoria_Kingston_DDR5_8GB_5200MHz_Fury_Beast_CL40_20215?cate=15,-,-
solo_compragamer,memorias,memorias|8GB|DDR4|3200|CL19,-,-,-,-,-,-,-,-,-,-,-,-,-,-,-,-,-,20242.0,Memoria Mancer DDR4 8GB 3200MHz Astrion Black CL19 BULK,Mancer,115600.0,True,-,-,https://compragamer.com/producto/Memoria_Mancer_DDR4_8GB_3200MHz_Astrion_Black_CL19_BULK_20242?cate=15,-,-
solo_compragamer,memorias,memorias|16GB|DDR4|3200|CL19,-,-,-,-,-,-,-,-,-,-,-,-,-,-,-,-,-,20243.0,Memoria Mancer DDR4 16GB 3200MHz Astrion Black CL19 BULK,Mancer,199990.0,True,-,-,https://compragamer.com/producto/Memoria_Mancer_DDR4_16GB_3200MHz_Astrion_Black_CL19_BULK_20243?cate=15,-,-
solo_compragamer,memorias,memorias|64GB|DDR5|5600|CL40,-,-,-,-,-,-,-,-,-,-,-,-,-,-,-,-,-,20298.0,Memoria Kingston DDR5 64GB (2x32GB) 5600MHz Fury Beast Black RGB CL40,Kingston,1310600.0,True,-,-,https://compragamer.com/producto/Memoria_Kingston_DDR5_64GB_2x32GB_5600MHz_Fury_Beast_Black_RGB_CL40_20298?cate=15,-,-
solo_compragamer,memorias,memorias|32GB|DDR5|6400|CL32,-,-,-,-,-,-,-,-,-,-,-,-,-,-,-,-,-,20299.0,Memoria Crucial PRO DDR5 32GB (2x16GB) 6400MHz CL32,Crucial,846150.0,True,-,-,https://compragamer.com/producto/Memoria_Crucial_PRO_DDR5_32GB_2x16GB_6400MHz_CL32_20299?cate=15,-,-
solo_distribuidor,memorias,memorias|32GB|DDR5||CL36,MEMORIAS,121677,VEUR532G6036K,MEMORIA PATRIOT DDR5 VIPER ELITE 5 ULTRA RGB DDR5 32GB CL36 BLACK HS KIT PE001162,PATRIOT                                           ,976088.62,7.0,-,-,-,-,-,-,-,-,-,-,-,-,-,-,-,-,-,-,-,-
solo_distribuidor,memorias,memorias|16GB|DDR5|6000|CL38,MEMORIAS,121156,NTSWD5P60SP-16W,MEMORIA NETAC SHADOW II DDR5 6000 16GB C38 WHITE,NETAC ,367056.42,10.0,-,-,-,-,-,-,-,-,-,-,-,-,-,-,-,-,-,-,-,-
solo_distribuidor,memorias,memorias|16GB|DDR5|6000|CL38,MEMORIAS,121155,NTSWD5P60SP-16K,MEMORIA NETAC SHADOW II DDR5 6000 16GB C38 BLACK,NETAC ,367056.42,10.0,-,-,-,-,-,-,-,-,-,-,-,-,-,-,-,-,-,-,-,-
solo_distribuidor,memorias,memorias|16GB|DDR5|6000|CL48,MEMORIAS,121573,AX5U6000C4816G-SLABRBK,MEMORIA XPG DDR5 RGB 16GB C48 6000 BLACK,ADATA,384332.11,4.0,-,-,-,-,-,-,-,-,-,-,-,-,-,-,-,-,-,-,-,-
solo_distribuidor,memorias,memorias|16GB|DDR5|6000|CL38,MEMORIAS,122621,NTSHD5P60SP-16KC,MEMORIA NETAC SHADOW III DDR5 6000 16GB C38 BLACK,NETAC ,366122.99,10.0,-,-,-,-,-,-,-,-,-,-,-,-,-,-,-,-,-,-,-,-
solo_distribuidor,memorias,memorias|8GB|DDR4|3200|CL16,MEMORIAS,122625,NTSHD4P32SP-08W,MEMORIA NETAC SHADOW III DDR4 3200 8GB C16 WHITE,NETAC ,119949.89,10.0,-,-,-,-,-,-,-,-,-,-,-,-,-,-,-,-,-,-,-,-
solo_distribuidor,memorias,memorias||DDR4|3600|,MEMORIAS,104291,F4-3600C18D-16GTRG,MEMORIA GSKILL TRIDENT Z ROYAL DDR4 16 GB 3600 RGB GOLD 2X8 1.35,G.SKILL                                           ,321859.33,10.0,-,-,-,-,-,-,-,-,-,-,-,-,-,-,-,-,-,-,-,-
solo_distribuidor,memorias,memorias|32GB|DDR5||CL32,MEMORIAS,120637,PVX532G70C32K,MEMORIA PATRIOT VIPER XTREME 5 DDR5 32GB 7000MT/S CL32 BLK HS DUAL KIT PE001039,PATRIOT                                           ,1335014.31,10.0,-,-,-,-,-,-,-,-,-,-,-,-,-,-,-,-,-,-,-,-
solo_distribuidor,memorias,memorias|16GB|DDR4|3200|CL18,MEMORIAS,116344,PVE2416G320C8,MEMORIA PATRIOT DDR4 VIPER ELITE 2 16GB 3200 MHZ CL18 RED/BLK PE000829,PATRIOT                                           ,268566.78,10.0,-,-,-,-,-,-,-,-,-,-,-,-,-,-,-,-,-,-,-,-
solo_distribuidor,memorias,memorias|8GB|DDR4|3200|CL18,MEMORIAS,116345,PVE248G320C8,MEMORIA PATRIOT DDR4 VIPER ELITE 2 8GB 3200 MHZ CL18 RED/BLK PE000830,PATRIOT                                           ,134244.34,2.0,-,-,-,-,-,-,-,-,-,-,-,-,-,-,-,-,-,-,-,-
solo_distribuidor,memorias,memorias|8GB|DDR4|3200|CL16,MEMORIAS,116370,NTSDD4P32SP-08R,MEMORIA NETAC SHADOW DDR4 3200 8GB C16 RED,NETAC ,124356.01,4.0,-,-,-,-,-,-,-,-,-,-,-,-,-,-,-,-,-,-,-,-
solo_distribuidor,memorias,memorias|8GB|DDR4|3200|CL16,MEMORIAS,116373,NTSDD4P32SP-08B,MEMORIA NETAC SHADOW DDR4 3200 8GB C16 BLUE,NETAC ,124356.01,5.0,-,-,-,-,-,-,-,-,-,-,-,-,-,-,-,-,-,-,-,-
solo_distribuidor,memorias,memorias|8GB|DDR4|3200|CL16,MEMORIAS,116376,NTSDD4P32SP-08Y,MEMORIA NETAC SHADOW DDR4 3200 8GB C16 GOLD YELLOW,NETAC ,124356.01,4.0,-,-,-,-,-,-,-,-,-,-,-,-,-,-,-,-,-,-,-,-
solo_distribuidor,memorias,memorias|8GB|DDR4|3200|CL16,MEMORIAS,116794,NTBSD4P32SP-08,MEMORIA NETAC BASIC DDR4 DIMM 8GB 3200 C16,NETAC ,121513.18,4.0,-,-,-,-,-,-,-,-,-,-,-,-,-,-,-,-,-,-,-,-
solo_distribuidor,memorias,memorias||DDR4|3200|,MEMORIAS,117957,PSD416G32002S,MEMORIA PATRIOT SIGNATURE LINE SODIMM DDR4 16 GB 3200 MHZ PS001570,PATRIOT                                           ,220554.89,10.0,-,-,-,-,-,-,-,-,-,-,-,-,-,-,-,-,-,-,-,-
solo_distribuidor,memorias,memorias|32GB|DDR5|6000|CL42,MEMORIAS,118928,PVER532G60C42W,MEMORIA PATRIOT DDR5 VIPER ELITE 5 32GB 6000 MHZ RGB CL42 WHITE SINGLE PE000940,PATRIOT                                           ,789550.67,10.0,-,-,-,-,-,-,-,-,-,-,-,-,-,-,-,-,-,-,-,-
solo_mexx,memorias,memorias|8GB|DDR4|3200|,-,-,-,-,-,-,-,-,27492,Memoria Ram DDR4 - 8Gb 3200 Mhz Kingston Value,Kingston,156909.0,EN STOCK,-,-,https://www.mexx.com.ar/productos-rubro/memorias-ram/50348-memoria-ram-ddr4-8gb-3200-mhz-kingston-value.html,-,-,-,-,-,-,-,-,-,-,-
solo_mexx,memorias,memorias|8GB|DDR4|3200|,-,-,-,-,-,-,-,-,27493,Memoria Ram DDR4 - 8Gb 3200 Mhz Hiksemi Armor,Hiksemi,125999.0,EN STOCK,-,-,https://www.mexx.com.ar/productos-rubro/memorias-ram/50243-memoria-ram-ddr4-8gb-3200-mhz-hiksemi-armor.html,-,-,-,-,-,-,-,-,-,-,-
solo_mexx,memorias,memorias|8GB|DDR4|3200|,-,-,-,-,-,-,-,-,27503,Memoria Ram DDR4 - 8Gb 3200 Mhz Aimerican Telekinesis Value,Aimerican,154669.0,EN STOCK,-,-,https://www.mexx.com.ar/productos-rubro/memorias-ram/49383-memoria-ram-ddr4-8gb-3200-mhz-aimerican-telekinesis-value.html,-,-,-,-,-,-,-,-,-,-,-
solo_mexx,memorias,memorias|8GB|DDR4|3200|,-,-,-,-,-,-,-,-,27508,Memoria Ram DDR4 - 8Gb 3200 Mhz XPG D35G Rgb Negro,Xpg,199999.0,EN STOCK,-,-,https://www.mexx.com.ar/productos-rubro/memorias-ram/47427-memoria-ram-ddr4-8gb-3200-mhz-xpg-d35g-rgb-negro.html,-,-,-,-,-,-,-,-,-,-,-
solo_mexx,memorias,memorias|8GB|DDR4|3200|,-,-,-,-,-,-,-,-,27510,Memoria Ram DDR4 - 8Gb 3200 Mhz XPG D35 Negro,Xpg,189999.0,EN STOCK,-,-,https://www.mexx.com.ar/productos-rubro/memorias-ram/50477-memoria-ram-ddr4-8gb-3200-mhz-xpg-d35-negro.html,-,-,-,-,-,-,-,-,-,-,-
solo_mexx,memorias,memorias|8GB|DDR4|3200|,-,-,-,-,-,-,-,-,27515,Memoria Ram DDR4 - 8Gb 3200 Mhz Kingston Fury Beast Rgb,Kingston Fury,155999.0,EN STOCK,-,-,https://www.mexx.com.ar/productos-rubro/memorias-ram/40456-memoria-ram-ddr4-8gb-3200-mhz-kingston-fury-beast-rgb.html,-,-,-,-,-,-,-,-,-,-,-
solo_mexx,memorias,memorias|8GB|DDR4|3200|,-,-,-,-,-,-,-,-,27517,Memoria Ram DDR4 - 8Gb 3200 Mhz Corsair Vengeance RS Rgb Negro,Corsair,144919.0,EN STOCK,-,-,https://www.mexx.com.ar/productos-rubro/memorias-ram/40886-memoria-ram-ddr4-8gb-3200-mhz-corsair-vengeance-rs-rgb-negro.html,-,-,-,-,-,-,-,-,-,-,-
solo_mexx,memorias,memorias|8GB|DDR4|3200|,-,-,-,-,-,-,-,-,27518,Memoria Ram DDR4 - 8Gb 3200 Mhz Lexar,Lexar,149999.0,EN STOCK,-,-,https://www.mexx.com.ar/productos-rubro/memorias-ram/47410-memoria-ram-ddr4-8gb-3200-mhz-lexar.html,-,-,-,-,-,-,-,-,-,-,-
solo_mexx,memorias,memorias|16GB|DDR4|3200|,-,-,-,-,-,-,-,-,27759,Memoria Ram DDR4 - 16Gb 3200 Mhz Kingston Value,Kingston,380999.0,EN STOCK,-,-,https://www.mexx.com.ar/productos-rubro/memorias-ram/50473-memoria-ram-ddr4-16gb-3200-mhz-kingston-value.html,-,-,-,-,-,-,-,-,-,-,-
solo_mexx,memorias,memorias|16GB|DDR4|3200|,-,-,-,-,-,-,-,-,27765,Memoria Ram DDR4 - 16Gb 3200 Mhz Corsair Vengeance Rs Rgb Negro,Corsair,260069.0,EN STOCK,-,-,https://www.mexx.com.ar/productos-rubro/memorias-ram/40891-memoria-ram-ddr4-16gb-3200-mhz-corsair-vengeance-rs-rgb-negro.html,-,-,-,-,-,-,-,-,-,-,-
solo_mexx,memorias,memorias|16GB|DDR4|3200|,-,-,-,-,-,-,-,-,27774,Memoria Ram DDR4 - 16Gb 3200 Mhz Xpg D35 Negro,Xpg,290999.0,EN STOCK,-,-,https://www.mexx.com.ar/productos-rubro/memorias-ram/48033-memoria-ram-ddr4-16gb-3200-mhz-xpg-d35-negro.html,-,-,-,-,-,-,-,-,-,-,-
solo_mexx,memorias,memorias|16GB|DDR4|3200|,-,-,-,-,-,-,-,-,27777,Memoria Ram DDR4 - 16Gb 3200 Mhz Patriot Value,Patriot,229999.0,EN STOCK,-,-,https://www.mexx.com.ar/productos-rubro/memorias-ram/50902-memoria-ram-ddr4-16gb-3200-mhz-patriot-value.html,-,-,-,-,-,-,-,-,-,-,-
solo_mexx,memorias,memorias|16GB|DDR4|3600|,-,-,-,-,-,-,-,-,27789,Memoria Ram DDR4 - 16Gb 3600 Mhz Kingston Fury Beast,Kingston Fury,380999.0,EN STOCK,-,-,https://www.mexx.com.ar/productos-rubro/memorias-ram/42711-memoria-ram-ddr4-16gb-3600-mhz-kingston-fury-beast.html,-,-,-,-,-,-,-,-,-,-,-
solo_mexx,memorias,memorias|16GB|DDR4|3600|,-,-,-,-,-,-,-,-,27792,Memoria Ram DDR4 - 16Gb 3600 Mhz Kingston Fury Renegade,Kingston Fury,320999.0,EN STOCK,-,-,https://www.mexx.com.ar/productos-rubro/memorias-ram/49389-memoria-ram-ddr4-16gb-3600-mhz-kingston-fury-renegade.html,-,-,-,-,-,-,-,-,-,-,-
solo_mexx,memorias,memorias|32GB|DDR4|3200|,-,-,-,-,-,-,-,-,28504,Memoria Ram DDR4 - 32Gb 3200 Mhz Lexar,Lexar,485999.0,EN STOCK,-,-,https://www.mexx.com.ar/productos-rubro/memorias-ram/48890-memoria-ram-ddr4-32gb-3200-mhz-lexar.html,-,-,-,-,-,-,-,-,-,-,-
solo_mexx,memorias,memorias|32GB|DDR4|3600|,-,-,-,-,-,-,-,-,28509,Memoria Ram DDR4 - 32Gb 3600 Mhz Kingston Fury Beast,Kingston Fury,588839.0,EN STOCK,-,-,https://www.mexx.com.ar/productos-rubro/memorias-ram/48491-memoria-ram-ddr4-32gb-3600-mhz-kingston-fury-beast.html,-,-,-,-,-,-,-,-,-,-,-
solo_mexx,memorias,memorias|8GB|DDR5|5600|,-,-,-,-,-,-,-,-,28523,Memoria Ram DDR5 - 8Gb 5600 Mhz Adata,Adata,204999.0,EN STOCK,-,-,https://www.mexx.com.ar/productos-rubro/memorias-ram/50738-memoria-ram-ddr5-8gb-5600-mhz-adata.html,-,-,-,-,-,-,-,-,-,-,-
solo_mexx,memorias,memorias|8GB|DDR5|5600|,-,-,-,-,-,-,-,-,28532,Memoria Ram DDR5 - 8Gb 5600 Mhz Kingston Value,Kingston,240999.0,EN STOCK,-,-,https://www.mexx.com.ar/productos-rubro/memorias-ram/48643-memoria-ram-ddr5-8gb-5600-mhz-kingston-value.html,-,-,-,-,-,-,-,-,-,-,-
solo_mexx,memorias,memorias|8GB|DDR5|6000|,-,-,-,-,-,-,-,-,28534,Memoria Ram DDR5 - 8Gb 6000 Mhz Kingston Fury Beast,Kingston Fury,299999.0,EN STOCK,-,-,https://www.mexx.com.ar/productos-rubro/memorias-ram/50172-memoria-ram-ddr5-8gb-6000-mhz-kingston-fury-beast.html,-,-,-,-,-,-,-,-,-,-,-
solo_mexx,memorias,memorias|16GB|DDR5|5600|,-,-,-,-,-,-,-,-,28545,Memoria Ram DDR5 - 16Gb 5600 Mhz Hiksemi,Hiksemi,499999.0,EN STOCK,-,-,https://www.mexx.com.ar/productos-rubro/memorias-ram/50550-memoria-ram-ddr5-16gb-5600-mhz-hiksemi.html,-,-,-,-,-,-,-,-,-,-,-
solo_mexx,memorias,memorias|16GB|DDR5|5600|,-,-,-,-,-,-,-,-,28550,Memoria Ram DDR5 - 16Gb 5600 Mhz Kingston Fury Beast Rgb,Kingston Fury,599999.0,EN STOCK,-,-,https://www.mexx.com.ar/productos-rubro/memorias-ram/48227-memoria-ram-ddr5-16gb-5600-mhz-kingston-fury-beast-rgb.html,-,-,-,-,-,-,-,-,-,-,-
solo_mexx,memorias,memorias|16GB|DDR5|6000|,-,-,-,-,-,-,-,-,28563,Memoria Ram DDR5 - 16Gb 6000 Mhz Xpg Lancer Blade Rgb,Xpg,609999.0,EN STOCK,-,-,https://www.mexx.com.ar/productos-rubro/memorias-ram/48722-memoria-ram-ddr5-16gb-6000-mhz-xpg-lancer-blade-rgb.html,-,-,-,-,-,-,-,-,-,-,-
solo_mexx,memorias,memorias|16GB|DDR5|6000|,-,-,-,-,-,-,-,-,28569,Memoria Ram DDR5 - 16Gb 6000 Mhz Corsair Vengeance Rgb,Corsair,659329.0,EN STOCK,-,-,https://www.mexx.com.ar/productos-rubro/memorias-ram/50382-memoria-ram-ddr5-16gb-6000-mhz-corsair-vengeance-rgb.html,-,-,-,-,-,-,-,-,-,-,-
solo_mexx,memorias,memorias|8GB|DDR4|3200|,-,-,-,-,-,-,-,-,29123,Memoria Ram SODIMM DDR4 - 8Gb 3200 Mhz Lexar Value,Lexar,120999.0,EN STOCK,-,-,https://www.mexx.com.ar/productos-rubro/memorias-ram/43525-memoria-ram-sodimm-ddr4-8gb-3200-mhz-lexar-value.html,-,-,-,-,-,-,-,-,-,-,-
solo_mexx,memorias,memorias|8GB|DDR4|3200|,-,-,-,-,-,-,-,-,29136,Memoria Ram SODIMM DDR4 8Gb 3200 Mhz Patriot,Patriot,149999.0,EN STOCK,-,-,https://www.mexx.com.ar/productos-rubro/memorias-ram/50966-memoria-ram-sodimm-ddr4-8gb-3200-mhz-patriot.html,-,-,-,-,-,-,-,-,-,-,-
solo_mexx,memorias,memorias|32GB|DDR4|3200|,-,-,-,-,-,-,-,-,29226,Memoria Ram SODIMM DDR4 - 32Gb 3200 Mhz Adata,Adata,550999.0,EN STOCK,-,-,https://www.mexx.com.ar/productos-rubro/memorias-ram/47548-memoria-ram-sodimm-ddr4-32gb-3200-mhz-adata.html,-,-,-,-,-,-,-,-,-,-,-
solo_mexx,memorias,memorias|8GB|DDR5|5600|,-,-,-,-,-,-,-,-,29231,Memoria Ram SODIMM DDR5 - 8Gb 5600 Mhz Kingston,Kingston,280999.0,EN STOCK,-,-,https://www.mexx.com.ar/productos-rubro/memorias-ram/50640-memoria-ram-sodimm-ddr5-8gb-5600-mhz-kingston.html,-,-,-,-,-,-,-,-,-,-,-
solo_mexx,memorias,memorias|8GB|DDR5|5600|,-,-,-,-,-,-,-,-,29235,Memoria Ram SODIMM DDR5 - 8Gb 5600 Mhz Hiksemi,Hiksemi,210999.0,EN STOCK,-,-,https://www.mexx.com.ar/productos-rubro/memorias-ram/50641-memoria-ram-sodimm-ddr5-8gb-5600-mhz-hiksemi.html,-,-,-,-,-,-,-,-,-,-,-
solo_mexx,memorias,memorias|16GB|DDR5|5600|,-,-,-,-,-,-,-,-,29236,Memoria Ram SODIMM DDR5 - 16Gb 5600 Mhz Lexar,Lexar,720999.0,EN STOCK,-,-,https://www.mexx.com.ar/productos-rubro/memorias-ram/50733-memoria-ram-sodimm-ddr5-16gb-5600-mhz-lexar.html,-,-,-,-,-,-,-,-,-,-,-
solo_mexx,memorias,memorias|16GB|DDR5|5600|,-,-,-,-,-,-,-,-,29252,Memoria Ram SODIMM DDR5 - 16Gb 5600 Mhz Hiksemi,Hiksemi,379999.0,EN STOCK,-,-,https://www.mexx.com.ar/productos-rubro/memorias-ram/50652-memoria-ram-sodimm-ddr5-16gb-5600-mhz-hiksemi.html,-,-,-,-,-,-,-,-,-,-,-
solo_mexx,memorias,memorias|16GB|DDR5|5600|,-,-,-,-,-,-,-,-,29253,Memoria Ram SODIMM DDR5 - 16Gb 5600 Mhz Patriot,Patriot,399999.0,EN STOCK,-,-,https://www.mexx.com.ar/productos-rubro/memorias-ram/50967-memoria-ram-sodimm-ddr5-16gb-5600-mhz-patriot.html,-,-,-,-,-,-,-,-,-,-,-
solo_compragamer,monitores,monitores|VIEWSONIC|24|180HZ|VX2428A|24|FHD|IPS|180HZ|FREESYNC,-,-,-,-,-,-,-,-,-,-,-,-,-,-,-,-,-,15831.0,"Monitor Gamer ViewSonic VX2428A 24"" FHD IPS 180Hz FreeSync Premium",Viewsonic,226350.0,True,-,-,https://compragamer.com/producto/Monitor_Gamer_ViewSonic_VX2428A_24_FHD_IPS_180Hz_FreeSync_Premium_15831?cate=5,-,-
solo_compragamer,monitores,monitores|ACER|23|180HZ|NITRO|23|KG241Y|FHD|VA|180HZ,-,-,-,-,-,-,-,-,-,-,-,-,-,-,-,-,-,15869.0,"Monitor Gamer Acer Nitro 23.8"" KG241Y FHD VA 180Hz 1ms AMD FreeSync Premium",Acer,242350.0,True,-,-,https://compragamer.com/producto/Monitor_Gamer_Acer_Nitro_23_8_KG241Y_FHD_VA_180Hz_1ms_AMD_FreeSync_Premium_15869?cate=5,-,-
solo_compragamer,monitores,monitores|ACER|27|180HZ|NITRO|27|KG271|M3|FHD|IPS,-,-,-,-,-,-,-,-,-,-,-,-,-,-,-,-,-,15870.0,"Monitor Gamer Acer Nitro 27"" KG271 M3 FHD IPS 180Hz 0.5ms AMD FreeSync Premium",Acer,272500.0,True,-,-,https://compragamer.com/producto/Monitor_Gamer_Acer_Nitro_27_KG271_M3_FHD_IPS_180Hz_0_5ms_AMD_FreeSync_Premium_15870?cate=5,-,-
solo_compragamer,monitores,monitores|VIEWSONIC|32|180HZ|VX3218C|2K|32|CURVO|1500R|QHD,-,-,-,-,-,-,-,-,-,-,-,-,-,-,-,-,-,16213.0,"Monitor Gamer ViewSonic VX3218C-2K 32"" Curvo 1500R QHD 1440p VA 180Hz 1ms MPRT FreeSync Premium",Viewsonic,521300.0,True,-,-,https://compragamer.com/producto/Monitor_Gamer_ViewSonic_VX3218C_2K_32_Curvo_1500R_QHD_1440p_VA_180Hz_1ms_MPRT_FreeSync_Premium_16213?cate=5,-,-
solo_compragamer,monitores,monitores|ASROCK|31|165HZ|PHANTOM|PG32QF2B|31|VA|QHD|1440P,-,-,-,-,-,-,-,-,-,-,-,-,-,-,-,-,-,16243.0,"Monitor Gamer AsRock Phantom PG32QF2B 31.5"" VA QHD 1440p 165Hz FreeSync Antena WiFi Integrada",Asrock,579450.0,True,-,-,https://compragamer.com/producto/Monitor_Gamer_AsRock_Phantom_PG32QF2B_31_5_VA_QHD_1440p_165Hz_FreeSync_Antena_WiFi_Integrada_16243?cate=5,-,-
solo_compragamer,monitores,monitores|ASUS|22|100HZ|VY229HF|22|FHD|IPS|100HZ,-,-,-,-,-,-,-,-,-,-,-,-,-,-,-,-,-,16497.0,"Monitor Gamer ASUS VY229HF-J 22"" FHD IPS 100Hz",Asus,151800.0,True,-,-,https://compragamer.com/producto/Monitor_Gamer_ASUS_VY229HF_J_22_FHD_IPS_100Hz_16497?cate=5,-,-
solo_compragamer,monitores,monitores|ASUS|24|180HZ|TUF|VG249QL3A|24|FHD|IPS|180HZ,-,-,-,-,-,-,-,-,-,-,-,-,-,-,-,-,-,16500.0,"Monitor Gamer ASUS TUF VG249QL3A-J 24"" FHD IPS 180Hz Freesync Premium G-SYNC Compatible",Asus,254050.0,True,-,-,https://compragamer.com/producto/Monitor_Gamer_ASUS_TUF_VG249QL3A_J_24_FHD_IPS_180Hz_Freesync_Premium_G_SYNC_Compatible_16500?cate=5,-,-
solo_compragamer,monitores,monitores|ASUS|27|180HZ|TUF|VG279Q3A|27|FHD|IPS|180HZ,-,-,-,-,-,-,-,-,-,-,-,-,-,-,-,-,-,16501.0,"Monitor Gamer ASUS TUF VG279Q3A-J 27"" FHD IPS 180Hz Freesync Premium G-SYNC Compatible",Asus,319150.0,True,-,-,https://compragamer.com/producto/Monitor_Gamer_ASUS_TUF_VG279Q3A_J_27_FHD_IPS_180Hz_Freesync_Premium_G_SYNC_Compatible_16501?cate=5,-,-
solo_compragamer,monitores,monitores|ACER|27|160HZ|NITRO|XV273K|V3|27|4K|UHD,-,-,-,-,-,-,-,-,-,-,-,-,-,-,-,-,-,16904.0,"Monitor Gamer Acer Nitro XV273K V3 27"" 4K UHD IPS 160Hz 0.5ms AMD Freesync Premium Speakers",Acer,873800.0,True,-,-,https://compragamer.com/producto/Monitor_Gamer_Acer_Nitro_XV273K_V3_27_4K_UHD_IPS_160Hz_0_5ms_AMD_Freesync_Premium_Speakers_16904?cate=5,-,-
solo_compragamer,monitores,monitores|GIGABYTE|31|165HZ|GS32Q|31|QHD|IPS|165HZ|OC,-,-,-,-,-,-,-,-,-,-,-,-,-,-,-,-,-,17216.0,"Monitor Gamer Gigabyte GS32Q 31.5"" QHD IPS 165Hz (OC 170HZ) 1ms FreeSync Premium",Gigabyte,587950.0,True,-,-,https://compragamer.com/producto/Monitor_Gamer_Gigabyte_GS32Q_31_5_QHD_IPS_165Hz_OC_170HZ_1ms_FreeSync_Premium_17216?cate=5,-,-
solo_compragamer,monitores,monitores|KTC|27|180HZ|27GR951|27|FHD|FAST|IPS|180HZ,-,-,-,-,-,-,-,-,-,-,-,-,-,-,-,-,-,17253.0,"Monitor Gamer KTC 27GR951 27"" FHD Fast IPS 180Hz  FreeSync Premium G-SYNC Compatible",KTC,228350.0,True,-,-,https://compragamer.com/producto/Monitor_Gamer_KTC_27GR951_27_FHD_Fast_IPS_180Hz_FreeSync_Premium_G_SYNC_Compatible_17253?cate=5,-,-
solo_compragamer,monitores,monitores|KTC|27|180HZ|27SG850|27|CURVO|1500R|QHD|1440P,-,-,-,-,-,-,-,-,-,-,-,-,-,-,-,-,-,17255.0,"Monitor Gamer KTC 27SG850 27"" Curvo 1500R QHD 1440p HVA 180Hz Freesync Premium G-Sync Compatible",KTC,303050.0,True,-,-,https://compragamer.com/producto/Monitor_Gamer_KTC_27SG850_27_Curvo_1500R_QHD_1440p_HVA_180Hz_Freesync_Premium_G_Sync_Compatible_17255?cate=5,-,-
solo_compragamer,monitores,monitores|LG|24|75HZ|24BR550Y|24|IPS|FHD|75HZ|PARLANTES,-,-,-,-,-,-,-,-,-,-,-,-,-,-,-,-,-,17340.0,"Monitor LG 24BR550Y 24"" IPS FHD 75Hz parlantes integrados",LG,443200.0,True,-,-,https://compragamer.com/producto/Monitor_LG_24BR550Y_24_IPS_FHD_75Hz_parlantes_integrados_17340?cate=5,-,-
solo_compragamer,monitores,monitores|ACER|23|200HZ|NITRO|KG241Y|X1BIIP|23|FHD|IPS,-,-,-,-,-,-,-,-,-,-,-,-,-,-,-,-,-,17817.0,"Monitor Gamer Acer Nitro KG241Y X1biip 23.8"" FHD IPS 200Hz Freesync",Acer,237050.0,True,-,-,https://compragamer.com/producto/Monitor_Gamer_Acer_Nitro_KG241Y_X1biip_23_8_FHD_IPS_200Hz_Freesync_17817?cate=5,-,-
solo_compragamer,monitores,monitores|ACER|27|200HZ|NITRO|KG271|X1BIIP|27|FHD|IPS,-,-,-,-,-,-,-,-,-,-,-,-,-,-,-,-,-,17818.0,"Monitor Gamer Acer Nitro KG271 X1biip 27"" FHD IPS 200Hz Freesync",Acer,283550.0,True,-,-,https://compragamer.com/producto/Monitor_Gamer_Acer_Nitro_KG271_X1biip_27_FHD_IPS_200Hz_Freesync_17818?cate=5,-,-
solo_compragamer,monitores,monitores|ACER|27|180HZ|NITRO|KG271U|N3BIIP|27|QHD|IPS,-,-,-,-,-,-,-,-,-,-,-,-,-,-,-,-,-,17819.0,"Monitor Gamer Acer Nitro KG271U N3biip 27"" QHD IPS 180Hz 0.5ms AMD FreeSync",Acer,380000.0,True,-,-,https://compragamer.com/producto/Monitor_Gamer_Acer_Nitro_KG271U_N3biip_27_QHD_IPS_180Hz_0_5ms_AMD_FreeSync_17819?cate=5,-,-
solo_compragamer,monitores,monitores|ACER|34|200HZ|NITRO|ED340CUR|34|WQHD|1440P|VA,-,-,-,-,-,-,-,-,-,-,-,-,-,-,-,-,-,17821.0,"Monitor Gamer Acer Nitro ED340CUR 34"" WQHD 1440p VA 200Hz 1ms Freesync",Acer,730500.0,True,-,-,https://compragamer.com/producto/Monitor_Gamer_Acer_Nitro_ED340CUR_34_WQHD_1440p_VA_200Hz_1ms_Freesync_17821?cate=5,-,-
solo_compragamer,monitores,monitores|ASROCK|27|180HZ|PHANTOM|PG27FFT1A|27|FHD|IPS|180HZ,-,-,-,-,-,-,-,-,-,-,-,-,-,-,-,-,-,18136.0,"Monitor Gamer AsRock Phantom PG27FFT1A 27"" FHD IPS 180Hz FreeSync",Asrock,260600.0,True,-,-,https://compragamer.com/producto/Monitor_Gamer_AsRock_Phantom_PG27FFT1A_27_FHD_IPS_180Hz_FreeSync_18136?cate=5,-,-
solo_compragamer,monitores,monitores|ASROCK|24|120HZ|CHALLENGER|CL25FFA|24|IPS|FHD|120HZ,-,-,-,-,-,-,-,-,-,-,-,-,-,-,-,-,-,18178.0,"Monitor Gamer AsRock Challenger CL25FFA 24.5"" IPS FHD 120Hz Flicker Free Technology",Asrock,171550.0,True,-,-,https://compragamer.com/producto/Monitor_Gamer_AsRock_Challenger_CL25FFA_24_5_IPS_FHD_120Hz_Flicker_Free_Technology_18178?cate=5,-,-
solo_compragamer,monitores,monitores|ASROCK|27|120HZ|CHALLENGER|CL27FFA|27|IPS|FHD|120HZ,-,-,-,-,-,-,-,-,-,-,-,-,-,-,-,-,-,18179.0,"Monitor Gamer AsRock Challenger CL27FFA 27"" IPS FHD 120Hz Flicker Free Technology",Asrock,193300.0,True,-,-,https://compragamer.com/producto/Monitor_Gamer_AsRock_Challenger_CL27FFA_27_IPS_FHD_120Hz_Flicker_Free_Technology_18179?cate=5,-,-
solo_compragamer,monitores,monitores|VIEWSONIC|24|200HZ|VX2429|24|1080P|IPS|200HZ|FREESYNC,-,-,-,-,-,-,-,-,-,-,-,-,-,-,-,-,-,18328.0,"Monitor Gamer ViewSonic VX2429 24"" 1080p IPS 200Hz FreeSync Premium",Viewsonic,216900.0,True,-,-,https://compragamer.com/producto/Monitor_Gamer_ViewSonic_VX2429_24_1080p_IPS_200Hz_FreeSync_Premium_18328?cate=5,-,-
solo_compragamer,monitores,monitores|VIEWSONIC|27|200HZ|VX2729|27|1080P|IPS|200HZ|FREESYNC,-,-,-,-,-,-,-,-,-,-,-,-,-,-,-,-,-,18329.0,"Monitor Gamer ViewSonic VX2729 27"" 1080p IPS 200Hz FreeSync Premium",Viewsonic,259150.0,True,-,-,https://compragamer.com/producto/Monitor_Gamer_ViewSonic_VX2729_27_1080p_IPS_200Hz_FreeSync_Premium_18329?cate=5,-,-
solo_compragamer,monitores,monitores|VIEWSONIC|27|180HZ|VX2718|2KPC|MHD|27|CURVO|QHD,-,-,-,-,-,-,-,-,-,-,-,-,-,-,-,-,-,18330.0,"Monitor Gamer ViewSonic VX2718-2KPC-MHD 27"" Curvo QHD 1440p VA 180Hz 1500R FreeSync Premium Pro Parlantes Internos",Viewsonic,381250.0,True,-,-,https://compragamer.com/producto/Monitor_Gamer_ViewSonic_VX2718_2KPC_MHD_27_Curvo_QHD_1440p_VA_180Hz_1500R_FreeSync_Premium_Pro_Parlantes_Internos_18330?cate=5,-,-
solo_compragamer,monitores,monitores|ASUS|27|160HZ|ROG|STRIX|XG27UCS|27|4K|UHD,-,-,-,-,-,-,-,-,-,-,-,-,-,-,-,-,-,18452.0,"Monitor Gamer ASUS ROG Strix XG27UCS-J 27"" 4K UHD Fast IPS 160Hz AMD FreeSync Premium G-SYNC Compatible",Asus,790500.0,True,-,-,https://compragamer.com/producto/Monitor_Gamer_ASUS_ROG_Strix_XG27UCS_J_27_4K_UHD_Fast_IPS_160Hz_AMD_FreeSync_Premium_G_SYNC_Compatible_18452?cate=5,-,-
solo_compragamer,monitores,monitores|ASUS|34|180HZ|TUF|VG34VQL3A|34|CURVO|1500R|WQHD,-,-,-,-,-,-,-,-,-,-,-,-,-,-,-,-,-,18453.0,"Monitor Gamer ASUS TUF VG34VQL3A-J 34"" Curvo 1500R WQHD VA 180Hz AMD Freesync Premium Pro",Asus,769300.0,True,-,-,https://compragamer.com/producto/Monitor_Gamer_ASUS_TUF_VG34VQL3A_J_34_Curvo_1500R_WQHD_VA_180Hz_AMD_Freesync_Premium_Pro_18453?cate=5,-,-
solo_compragamer,monitores,monitores|SAMSUNG|27|240HZ|ODYSSEY|G8|G81SF|27|UHD|4K,-,-,-,-,-,-,-,-,-,-,-,-,-,-,-,-,-,18695.0,"Monitor Gamer Samsung Odyssey G8 G81SF 27"" UHD 4K QD-OLED 240Hz 0,03ms G-SYNC AMD FreeSync Premium Pro",Samsung,1973900.0,True,-,-,https://compragamer.com/producto/Monitor_Gamer_Samsung_Odyssey_G8_G81SF_27_UHD_4K_QD_OLED_240Hz_0_03ms_G_SYNC_AMD_FreeSync_Premium_Pro_18695?cate=5,-,-
solo_compragamer,monitores,monitores|SAMSUNG|27|240HZ|ODYSSEY|G4|27|FHD|1080P|IPS,-,-,-,-,-,-,-,-,-,-,-,-,-,-,-,-,-,18698.0,"Monitor Gamer Samsung Odyssey G4 27"" FHD 1080p IPS 240Hz 1ms G-SYNC FreeSync Premium",Samsung,414050.0,True,-,-,https://compragamer.com/producto/Monitor_Gamer_Samsung_Odyssey_G4_27_FHD_1080p_IPS_240Hz_1ms_G_SYNC_FreeSync_Premium_18698?cate=5,-,-
solo_compragamer,monitores,monitores|SAMSUNG|27|165HZ|ODYSSEY|3D|GLASSES|FREE|G9|G90XF,-,-,-,-,-,-,-,-,-,-,-,-,-,-,-,-,-,18699.0,"Monitor Gamer Samsung Odyssey 3D Glasses-Free G9 G90XF 27"" UHD 4K Fast IPS 165Hz 1ms G-SYNC AMD FreeSync Premium",Samsung,2635400.0,True,-,-,https://compragamer.com/producto/Monitor_Gamer_Samsung_Odyssey_3D_Glasses_Free_G9_G90XF_27_UHD_4K_Fast_IPS_165Hz_1ms_G_SYNC_AMD_FreeSync_Premium_18699?cate=5,-,-
solo_compragamer,monitores,monitores|SAMSUNG|27|180HZ|ODYSSEY|G5|G50SF|27|QD|OLED,-,-,-,-,-,-,-,-,-,-,-,-,-,-,-,-,-,18702.0,"Monitor Gamer Samsung Odyssey G5 G50SF 27"" QD-OLED QHD 1440p 180Hz 0.03ms G-SYNC FreeSync Premium",Samsung,969900.0,True,-,-,https://compragamer.com/producto/Monitor_Gamer_Samsung_Odyssey_G5_G50SF_27_QD_OLED_QHD_1440p_180Hz_0_03ms_G_SYNC_FreeSync_Premium_18702?cate=5,-,-
solo_compragamer,monitores,monitores|ASUS|32|60HZ|PROART|DISPLAY|PA329CV|32|UHD|4K,-,-,-,-,-,-,-,-,-,-,-,-,-,-,-,-,-,19065.0,"Monitor ASUS ProArt Display PA329CV-J 32"" UHD 4K IPS 60Hz 100% sRGB / Rec.709 ΔE<2",Asus,1265950.0,True,-,-,https://compragamer.com/producto/Monitor_ASUS_ProArt_Display_PA329CV_J_32_UHD_4K_IPS_60Hz_100_sRGB_Rec_709_E_2_19065?cate=5,-,-
solo_compragamer,monitores,monitores|ASUS|32|240HZ|ROG|SWIFT|OLED|PG32UCDP|32|4K,-,-,-,-,-,-,-,-,-,-,-,-,-,-,-,-,-,19066.0,"Monitor Gamer ASUS ROG Swift OLED PG32UCDP-J 32"" 4K UHD 240Hz y Full HD 480Hz AMD FreeSync Premium Pro G-SYNC Compatible",Asus,2530850.0,True,-,-,https://compragamer.com/producto/Monitor_Gamer_ASUS_ROG_Swift_OLED_PG32UCDP_J_32_4K_UHD_240Hz_y_Full_HD_480Hz_AMD_FreeSync_Premium_Pro_G_SYNC_Compatible_19066?cate=5,-,-
solo_compragamer,monitores,monitores|SAMSUNG|27|180HZ|ODYSSEY|G3|G30D|27|VA|FHD,-,-,-,-,-,-,-,-,-,-,-,-,-,-,-,-,-,19214.0,"Monitor Gamer Samsung Odyssey G3 G30D 27"" VA FHD 180Hz LS27DG300ELXZB",Samsung,324200.0,True,-,-,https://compragamer.com/producto/Monitor_Gamer_Samsung_Odyssey_G3_G30D_27_VA_FHD_180Hz_LS27DG300ELXZB_19214?cate=5,-,-
solo_compragamer,monitores,monitores|SAMSUNG|24|100HZ|S3|S30GD|24|FHD|IPS|100HZ,-,-,-,-,-,-,-,-,-,-,-,-,-,-,-,-,-,20104.0,"Monitor Gamer SAMSUNG S3 S30GD 24"" FHD IPS 100Hz LS24D300GALXZB",Samsung,154700.0,True,-,-,https://compragamer.com/producto/Monitor_Gamer_SAMSUNG_S3_S30GD_24_FHD_IPS_100Hz_LS24D300GALXZB_20104?cate=5,-,-
solo_compragamer,monitores,monitores|SAMSUNG|27|300HZ|ODYSSEY|G4|27|FHD|1080P|IPS,-,-,-,-,-,-,-,-,-,-,-,-,-,-,-,-,-,20106.0,"Monitor Gamer Samsung Odyssey G4 27"" FHD 1080p IPS 300Hz 1ms G-SYNC FreeSync Premium",Samsung,386600.0,True,-,-,https://compragamer.com/producto/Monitor_Gamer_Samsung_Odyssey_G4_27_FHD_1080p_IPS_300Hz_1ms_G_SYNC_FreeSync_Premium_20106?cate=5,-,-
solo_compragamer,monitores,monitores|GIGABYTE|24|144HZ|GS25F14|24|FHD|SS|IPS|144HZ,-,-,-,-,-,-,-,-,-,-,-,-,-,-,-,-,-,20167.0,"Monitor Gamer Gigabyte GS25F14 24.5"" FHD SS IPS 144Hz 1ms Adaptive-Sync",Gigabyte,177800.0,True,-,-,https://compragamer.com/producto/Monitor_Gamer_Gigabyte_GS25F14_24_5_FHD_SS_IPS_144Hz_1ms_Adaptive_Sync_20167?cate=5,-,-
solo_compragamer,monitores,monitores|GIGABYTE|31|180HZ|GS32QCA|31|CURVO|1500R|QHD|VA,-,-,-,-,-,-,-,-,-,-,-,-,-,-,-,-,-,20169.0,"Monitor Gamer Gigabyte GS32QCA 31.5"" Curvo 1500R QHD VA 180Hz 1ms FreeSync",Gigabyte,560700.0,True,-,-,https://compragamer.com/producto/Monitor_Gamer_Gigabyte_GS32QCA_31_5_Curvo_1500R_QHD_VA_180Hz_1ms_FreeSync_20169?cate=5,-,-
solo_compragamer,monitores,monitores|GIGABYTE|34|120HZ|GS34WQC|34|CURVO|1500R|WQHD|VA,-,-,-,-,-,-,-,-,-,-,-,-,-,-,-,-,-,20170.0,"Monitor Gamer Gigabyte GS34WQC 34"" Curvo 1500R WQHD VA 120Hz (OC 135HZ) 1ms FreeSync Premium -",Gigabyte,689200.0,True,-,-,https://compragamer.com/producto/Monitor_Gamer_Gigabyte_GS34WQC_34_Curvo_1500R_WQHD_VA_120Hz_OC_135HZ_1ms_FreeSync_Premium_20170?cate=5,-,-
solo_compragamer,monitores,monitores|GIGABYTE|34|240HZ|MO34WQC2|34|CURVO|1800R|WQHD|QD,-,-,-,-,-,-,-,-,-,-,-,-,-,-,-,-,-,20172.0,"Monitor Gamer Gigabyte MO34WQC2 34"" Curvo 1800R WQHD QD-OLED 240Hz 0.03ms FreeSync Premium Pro KVM",Gigabyte,2382050.0,True,-,-,https://compragamer.com/producto/Monitor_Gamer_Gigabyte_MO34WQC2_34_Curvo_1800R_WQHD_QD_OLED_240Hz_0_03ms_FreeSync_Premium_Pro_KVM_20172?cate=5,-,-
solo_distribuidor,monitores,monitores|LG|19||19|HD|20U401A,MONITORES,120825,20U401A-B,"MONITOR LG LED 19,5 HDMI HD 20U401A-B",LG                                                ,151744.56,5.0,-,-,-,-,-,-,-,-,-,-,-,-,-,-,-,-,-,-,-,-
solo_distribuidor,monitores,monitores|NOBLEX|22||22|FHD|VA|ANTIRREFLEJO|ADAPTATIVE|SM2200,MONITORES,120226,NXSM2200,MONITOR NOBLEX 22 FHD VA ANTIRREFLEJO ADAPTATIVE SM2200,NOBLEX,147324.28,1.0,-,-,-,-,-,-,-,-,-,-,-,-,-,-,-,-,-,-,-,-
solo_distribuidor,monitores,monitores|AOC|24||24|24G42E,MONITORES,120314,24G42E,AOC MONITOR LED 24 24G42E,AOC,326835.76,5.0,-,-,-,-,-,-,-,-,-,-,-,-,-,-,-,-,-,-,-,-
solo_distribuidor,monitores,monitores|NOBLEX|27||27|FHD|ANTIGLARE|NXSM2700,MONITORES,119987,NXSM2700,MONITOR NOBLEX 27 FHD ANTIGLARE NXSM2700,NOBLEX,188566.69,5.0,-,-,-,-,-,-,-,-,-,-,-,-,-,-,-,-,-,-,-,-
solo_distribuidor,monitores,monitores|ZOWIE|27|240HZ|27|XL2746K|TN|FHD|240HZ|ESCUDO,MONITORES,116297,9H.LKJLB.QBL,MONITOR 27 GAMER ZOWIE XL2746K LED TN FHD 240hz c/escudo Tecnología DyAc? Black eQualizer,ZOWIE,942224.14,5.0,-,-,-,-,-,-,-,-,-,-,-,-,-,-,-,-,-,-,-,-
solo_distribuidor,monitores,monitores|PHILIPS|27||27|MOD|272V8LA,MONITORES,117341,272V8LA/55,MONITOR PHILIPS LED 27 mod 272v8la,PHILIPS ,193304.6,1.0,-,-,-,-,-,-,-,-,-,-,-,-,-,-,-,-,-,-,-,-
solo_distribuidor,monitores,monitores|ZOWIE|24|144HZ|24|XL2411K|TN|FHD|144HZ|TECNOLOGIA,MONITORES,111421,9H.LJPLB.QBR,MONITOR 24 GAMER ZOWIE XL2411K LED TN FHD 144hz Tecnología DyAc Black eQualizer,ZOWIE,340113.56,5.0,-,-,-,-,-,-,-,-,-,-,-,-,-,-,-,-,-,-,-,-
solo_distribuidor,monitores,monitores|BENQ|27||27|GW2780|IPS|FHD|5MS|ALTAVOZ,MONITORES,116291,9H.LGELA.TPR,MONITOR 27 BENQ GW2780 LED IPS FHD 5ms Altavoz integrado,BENQ,190454.52,5.0,-,-,-,-,-,-,-,-,-,-,-,-,-,-,-,-,-,-,-,-
solo_distribuidor,monitores,monitores|ZOWIE|27|144HZ|27|XL2731|TN|FHD|144HZ|EQUALIZER,MONITORES,108651,9H.LHRLB.QPL,MONITOR 27 GAMER ZOWIE XL2731 LED TN FHD 144hz Black eQualizer,ZOWIE,402731.05,5.0,-,-,-,-,-,-,-,-,-,-,-,-,-,-,-,-,-,-,-,-
solo_distribuidor,monitores,monitores|ZOWIE|27|144HZ|27|XL2731|TN|FHD|144HZ|EQUALIZER,MONITORES,116296,9H.LKCLB.QBL,MONITOR 27 GAMER ZOWIE XL2731 LED TN FHD 144hz Black eQualizer,ZOWIE,402731.05,5.0,-,-,-,-,-,-,-,-,-,-,-,-,-,-,-,-,-,-,-,-
solo_distribuidor,monitores,monitores|ZOWIE|24|240HZ|24|XL2546K|TN|FHD|240HZ|ESCUDO,MONITORES,111420,9H.LJNLB.QBR,"MONITOR 24,5 GAMER ZOWIE XL2546K LED TN FHD 240hz c/escudo Tecnología DyAc Black eQualizer",ZOWIE,894039.4,5.0,-,-,-,-,-,-,-,-,-,-,-,-,-,-,-,-,-,-,-,-
solo_distribuidor,monitores,monitores|SOLARMAX|19||19|HD|SLIM|NEGRO,MONITORES,121712,SX19F6,MONITOR SOLARMAX 19.3 VGA/HD+ SLIM NEGRO,SolarMax,64826.71,5.0,-,-,-,-,-,-,-,-,-,-,-,-,-,-,-,-,-,-,-,-
solo_distribuidor,monitores,monitores|SOLARMAX|21||21|FULL|HD|NEGRO,MONITORES,121713,SX22F2,MONITOR SOLARMAX 21.5 FULL HD VGA/HDMI NEGRO,SolarMax,85724.16,5.0,-,-,-,-,-,-,-,-,-,-,-,-,-,-,-,-,-,-,-,-
solo_distribuidor,monitores,monitores|SOLARMAX|23||23|FULL|HD|NEGRO,MONITORES,121714,SX24F2,MONITOR SOLARMAX 23.6 FULL HD VGA/HDMI NEGRO,SolarMax,108660.39,5.0,-,-,-,-,-,-,-,-,-,-,-,-,-,-,-,-,-,-,-,-
solo_distribuidor,monitores,monitores|LG|24||24|BORDERLESS|24MS500,MONITORES,6451,24MS500,MONITOR LG LED 24 BORDERLESS 24MS500,LG                                                ,203159.99,5.0,-,-,-,-,-,-,-,-,-,-,-,-,-,-,-,-,-,-,-,-
solo_distribuidor,monitores,monitores|BENQ|27|100HZ|27|GW2791|FHD|IPS|100HZ,MONITORES,120752,9H.LNFLJ.LBL,MONITOR 27 BENQ GW2791 FHD IPS 100hz,BENQ,189135.22,5.0,-,-,-,-,-,-,-,-,-,-,-,-,-,-,-,-,-,-,-,-
solo_distribuidor,monitores,monitores|BENQ|24|100HZ|24|GW2491|FHD|IPS|100HZ,MONITORES,120753,9H.LNELJ.LBL,MONITOR 24 BENQ GW2491 BLACK FHD IPS 100hz,BENQ,141165.99,5.0,-,-,-,-,-,-,-,-,-,-,-,-,-,-,-,-,-,-,-,-
solo_distribuidor,monitores,monitores|ASUS|27|180HZ|27|VG27AQL3A|QHD|180HZ|FAST|IPS,MONITORES,120416,VG27AQL3A-J,MONITOR 27 ASUS VG27AQL3A QHD 180HZ FAST IPS,ASUS,382734.34,3.0,-,-,-,-,-,-,-,-,-,-,-,-,-,-,-,-,-,-,-,-
solo_distribuidor,monitores,monitores|DAIHATSU|19||19|LM1900|HD,MONITORES,121163,LM1900,MONITOR DAIHATSU LED 19 LM1900 HD HDMI VGA BLACK,Daihatsu,106753.11,1.0,-,-,-,-,-,-,-,-,-,-,-,-,-,-,-,-,-,-,-,-
solo_distribuidor,monitores,monitores|GIGABYTE|26||26|OLED|MO27Q28G|SA,MONITORES,122603,MO27Q28G SA,MONITOR GAMER GIGABYTE 26.5 OLED MO27Q28G-SA,GIGABYTE                                          ,1238665.6,5.0,-,-,-,-,-,-,-,-,-,-,-,-,-,-,-,-,-,-,-,-
solo_distribuidor,monitores,monitores|SOLARMAX|23|100HZ|23|100HZ|FRAMELESS|CURVO|SLIM|FHD,MONITORES,122560,SX24C7,MONITOR SOLARMAX 23.8 100 HZ FRAMELESS CURVO SLIM FHD HDMI VGA,SolarMax,155800.53,5.0,-,-,-,-,-,-,-,-,-,-,-,-,-,-,-,-,-,-,-,-
solo_distribuidor,monitores,monitores|SOLARMAX|27|120HZ|27|120HZ|FRAMELESS|CURVO|FHD,MONITORES,122561,SX27C9,MONITOR SOLARMAX 27 120 HZ FRAMELESS CURVO FHD HDMI VGA,SolarMax,196170.35,5.0,-,-,-,-,-,-,-,-,-,-,-,-,-,-,-,-,-,-,-,-
solo_distribuidor,monitores,monitores|GIGABYTE|24|200HZ|24|GS25F2|200HZ,MONITORES,120360,GS25F2 SA,MONITOR GAMER GIGABYTE 24.5 GS25F2 200hz,GIGABYTE                                          ,194232.17,5.0,-,-,-,-,-,-,-,-,-,-,-,-,-,-,-,-,-,-,-,-
solo_distribuidor,monitores,monitores|GIGABYTE|27||27|GS27FA|SA,MONITORES,119448,GS27FA SA,MONITOR GAMER GIGABYTE 27 GS27FA-SA,GIGABYTE                                          ,235375.66,5.0,-,-,-,-,-,-,-,-,-,-,-,-,-,-,-,-,-,-,-,-
solo_distribuidor,monitores,monitores|HP|22||S3|22|FHD,MONITORES,121119,AK2F1UT,MONITOR HP S3 PRO 22 FHD,HP                                                ,166418.84,5.0,-,-,-,-,-,-,-,-,-,-,-,-,-,-,-,-,-,-,-,-
solo_distribuidor,monitores,monitores|SAMSUNG|22||22|D300,MONITORES,121145,LS22D300GALXZB,MONITOR SAMSUNG LED 22 D300,SAMSUNG,155258.02,5.0,-,-,-,-,-,-,-,-,-,-,-,-,-,-,-,-,-,-,-,-
solo_distribuidor,monitores,monitores|SAMSUNG|24||24|DG300|G3|PLANO,MONITORES,122598,LS24DG300ELXZB,MONITOR SAMSUNG LED 24 DG300 G3 GAMER PLANO,SAMSUNG,220367.7,5.0,-,-,-,-,-,-,-,-,-,-,-,-,-,-,-,-,-,-,-,-
solo_distribuidor,monitores,monitores|SAMSUNG|27||27|D300,MONITORES,121242,LS27D300GALXZB,MONITOR SAMSUNG LED 27 D300,SAMSUNG,196200.18,5.0,-,-,-,-,-,-,-,-,-,-,-,-,-,-,-,-,-,-,-,-
solo_distribuidor,monitores,monitores|SAMSUNG|24||24|D300|FULL|HD|100MHZ,MONITORES,121246,LS24D300GALXZB,MONITOR SAMSUNG 24 D300 FULL HD 100MHZ,SAMSUNG,170867.14,5.0,-,-,-,-,-,-,-,-,-,-,-,-,-,-,-,-,-,-,-,-
solo_distribuidor,monitores,monitores|ASUS|||ROG|STRIX|OLED|XG27AQDMG,MONITORES,122783,XG27AQDMG-J,Monitor gaming ROG Strix OLED XG27AQDMG,ASUS,1046379.73,5.0,-,-,-,-,-,-,-,-,-,-,-,-,-,-,-,-,-,-,-,-
solo_distribuidor,monitores,monitores|SOLARMAX|27|100HZ|27|100HZ|IPS|FRAMELESS|FHD,MONITORES,122559,SX27F7,MONITOR SOLARMAX 27 100 HZ IPS FRAMELESS FHD HDMI VGA,SolarMax,189257.63,5.0,-,-,-,-,-,-,-,-,-,-,-,-,-,-,-,-,-,-,-,-
solo_distribuidor,monitores,monitores|DELL|22||22|P2222H|DP,MONITORES,118373,P2222H,MONITOR DELL LED 22 P2222H HDMI DP VGA USB,DELL                                              ,407550.04,5.0,-,-,-,-,-,-,-,-,-,-,-,-,-,-,-,-,-,-,-,-
solo_distribuidor,monitores,monitores|AOC|24||PLANO|24|2490VX,MONITORES,117749,G2490VX,AOC MONITOR LED PLANO GAMER 24 2490VX,AOC,393430.07,1.0,-,-,-,-,-,-,-,-,-,-,-,-,-,-,-,-,-,-,-,-
solo_distribuidor,monitores,monitores|AOC|27||PLANO|27|2790VX,MONITORES,117748,G2790VX,AOC MONITOR LED PLANO GAMER 27 2790VX,AOC,452601.38,5.0,-,-,-,-,-,-,-,-,-,-,-,-,-,-,-,-,-,-,-,-
solo_mexx,monitores,monitores|XMICRO|19|75HZ|19|MICRO|75HZ|5MS|X19KN,-,-,-,-,-,-,-,-,56944,"Monitor Led 19"" X-Micro Hdmi Vga 75Hz 5Ms X19KN",X-Micro,75389.0,EN STOCK,-,-,https://www.mexx.com.ar/productos-rubro/monitores/49731-monitor-led-19-x-micro-hdmi-vga-75hz-5ms-x19kn.html,-,-,-,-,-,-,-,-,-,-,-
solo_mexx,monitores,monitores|LG|19|60HZ|19|HD|60HZ|5MS|19M38L,-,-,-,-,-,-,-,-,56951,"Monitor Led 19"" LG Hd 60Hz 5Ms 19M38L-B",LG,134629.0,EN STOCK,-,-,https://www.mexx.com.ar/productos-rubro/monitores/49817-monitor-led-19-lg-hd-60hz-5ms-19m38l-b.html,-,-,-,-,-,-,-,-,-,-,-
solo_mexx,monitores,monitores|HIKVISION|19|75HZ|19|75HZ,-,-,-,-,-,-,-,-,56996,"Monitor Led 19"" Hikvision 75Hz Vga - Hdmi",Hikvision,106999.0,EN STOCK,-,-,https://www.mexx.com.ar/productos-rubro/monitores/49552-monitor-led-19-hikvision-75hz-vga-hdmi.html,-,-,-,-,-,-,-,-,-,-,-
solo_mexx,monitores,monitores|LG|20|75HZ|20|HD|75HZ|5MS|20U401A,-,-,-,-,-,-,-,-,57202,"Monitor Led 20"" LG Hd 75Hz 5Ms 20U401A-B",LG,134699.0,EN STOCK,-,-,https://www.mexx.com.ar/productos-rubro/monitores/49545-monitor-led-20-lg-hd-75hz-5ms-20u401a-b.html,-,-,-,-,-,-,-,-,-,-,-
solo_mexx,monitores,monitores|GFAST|22|60HZ|22|60HZ|FHD|HDM|220,-,-,-,-,-,-,-,-,57235,"Monitor Led 22"" Gfast 60Hz Fhd Hdm T-220",Gfast,122819.0,EN STOCK,-,-,https://www.mexx.com.ar/productos-rubro/monitores/44185-monitor-led-22-gfast-60hz-fhd-hdm-t-220.html,-,-,-,-,-,-,-,-,-,-,-
solo_mexx,monitores,monitores|XMICRO|20|75HZ|20|MICRO|75HZ|5MS|X20KN,-,-,-,-,-,-,-,-,57340,"Monitor Gamer 20"" X-Micro Hdmi Vga 75Hz 5Ms X20KN",X-Micro,76299.0,EN STOCK,-,-,https://www.mexx.com.ar/productos-rubro/monitores/48989-monitor-gamer-20-x-micro-hdmi-vga-75hz-5ms-x20kn.html,-,-,-,-,-,-,-,-,-,-,-
solo_mexx,monitores,monitores|XMICRO|22|75HZ|22|MICRO|75HZ|5MS|X22KN,-,-,-,-,-,-,-,-,57344,"Monitor Gamer 22"" X-Micro Hdmi Vga 75Hz 5Ms X22KN",X-Micro,96469.0,EN STOCK,-,-,https://www.mexx.com.ar/productos-rubro/monitores/48990-monitor-gamer-22-x-micro-hdmi-vga-75hz-5ms-x22kn.html,-,-,-,-,-,-,-,-,-,-,-
solo_mexx,monitores,monitores|SAMSUNG|22|100HZ|22|S3|FULL|HD|100HZ|IPS,-,-,-,-,-,-,-,-,57361,"Monitor Gamer 22"" Samsung S3 Full Hd 100Hz Ips 5Ms LS22D300GALXZB",Samsung,151259.0,EN STOCK,-,-,https://www.mexx.com.ar/productos-rubro/monitores/49832-monitor-gamer-22-samsung-s3-full-hd-100hz-ips-5ms-ls22d300galxzb.html,-,-,-,-,-,-,-,-,-,-,-
solo_mexx,monitores,monitores|MSI|22|100HZ|22|FULL|HD|100HZ|1MS|MP225V,-,-,-,-,-,-,-,-,57365,"Monitor Gamer 22"" Msi Pro Full Hd 100Hz Hdmi Vga 1Ms MP225V",Msi,133709.0,EN STOCK,-,-,https://www.mexx.com.ar/productos-rubro/monitores/50245-monitor-gamer-22-msi-pro-full-hd-100hz-hdmi-vga-1ms-mp225v.html,-,-,-,-,-,-,-,-,-,-,-
solo_mexx,monitores,monitores|LG|22|75HZ|22|FULL|HD|75HZ|5MS|22MP410,-,-,-,-,-,-,-,-,57458,"Monitor Gamer 22"" LG Full Hd 75Hz 5Ms 22MP410-B",LG,154499.0,EN STOCK,-,-,https://www.mexx.com.ar/productos-rubro/monitores/42935-monitor-gamer-22-lg-full-hd-75hz-5ms-22mp410-b.html,-,-,-,-,-,-,-,-,-,-,-
solo_mexx,monitores,monitores|LG|22|100HZ|22|22U401A|FULL|HD|100HZ,-,-,-,-,-,-,-,-,57463,"Monitor Led 22"" LG 22U401A Full Hd 100Hz",LG,160179.0,EN STOCK,-,-,https://www.mexx.com.ar/productos-rubro/monitores/51204-monitor-led-22-lg-22u401a-full-hd-100hz.html,-,-,-,-,-,-,-,-,-,-,-
solo_mexx,monitores,monitores|HIKVISION|24|100HZ|24|HD|100HZ|8MS|DS|D5024F2,-,-,-,-,-,-,-,-,57540,"Monitor Led 24"" Hikvision Hd 100Hz 8Ms DS-D5024F2-AV2",Hikvision,142809.0,EN STOCK,-,-,https://www.mexx.com.ar/productos-rubro/monitores/49026-monitor-led-24-hikvision-hd-100hz-8ms-ds-d5024f2-av2.html,-,-,-,-,-,-,-,-,-,-,-
solo_mexx,monitores,monitores|XMICRO|24|75HZ|24|MICRO|FULL|HD|75HZ|5MS,-,-,-,-,-,-,-,-,57550,"Monitor Gamer 24"" X-Micro Full Hd 75Hz 5Ms Vga Hdmi X24KN",X-Micro,116449.0,EN STOCK,-,-,https://www.mexx.com.ar/productos-rubro/monitores/48991-monitor-gamer-24-x-micro-full-hd-75hz-5ms-vga-hdmi-x24kn.html,-,-,-,-,-,-,-,-,-,-,-
solo_mexx,monitores,monitores|XMICRO|25|240HZ|25|MICRO|IPS|FULL|HD|240HZ,-,-,-,-,-,-,-,-,57554,"Monitor Gamer 25"" X-Micro Ips Full Hd 240Hz 1Ms Hdmi X25F-S03E",X-Micro,216409.0,EN STOCK,-,-,https://www.mexx.com.ar/productos-rubro/monitores/50504-monitor-gamer-25-x-micro-ips-full-hd-240hz-1ms-hdmi-x25f-s03e.html,-,-,-,-,-,-,-,-,-,-,-
solo_mexx,monitores,monitores|XMICRO|24|120HZ|24|MICRO|CURVO|FULL|HD|120HZ,-,-,-,-,-,-,-,-,57560,"Monitor Gamer 24"" X-Micro Curvo Full Hd 120Hz 1Ms Hdmi X24CFE",X-Micro,184609.0,EN STOCK,-,-,https://www.mexx.com.ar/productos-rubro/monitores/50502-monitor-gamer-24-x-micro-curvo-full-hd-120hz-1ms-hdmi-x24cfe.html,-,-,-,-,-,-,-,-,-,-,-
solo_mexx,monitores,monitores|LG|24|100HZ|24|FULL|HD|IPS|100HZ|5MS,-,-,-,-,-,-,-,-,57652,"Monitor Gamer 24"" LG Full Hd Ips 100Hz 5Ms 24MS500",LG,143259.0,EN STOCK,-,-,https://www.mexx.com.ar/productos-rubro/monitores/47944-monitor-gamer-24-lg-full-hd-ips-100hz-5ms-24ms500.html,-,-,-,-,-,-,-,-,-,-,-
solo_mexx,monitores,monitores|SAMSUNG|24|100HZ|24|CURVO|FULL|HD|100HZ|LS24D366GALX,-,-,-,-,-,-,-,-,57804,"Monitor Gamer 24"" Samsung Curvo Full Hd 100Hz LS24D366GALX",Samsung,185889.0,EN STOCK,-,-,https://www.mexx.com.ar/productos-rubro/monitores/48567-monitor-gamer-24-samsung-curvo-full-hd-100hz-ls24d366galx.html,-,-,-,-,-,-,-,-,-,-,-
solo_mexx,monitores,monitores|SAMSUNG|24|100HZ|24|S3|S30GD|FULL|HD|IPS,-,-,-,-,-,-,-,-,57806,"Monitor Gamer 24"" Samsung S3 S30GD Full Hd Ips 100Hz LS24D300GALX",Samsung,168249.0,EN STOCK,-,-,https://www.mexx.com.ar/productos-rubro/monitores/49508-monitor-gamer-24-samsung-s3-s30gd-full-hd-ips-100hz-ls24d300galx.html,-,-,-,-,-,-,-,-,-,-,-
solo_mexx,monitores,monitores|LG|24|180HZ|24|FULL|HD|180HZ|1MS|FREESYNC,-,-,-,-,-,-,-,-,57959,"Monitor Gamer 24"" LG Full Hd 180Hz 1Ms Freesync 24GS60F",LG,217309.0,EN STOCK,-,-,https://www.mexx.com.ar/productos-rubro/monitores/47894-monitor-gamer-24-lg-full-hd-180hz-1ms-freesync-24gs60f.html,-,-,-,-,-,-,-,-,-,-,-
solo_mexx,monitores,monitores|MSI|24|180HZ|24|CURVO|FULL|HD|180HZ|1MS,-,-,-,-,-,-,-,-,58059,"Monitor Gamer 24"" Msi Curvo Full Hd 180Hz 1Ms MAG 242C",Msi,217309.0,EN STOCK,-,-,https://www.mexx.com.ar/productos-rubro/monitores/51096-monitor-gamer-24-msi-curvo-full-hd-180hz-1ms-mag-242c.html,-,-,-,-,-,-,-,-,-,-,-
solo_mexx,monitores,monitores|MSI|24|144HZ|24|FULL|HD|IPS|144HZ|1MS,-,-,-,-,-,-,-,-,58060,"Monitor Gamer 24"" Msi Full Hd Ips 144Hz 1Ms Freesync G242L E14",Msi,202809.0,EN STOCK,-,-,https://www.mexx.com.ar/productos-rubro/monitores/50246-monitor-gamer-24-msi-full-hd-ips-144hz-1ms-freesync-g242l-e14.html,-,-,-,-,-,-,-,-,-,-,-
solo_mexx,monitores,monitores|COOLERMASTER|24|100HZ|24|MASTER|FULL|HD|100HZ|1MS,-,-,-,-,-,-,-,-,58073,"Monitor Gamer 24"" Cooler Master Full Hd 100Hz 1Ms GA241",Cooler Master,159709.0,EN STOCK,-,-,https://www.mexx.com.ar/productos-rubro/monitores/47629-monitor-gamer-24-cooler-master-full-hd-100hz-1ms-ga241.html,-,-,-,-,-,-,-,-,-,-,-
solo_mexx,monitores,monitores|VIEWSONIC|24|100HZ|24|CURVO|100HZ|1MS|VA2416C,-,-,-,-,-,-,-,-,58076,"Monitor Gamer 24"" Viewsonic Curvo 100Hz 1Ms VA2416C",Viewsonic,182339.0,EN STOCK,-,-,https://www.mexx.com.ar/productos-rubro/monitores/51224-monitor-gamer-24-viewsonic-curvo-100hz-1ms-va2416c.html,-,-,-,-,-,-,-,-,-,-,-
solo_mexx,monitores,monitores|VIEWSONIC|24|180HZ|24|CURVO|FULL|HD|180HZ|1MS,-,-,-,-,-,-,-,-,58079,"Monitor Gamer 24"" Viewsonic Curvo Full Hd 180Hz 1Ms VX2418C",Viewsonic,229589.0,EN STOCK,-,-,https://www.mexx.com.ar/productos-rubro/monitores/44932-monitor-gamer-24-viewsonic-curvo-full-hd-180hz-1ms-vx2418c.html,-,-,-,-,-,-,-,-,-,-,-
solo_mexx,monitores,monitores|VIEWSONIC|24|180HZ|24|FULL|HD|180HZ|1MS|VX2428A,-,-,-,-,-,-,-,-,58083,"Monitor Gamer 24"" Viewsonic Full Hd 180Hz 1Ms VX2428A",Viewsonic,200779.0,EN STOCK,-,-,https://www.mexx.com.ar/productos-rubro/monitores/48622-monitor-gamer-24-viewsonic-full-hd-180hz-1ms-vx2428a.html,-,-,-,-,-,-,-,-,-,-,-
solo_mexx,monitores,monitores|VIEWSONIC|24|200HZ|24|FULL|HD|200HZ|1MS|VX2429,-,-,-,-,-,-,-,-,58088,"Monitor Gamer 24"" Viewsonic Full Hd 200Hz 1Ms VX2429",Viewsonic,209129.0,EN STOCK,-,-,https://www.mexx.com.ar/productos-rubro/monitores/50428-monitor-gamer-24-viewsonic-full-hd-200hz-1ms-vx2429.html,-,-,-,-,-,-,-,-,-,-,-
solo_mexx,monitores,monitores|GIGABYTE|25|200HZ|25|FULL|HD|200HZ|1MS|GS25F2,-,-,-,-,-,-,-,-,58094,"Monitor Gamer 25"" Gigabyte Full Hd 200Hz 1Ms GS25F2",Gigabyte,237299.0,EN STOCK,-,-,https://www.mexx.com.ar/productos-rubro/monitores/49425-monitor-gamer-25-gigabyte-full-hd-200hz-1ms-gs25f2.html,-,-,-,-,-,-,-,-,-,-,-
solo_mexx,monitores,monitores|VIEWSONIC|25|280HZ|25|FULL|HD|IPS|280HZ|5MS,-,-,-,-,-,-,-,-,58097,"Monitor Gamer 25"" Viewsonic Full Hd Ips 280Hz 0.5Ms XG2536",Viewsonic,498099.0,EN STOCK,-,-,https://www.mexx.com.ar/productos-rubro/monitores/50054-monitor-gamer-25-viewsonic-full-hd-ips-280hz-0.5ms-xg2536.html,-,-,-,-,-,-,-,-,-,-,-
solo_mexx,monitores,monitores|LG|26|75HZ|26|FULL|HD|ULTRAWIDE|75HZ|5MS,-,-,-,-,-,-,-,-,58130,"Monitor Gamer 26"" LG Full Hd Ultrawide 75Hz 5Ms 26WQ500-B",LG,279939.0,EN STOCK,-,-,https://www.mexx.com.ar/productos-rubro/monitores/43083-monitor-gamer-26-lg-full-hd-ultrawide-75hz-5ms-26wq500-b.html,-,-,-,-,-,-,-,-,-,-,-
solo_mexx,monitores,monitores|XMICRO|27|180HZ|27|MICRO|FULL|HD|IPS|180HZ,-,-,-,-,-,-,-,-,58151,"Monitor Gamer 27"" X-Micro Full Hd Ips 180Hz 1Ms Hdmi X27F-KQ1E",X-Micro,190799.0,EN STOCK,-,-,https://www.mexx.com.ar/productos-rubro/monitores/48995-monitor-gamer-27-x-micro-full-hd-ips-180hz-1ms-hdmi-x27f-kq1e.html,-,-,-,-,-,-,-,-,-,-,-
solo_mexx,monitores,monitores|XMICRO|27|240HZ|27|MICRO|FHD|IPS|240HZ|1MS,-,-,-,-,-,-,-,-,58154,"Monitor Gamer 27"" X-Micro Fhd Ips 240Hz 1Ms Hdmi X27F-S03E",X-Micro,249859.0,EN STOCK,-,-,https://www.mexx.com.ar/productos-rubro/monitores/50515-monitor-gamer-27-x-micro-fhd-ips-240hz-1ms-hdmi-x27f-s03e.html,-,-,-,-,-,-,-,-,-,-,-
solo_mexx,monitores,monitores|XMICRO|27|180HZ|27|MICRO|QHD|IPS|180HZ|1MS,-,-,-,-,-,-,-,-,58155,"Monitor Gamer 27"" X-micro Qhd Ips 180Hz 1Ms Hdmi X27F-K01AQ",X-Micro,311199.0,EN STOCK,-,-,https://www.mexx.com.ar/productos-rubro/monitores/50546-monitor-gamer-27-x-micro-qhd-ips-180hz-1ms-hdmi-x27f-k01aq.html,-,-,-,-,-,-,-,-,-,-,-
solo_mexx,monitores,monitores|ASUS|27|75HZ|27|PROART|FULL|WQHD|IPS|75HZ,-,-,-,-,-,-,-,-,58258,"Monitor Gamer 27"" Asus Proart Full Wqhd Ips 75Hz 5Ms PA278QV-J",Asus,452669.0,EN STOCK,-,-,https://www.mexx.com.ar/productos-rubro/monitores/48934-monitor-gamer-27-asus-proart-full-wqhd-ips-75hz-5ms-pa278qv-j.html,-,-,-,-,-,-,-,-,-,-,-
solo_mexx,monitores,monitores|MSI|27|240HZ|27|CURVO|MAG|2K|240HZ|FHD,-,-,-,-,-,-,-,-,58499,"Monitor Gamer 27"" Msi Curvo Mag 2K 240Hz Fhd 0.5Ms 274QF X24",Msi,501659.0,EN STOCK,-,-,https://www.mexx.com.ar/productos-rubro/monitores/51307-monitor-gamer-27-msi-curvo-mag-2k-240hz-fhd-0.5ms-274qf-x24.html,-,-,-,-,-,-,-,-,-,-,-
solo_mexx,monitores,monitores|MSI|27|200HZ|27|IPS|FULL|HD|200HZ|5MS,-,-,-,-,-,-,-,-,58507,"Monitor Gamer 27"" Msi Ips Full Hd Hdmi 200Hz 0.5Ms MAG272F",Msi,279029.0,EN STOCK,-,-,https://www.mexx.com.ar/productos-rubro/monitores/51097-monitor-gamer-27-msi-ips-full-hd-hdmi-200hz-0.5ms-mag272f.html,-,-,-,-,-,-,-,-,-,-,-
solo_mexx,monitores,monitores|MSI|27|200HZ|27|CURVO|FULL|HD|200HZ|1MS,-,-,-,-,-,-,-,-,58508,"Monitor Gamer 27"" Msi Curvo Full Hd Hdmi 200Hz 1Ms MAG 276CF E20",Msi,287199.0,EN STOCK,-,-,https://www.mexx.com.ar/productos-rubro/monitores/50251-monitor-gamer-27-msi-curvo-full-hd-hdmi-200hz-1ms-mag-276cf-e20.html,-,-,-,-,-,-,-,-,-,-,-
solo_mexx,monitores,monitores|SAMSUNG|27|180HZ|27|ODYSSEY|G3|FULL|HD|180HZ,-,-,-,-,-,-,-,-,58553,"Monitor Gamer 27"" Samsung Odyssey G3 Full Hd 180Hz 1Ms LS27DG300ELX",Samsung,329989.0,EN STOCK,-,-,https://www.mexx.com.ar/productos-rubro/monitores/50543-monitor-gamer-27-samsung-odyssey-g3-full-hd-180hz-1ms-ls27dg300elx.html,-,-,-,-,-,-,-,-,-,-,-
solo_mexx,monitores,monitores|SAMSUNG|27|100HZ|27|S3|S30GD|FULL|HD|IPS,-,-,-,-,-,-,-,-,58554,Monitor Gamer 27'' Samsung S3 S30GD Full Hd Ips 100Hz LS27D300GALX,Samsung,194989.0,EN STOCK,-,-,https://www.mexx.com.ar/productos-rubro/monitores/49510-monitor-gamer-27-samsung-s3-s30gd-full-hd-ips-100hz-ls27d300galx.html,-,-,-,-,-,-,-,-,-,-,-
solo_mexx,monitores,monitores|SAMSUNG|27|240HZ|27|ODYSSEY|G8|4K|240HZ|03MS,-,-,-,-,-,-,-,-,58555,"Monitor Gamer 27"" Samsung Odyssey G8 4k 240Hz 0.03Ms LS27FG810S",Samsung,1964979.0,EN STOCK,-,-,https://www.mexx.com.ar/productos-rubro/monitores/49875-monitor-gamer-27-samsung-odyssey-g8-4k-240hz-0.03ms-ls27fg810s.html,-,-,-,-,-,-,-,-,-,-,-
solo_mexx,monitores,monitores|LEVELUP|27|180HZ|27|LEVEL|UP|QHD|180HZ|1MS,-,-,-,-,-,-,-,-,58560,"Monitor Gamer 27"" Level Up QHD 180Hz 1Ms 27-UP6580H",Level Up,320499.0,EN STOCK,-,-,https://www.mexx.com.ar/productos-rubro/monitores/41513-monitor-gamer-27-level-up-qhd-180hz-1ms-27-up6580h.html,-,-,-,-,-,-,-,-,-,-,-
solo_mexx,monitores,monitores|LEVELUP|27|200HZ|27|LEVEL|UP|CURVO|FULL|HD,-,-,-,-,-,-,-,-,58563,"Monitor Gamer 27"" Level Up Curvo Full Hd 200Hz 1Ms 27-UP6580C",Level Up,268129.0,EN STOCK,-,-,https://www.mexx.com.ar/productos-rubro/monitores/50090-monitor-gamer-27-level-up-curvo-full-hd-200hz-1ms-27-up6580c.html,-,-,-,-,-,-,-,-,-,-,-
solo_mexx,monitores,monitores|VIEWSONIC|27|180HZ|27|FULL|HD|IPS|180HZ|5MS,-,-,-,-,-,-,-,-,58771,"Monitor Gamer 27"" Viewsonic Full Hd Ips 180Hz 0.5Ms VX2728J",Viewsonic,299999.0,EN STOCK,-,-,https://www.mexx.com.ar/productos-rubro/monitores/50053-monitor-gamer-27-viewsonic-full-hd-ips-180hz-0.5ms-vx2728j.html,-,-,-,-,-,-,-,-,-,-,-
solo_mexx,monitores,monitores|VIEWSONIC|27|120HZ|27|FULL|HD|IPS|120HZ|1MS,-,-,-,-,-,-,-,-,58775,"Monitor Gamer 27"" Viewsonic Full Hd Ips 120Hz 1Ms VX2716A",Viewsonic,227999.0,EN STOCK,-,-,https://www.mexx.com.ar/productos-rubro/monitores/49331-monitor-gamer-27-viewsonic-full-hd-ips-120hz-1ms-vx2716a.html,-,-,-,-,-,-,-,-,-,-,-
solo_mexx,monitores,monitores|VIEWSONIC|27|200HZ|27|FULL|HD|IPS|200HZ|1MS,-,-,-,-,-,-,-,-,58777,"Monitor Gamer 27"" Viewsonic Full Hd Ips 200Hz 1Ms VX2729",Viewsonic,241499.0,EN STOCK,-,-,https://www.mexx.com.ar/productos-rubro/monitores/50429-monitor-gamer-27-viewsonic-full-hd-ips-200hz-1ms-vx2729.html,-,-,-,-,-,-,-,-,-,-,-
solo_mexx,monitores,monitores|VIEWSONIC|27|180HZ|27|CURVO|180HZ|1MS|VX2718|2KPC,-,-,-,-,-,-,-,-,58782,"Monitor Gamer 27"" Viewsonic Curvo 180Hz 1Ms VX2718-2KPC-MHD",Viewsonic,352999.0,EN STOCK,-,-,https://www.mexx.com.ar/productos-rubro/monitores/42602-monitor-gamer-27-viewsonic-curvo-180hz-1ms-vx2718-2kpc-mhd.html,-,-,-,-,-,-,-,-,-,-,-
solo_mexx,monitores,monitores|VIEWSONIC|27|180HZ|27|180HZ|1MS|VX2718|MHD,-,-,-,-,-,-,-,-,58783,"Monitor Gamer 27"" Viewsonic 180Hz 1Ms VX2718-P-MHD",Viewsonic,259949.0,EN STOCK,-,-,https://www.mexx.com.ar/productos-rubro/monitores/45819-monitor-gamer-27-viewsonic-180hz-1ms-vx2718-p-mhd.html,-,-,-,-,-,-,-,-,-,-,-
solo_mexx,monitores,monitores|GIGABYTE|27|180HZ|27|CURVO|EDGE|FHD|180HZ|1MS,-,-,-,-,-,-,-,-,58828,"Monitor Gamer 27"" Gigabyte Curvo Edge Fhd 180Hz 1Ms GS27FC",Gigabyte,285389.0,EN STOCK,-,-,https://www.mexx.com.ar/productos-rubro/monitores/47506-monitor-gamer-27-gigabyte-curvo-edge-fhd-180hz-1ms-gs27fc.html,-,-,-,-,-,-,-,-,-,-,-
solo_mexx,monitores,monitores|GIGABYTE|27|180HZ|27|EDGE|FHD|180HZ|1MS|GS27FA,-,-,-,-,-,-,-,-,58831,"Monitor Gamer 27"" Gigabyte Edge Fhd 180Hz 1Ms GS27FA",Gigabyte,266569.0,EN STOCK,-,-,https://www.mexx.com.ar/productos-rubro/monitores/48120-monitor-gamer-27-gigabyte-edge-fhd-180hz-1ms-gs27fa.html,-,-,-,-,-,-,-,-,-,-,-
solo_mexx,monitores,monitores|GIGABYTE|27|180HZ|27|CURVO|QHD|180HZ|1MS|GS27QCA,-,-,-,-,-,-,-,-,58841,"Monitor Gamer 27"" Gigabyte Curvo Qhd 180Hz 1Ms GS27QCA",Gigabyte,385169.0,EN STOCK,-,-,https://www.mexx.com.ar/productos-rubro/monitores/48861-monitor-gamer-27-gigabyte-curvo-qhd-180hz-1ms-gs27qca.html,-,-,-,-,-,-,-,-,-,-,-
solo_mexx,monitores,monitores|GIGABYTE|27|280HZ|27|OLED|QHD|280HZ|03MS|MO27Q28G,-,-,-,-,-,-,-,-,58866,"Monitor Gamer 27"" Gigabyte Oled Qhd 280Hz 0.03Ms MO27Q28G",Gigabyte,1459399.0,EN STOCK,-,-,https://www.mexx.com.ar/productos-rubro/monitores/51289-monitor-gamer-27-gigabyte-oled-qhd-280hz-0.03ms-mo27q28g.html,-,-,-,-,-,-,-,-,-,-,-
solo_mexx,monitores,monitores|LG|27|100HZ|27|FULL|HD|100HZ|5MS|27MS500,-,-,-,-,-,-,-,-,58868,"Monitor Gamer 27"" LG Full Hd 100Hz 5Ms 27MS500",LG,230869.0,EN STOCK,-,-,https://www.mexx.com.ar/productos-rubro/monitores/47260-monitor-gamer-27-lg-full-hd-100hz-5ms-27ms500.html,-,-,-,-,-,-,-,-,-,-,-
solo_mexx,monitores,monitores|LG|27|180HZ|27|IPS|QHD|HDR10|180HZ|1MS,-,-,-,-,-,-,-,-,58869,"Monitor Gamer 27"" LG Ips Qhd HDR10 180Hz 1Ms 27GS75Q-B",LG,516989.0,EN STOCK,-,-,https://www.mexx.com.ar/productos-rubro/monitores/48012-monitor-gamer-27-lg-ips-qhd-hdr10-180hz-1ms-27gs75q-b.html,-,-,-,-,-,-,-,-,-,-,-
solo_mexx,monitores,monitores|LG|27|180HZ|27|NANO|IPS|QHD|HDR400|180HZ,-,-,-,-,-,-,-,-,58871,"Monitor Gamer 27"" LG Nano Ips Qhd HDR400 180Hz 1Ms 27GS85Q-B",LG,618869.0,EN STOCK,-,-,https://www.mexx.com.ar/productos-rubro/monitores/48014-monitor-gamer-27-lg-nano-ips-qhd-hdr400-180hz-1ms-27gs85q-b.html,-,-,-,-,-,-,-,-,-,-,-
solo_mexx,monitores,monitores|LG|27|180HZ|27|ULTRAGEAR|180HZ|FULL|HD|1MS,-,-,-,-,-,-,-,-,58872,"Monitor Gamer 27"" LG Ultragear 180Hz Full Hd 1Ms 27GS60F",LG,337999.0,EN STOCK,-,-,https://www.mexx.com.ar/productos-rubro/monitores/48130-monitor-gamer-27-lg-ultragear-180hz-full-hd-1ms-27gs60f.html,-,-,-,-,-,-,-,-,-,-,-
solo_mexx,monitores,monitores|LG|27|240HZ|27|FULL|HD|240HZ|1MS|27GP750,-,-,-,-,-,-,-,-,58875,"Monitor Gamer 27"" LG Full Hd 240Hz 1Ms 27GP750-B",LG,516999.0,EN STOCK,-,-,https://www.mexx.com.ar/productos-rubro/monitores/41591-monitor-gamer-27-lg-full-hd-240hz-1ms-27gp750-b.html,-,-,-,-,-,-,-,-,-,-,-
solo_mexx,monitores,monitores|LG|27|240HZ|27|ULTRAGEAR|OLED|240HZ|03MS|27GS95QE,-,-,-,-,-,-,-,-,58879,"Monitor Gamer 27"" LG UltraGear Oled 240Hz 0.03Ms 27GS95QE",LG,1609899.0,EN STOCK,-,-,https://www.mexx.com.ar/productos-rubro/monitores/47896-monitor-gamer-27-lg-ultragear-oled-240hz-0.03ms-27gs95qe.html,-,-,-,-,-,-,-,-,-,-,-
solo_mexx,monitores,monitores|ASUS|27|240HZ|27|ROG|STRIX|0LED|IPS|240HZ,-,-,-,-,-,-,-,-,58891,"Monitor Gamer 27"" Asus Rog Strix 0led Ips 240Hz 0.03Ms XG27AQDMG",Asus,1325369.0,EN STOCK,-,-,https://www.mexx.com.ar/productos-rubro/monitores/51013-monitor-gamer-27-asus-rog-strix-0led-ips-240hz-0.03ms-xg27aqdmg.html,-,-,-,-,-,-,-,-,-,-,-
solo_mexx,monitores,monitores|ASUS|32|60HZ|32|4K|IPS|UHD|60HZ|5MS,-,-,-,-,-,-,-,-,58932,"Monitor Led 32"" Asus 4K Ips Uhd 60Hz 5Ms ProArt Display PA329CV-J",Asus,1396109.0,EN STOCK,-,-,https://www.mexx.com.ar/productos-rubro/monitores/50713-monitor-led-32-asus-4k-ips-uhd-60hz-5ms-proart-display-pa329cv-j.html,-,-,-,-,-,-,-,-,-,-,-
solo_mexx,monitores,monitores|ASUS|32|240HZ|32|4K|OLED|ROG|SWIFT|240HZ,-,-,-,-,-,-,-,-,58933,"Monitor Gamer 32"" Asus 4K OLED Rog Swift 240Hz 1ms PG32UCDP",Asus,2781999.0,EN STOCK,-,-,https://www.mexx.com.ar/productos-rubro/monitores/50931-monitor-gamer-32-asus-4k-oled-rog-swift-240hz-1ms-pg32ucdp.html,-,-,-,-,-,-,-,-,-,-,-
solo_mexx,monitores,monitores|LG|32|60HZ|32|FULL|HD|16|IPS|60HZ,-,-,-,-,-,-,-,-,58950,"Monitor Led 32"" LG Full Hd 16:9 Ips 60Hz 5Ms 32MN500M",LG,425959.0,EN STOCK,-,-,https://www.mexx.com.ar/productos-rubro/monitores/37936-monitor-led-32-lg-full-hd-16:9-ips-60hz-5ms-32mn500m.html,-,-,-,-,-,-,-,-,-,-,-
solo_mexx,monitores,monitores|LG|32|180HZ|32|NANO|IPS|QHD|HDR10|180HZ,-,-,-,-,-,-,-,-,58954,"Monitor Gamer 32"" LG Nano Ips Qhd HDR10 180Hz 1Ms 32GS85Q-B",LG,727999.0,EN STOCK,-,-,https://www.mexx.com.ar/productos-rubro/monitores/48015-monitor-gamer-32-lg-nano-ips-qhd-hdr10-180hz-1ms-32gs85q-b.html,-,-,-,-,-,-,-,-,-,-,-
solo_mexx,monitores,monitores|LG|32|144HZ|32|4K|144HZ|1MS|ULTRAGEAR|32GR93U,-,-,-,-,-,-,-,-,58957,"Monitor Gamer 32"" LG 4K 144Hz 1Ms UltraGear 32GR93U",LG,1415329.0,EN STOCK,-,-,https://www.mexx.com.ar/productos-rubro/monitores/47897-monitor-gamer-32-lg-4k-144hz-1ms-ultragear-32gr93u.html,-,-,-,-,-,-,-,-,-,-,-
solo_mexx,monitores,monitores|LG|32|60HZ|32|4K|ERGO|ULTRAFINO|60HZ|5MS,-,-,-,-,-,-,-,-,58961,"Monitor Led 32"" LG 4K Ergo Ultrafino 60Hz 5Ms 32UN880K-B",LG,1364119.0,EN STOCK,-,-,https://www.mexx.com.ar/productos-rubro/monitores/49958-monitor-led-32-lg-4k-ergo-ultrafino-60hz-5ms-32un880k-b.html,-,-,-,-,-,-,-,-,-,-,-
solo_mexx,monitores,monitores|SAMSUNG|32|165HZ|32|ODYSSEY|WQHD|G5|CURVO|165HZ,-,-,-,-,-,-,-,-,58995,"Monitor Gamer 32"" Samsung Odyssey Wqhd G5 Curvo 165hz 1Ms LS32CG552ELX",Samsung,583519.0,EN STOCK,-,-,https://www.mexx.com.ar/productos-rubro/monitores/50848-monitor-gamer-32-samsung-odyssey-wqhd-g5-curvo-165hz-1ms-ls32cg552elx.html,-,-,-,-,-,-,-,-,-,-,-
solo_mexx,monitores,monitores|SAMSUNG|32|60HZ|SMART|32|M5|FHD|60HZ|4MS,-,-,-,-,-,-,-,-,59006,"Monitor Smart 32"" Samsung M5 Fhd 60Hz 4Ms LS32FM501ELXZB",Samsung,378079.0,EN STOCK,-,-,https://www.mexx.com.ar/productos-rubro/monitores/50721-monitor-smart-32-samsung-m5-fhd-60hz-4ms-ls32fm501elxzb.html,-,-,-,-,-,-,-,-,-,-,-
solo_mexx,monitores,monitores|VIEWSONIC|32|180HZ|32|CURVO|QHD|180HZ|1MS|VX3218C,-,-,-,-,-,-,-,-,59010,"Monitor Gamer 32"" Viewsonic Curvo QHD 180Hz 1Ms VX3218C-2K",Viewsonic,519999.0,EN STOCK,-,-,https://www.mexx.com.ar/productos-rubro/monitores/47784-monitor-gamer-32-viewsonic-curvo-qhd-180hz-1ms-vx3218c-2k.html,-,-,-,-,-,-,-,-,-,-,-
solo_mexx,monitores,monitores|SAMSUNG|34|100HZ|34|CURVO|ULTRAWIDE|WQHD|HD|100HZ,-,-,-,-,-,-,-,-,59049,"Monitor Gamer 34"" Samsung Curvo Ultrawide Wqhd Hd 100Hz 5Ms C650",Samsung,859229.0,EN STOCK,-,-,https://www.mexx.com.ar/productos-rubro/monitores/51344-monitor-gamer-34-samsung-curvo-ultrawide-wqhd-hd-100hz-5ms-c650.html,-,-,-,-,-,-,-,-,-,-,-
solo_mexx,monitores,monitores|XMICRO|34|165HZ|34|MICRO|CURVO|ULTRAWIDE|R1000|165HZ,-,-,-,-,-,-,-,-,59111,"Monitor Gamer 34"" X-Micro Curvo UltraWide R1000 165Hz 1Ms X34C-S01AWQ",X-Micro,433219.0,EN STOCK,-,-,https://www.mexx.com.ar/productos-rubro/monitores/50505-monitor-gamer-34-x-micro-curvo-ultrawide-r1000-165hz-1ms-x34c-s01awq.html,-,-,-,-,-,-,-,-,-,-,-
solo_mexx,monitores,monitores|XMICRO|34|180HZ|34|MICRO|CURVO|ULTRAWIDE|UWQHD|180HZ,-,-,-,-,-,-,-,-,59112,"Monitor Gamer 34"" X-Micro Curvo Ultrawide Uwqhd 180Hz 1Ms X34C-A180",X-Micro,450849.0,EN STOCK,-,-,https://www.mexx.com.ar/productos-rubro/monitores/51110-monitor-gamer-34-x-micro-curvo-ultrawide-uwqhd-180hz-1ms-x34c-a180.html,-,-,-,-,-,-,-,-,-,-,-
solo_mexx,monitores,monitores|LG|34|75HZ|34|FULL|HD|ULTRAWIDE|75HZ|5MS,-,-,-,-,-,-,-,-,59151,"Monitor Gamer 34"" LG Full Hd Ultrawide 75Hz 5Ms 34WP500-B",LG,545739.0,EN STOCK,-,-,https://www.mexx.com.ar/productos-rubro/monitores/43218-monitor-gamer-34-lg-full-hd-ultrawide-75hz-5ms-34wp500-b.html,-,-,-,-,-,-,-,-,-,-,-
solo_mexx,monitores,monitores|SAMSUNG|40|180HZ|40|ODYSSEY|G7|CURVO|UHD|180HZ,-,-,-,-,-,-,-,-,59157,"Monitor Gamer 40"" Samsung Odyssey G7 Curvo Uhd 180Hz 1Ms LS40FG750ELX",Samsung,1608889.0,EN STOCK,-,-,https://www.mexx.com.ar/productos-rubro/monitores/51346-monitor-gamer-40-samsung-odyssey-g7-curvo-uhd-180hz-1ms-ls40fg750elx.html,-,-,-,-,-,-,-,-,-,-,-
solo_mexx,monitores,monitores|LG|34|160HZ|34|QHD|ULTRAWIDE|CURVO|160HZ|1MS,-,-,-,-,-,-,-,-,59158,"Monitor Gamer 34"" LG QHD Ultrawide Curvo 160Hz 1Ms 34GP63A",LG,909209.0,EN STOCK,-,-,https://www.mexx.com.ar/productos-rubro/monitores/47262-monitor-gamer-34-lg-qhd-ultrawide-curvo-160hz-1ms-34gp63a.html,-,-,-,-,-,-,-,-,-,-,-
solo_mexx,monitores,monitores|LG|45|200HZ|45|ULTRAGEAR|CURVO|QHD|200HZ|1MS,-,-,-,-,-,-,-,-,59161,"Monitor Gamer 45"" LG UltraGear Curvo Qhd 200Hz 1Ms 45GR75DC",LG,2243669.0,EN STOCK,-,-,https://www.mexx.com.ar/productos-rubro/monitores/47948-monitor-gamer-45-lg-ultragear-curvo-qhd-200hz-1ms-45gr75dc.html,-,-,-,-,-,-,-,-,-,-,-
solo_mexx,monitores,monitores|LG|45|240HZ|45|ULTRAGEAR|CURVO|OLED|WQHD|240HZ,-,-,-,-,-,-,-,-,59162,"Monitor Gamer 45"" LG Ultragear Curvo Oled Wqhd 240Hz 0.03Ms 45GS95QE",LG,3324999.0,EN STOCK,-,-,https://www.mexx.com.ar/productos-rubro/monitores/47949-monitor-gamer-45-lg-ultragear-curvo-oled-wqhd-240hz-0.03ms-45gs95qe.html,-,-,-,-,-,-,-,-,-,-,-
solo_mexx,monitores,monitores|SAMSUNG|49|144HZ|49|ODYSSEY|G9|CURVO|DQHD|144HZ,-,-,-,-,-,-,-,-,59177,"Monitor Gamer 49"" Samsung Odyssey G9 Curvo Dqhd 144Hz LS49FG910ELXZB",Samsung,1963089.0,EN STOCK,-,-,https://www.mexx.com.ar/productos-rubro/monitores/49874-monitor-gamer-49-samsung-odyssey-g9-curvo-dqhd-144hz-ls49fg910elxzb.html,-,-,-,-,-,-,-,-,-,-,-
solo_mexx,monitores,monitores|SAMSUNG|55|165HZ|55|CURVO|ODYSSEY|4K|165HZ|1MS,-,-,-,-,-,-,-,-,59181,"Monitor Gamer 55"" Samsung Curvo Odyssey 4K 165Hz 1Ms ARK 2 LS55CG97WNLX",Samsung,2757889.0,EN STOCK,-,-,https://www.mexx.com.ar/productos-rubro/monitores/50929-monitor-gamer-55-samsung-curvo-odyssey-4k-165hz-1ms-ark-2-ls55cg97wnlx.html,-,-,-,-,-,-,-,-,-,-,-
solo_mexx,monitores,monitores|XMICRO|15|60HZ|PORTATIL|15|MICRO|FULL|HD|IPS,-,-,-,-,-,-,-,-,59320,"Monitor Portátil 15.6"" X-Micro Full Hd IPS 60Hz X16F-PTB156E",X-Micro,115199.0,EN STOCK,-,-,https://www.mexx.com.ar/productos-rubro/monitores/49120-monitor-port&aacute;til-15.6-x-micro-full-hd-ips-60hz-x16f-ptb156e.html,-,-,-,-,-,-,-,-,-,-,-
solo_compragamer,mothers,mothers|ASROCK|B450M|AM4|B450M|HDV|AM4,-,-,-,-,-,-,-,-,-,-,-,-,-,-,-,-,-,8273.0,Mother Asrock B450M-HDV 4.0 AM4 HDMI M.2,Asrock,80000.0,True,-,-,https://compragamer.com/producto/Mother_Asrock_B450M_HDV_4_0_AM4_HDMI_M_2_8273?cate=26,-,-
solo_compragamer,mothers,mothers|ASROCK|B550M|AM4|B550M|HDV|AM4,-,-,-,-,-,-,-,-,-,-,-,-,-,-,-,-,-,10535.0,Mother Asrock B550M-HDV DDR4 AM4,Asrock,107500.0,True,-,-,https://compragamer.com/producto/Mother_Asrock_B550M_HDV_DDR4_AM4_10535?cate=26,-,-
solo_compragamer,mothers,mothers|ASUS|A520M|AM4|PRIME|A520M|AM4,-,-,-,-,-,-,-,-,-,-,-,-,-,-,-,-,-,10578.0,Mother ASUS PRIME A520M-K DDR4 AM4,Asus,84800.0,True,-,-,https://compragamer.com/producto/Mother_ASUS_PRIME_A520M_K_DDR4_AM4_10578?cate=26,-,-
solo_compragamer,mothers,mothers|MSI|A520M|AM4|A520M|AM4,-,-,-,-,-,-,-,-,-,-,-,-,-,-,-,-,-,10900.0,Mother MSI A520M-A PRO DDR4 AM4,MSI,77700.0,True,-,-,https://compragamer.com/producto/Mother_MSI_A520M_A_PRO_DDR4_AM4_10900?cate=26,-,-
solo_compragamer,mothers,mothers|ASROCK|A520M|AM4|A520M|HDV|AM4,-,-,-,-,-,-,-,-,-,-,-,-,-,-,-,-,-,11626.0,Mother Asrock A520M-HDV AM4,Asrock,76650.0,True,-,-,https://compragamer.com/producto/Mother_Asrock_A520M_HDV_AM4_11626?cate=26,-,-
solo_compragamer,mothers,mothers|ASROCK|B550M|AM4|B550M|PHANTOM|AM4,-,-,-,-,-,-,-,-,-,-,-,-,-,-,-,-,-,12178.0,Mother Asrock B550M Phantom Gaming 4 AM4,Asrock,140900.0,True,-,-,https://compragamer.com/producto/Mother_Asrock_B550M_Phantom_Gaming_4_AM4_12178?cate=26,-,-
solo_compragamer,mothers,mothers|ASUS|Z590||Z590|GUNDAM|EDITION|11TH|GEN,-,-,-,-,-,-,-,-,-,-,-,-,-,-,-,-,-,12469.0,Mother ASUS Z590 GUNDAM EDITION WIFI  11th gen s1200,Asus,362750.0,True,-,-,https://compragamer.com/producto/Mother_ASUS_Z590_GUNDAM_EDITION_WIFI_11th_gen_s1200_12469?cate=49,-,-
solo_compragamer,mothers,mothers|ASUS|B550||ROG|STRIX|B550|II,-,-,-,-,-,-,-,-,-,-,-,-,-,-,-,-,-,13499.0,Mother ASUS ROG STRIX B550-F GAMING WIFI II,Asus,299150.0,True,-,-,https://compragamer.com/producto/Mother_ASUS_ROG_STRIX_B550_F_GAMING_WIFI_II_13499?cate=26,-,-
solo_compragamer,mothers,mothers|ASROCK|B550||B550|PG|RIPTIDE,-,-,-,-,-,-,-,-,-,-,-,-,-,-,-,-,-,13570.0,Mother Asrock B550 PG RIPTIDE DDR4,Asrock,199400.0,True,-,-,https://compragamer.com/producto/Mother_Asrock_B550_PG_RIPTIDE_DDR4_13570?cate=26,-,-
solo_compragamer,mothers,mothers|ASUS|X670E|AM5|ROG|CROSSHAIR|X670E|HERO|AM5,-,-,-,-,-,-,-,-,-,-,-,-,-,-,-,-,-,14095.0,Mother ASUS ROG CROSSHAIR X670E HERO AM5,Asus,955100.0,True,-,-,https://compragamer.com/producto/Mother_ASUS_ROG_CROSSHAIR_X670E_HERO_AM5_14095?cate=26,-,-
solo_compragamer,mothers,mothers|ASUS|B650M||TUF|B650M,-,-,-,-,-,-,-,-,-,-,-,-,-,-,-,-,-,14568.0,Mother ASUS TUF B650M-PLUS WIFI,Asus,314300.0,True,-,-,https://compragamer.com/producto/Mother_ASUS_TUF_B650M_PLUS_WIFI_14568?cate=26,-,-
solo_compragamer,mothers,mothers|ASROCK|B450M|AM4|B450M|AC|AM4|R2,-,-,-,-,-,-,-,-,-,-,-,-,-,-,-,-,-,14720.0,Mother Asrock B450M/AC AM4 R2.0 WIFI,Asrock,127400.0,True,-,-,https://compragamer.com/producto/Mother_Asrock_B450M_AC_AM4_R2_0_WIFI_14720?cate=26,-,-
solo_compragamer,mothers,mothers|ASUS|B760||ROG|STRIX|B760|LGA1700,-,-,-,-,-,-,-,-,-,-,-,-,-,-,-,-,-,14803.0,Mother ASUS ROG STRIX B760-A GAMING WIFI LGA1700 DDR5,Asus,397100.0,True,-,-,https://compragamer.com/producto/Mother_ASUS_ROG_STRIX_B760_A_GAMING_WIFI_LGA1700_DDR5_14803?cate=49,-,-
solo_compragamer,mothers,mothers|ASUS|B650E||ROG|STRIX|B650E,-,-,-,-,-,-,-,-,-,-,-,-,-,-,-,-,-,15011.0,Mother ASUS ROG STRIX B650E-F GAMING WIFI,Asus,432700.0,True,-,-,https://compragamer.com/producto/Mother_ASUS_ROG_STRIX_B650E_F_GAMING_WIFI_15011?cate=26,-,-
solo_compragamer,mothers,mothers|ASUS|B650|AM5|PROART|B650|CREATOR|AM5,-,-,-,-,-,-,-,-,-,-,-,-,-,-,-,-,-,15021.0,Mother ASUS ProArt B650-CREATOR AM5 DDR5,Asus,432700.0,True,-,-,https://compragamer.com/producto/Mother_ASUS_ProArt_B650_CREATOR_AM5_DDR5_15021?cate=26,-,-
solo_compragamer,mothers,mothers|ASUS|A620M|AM5|PRIME|A620M|AM5,-,-,-,-,-,-,-,-,-,-,-,-,-,-,-,-,-,15423.0,Mother ASUS PRIME A620M-K AM5 DDR5,Asus,123100.0,True,-,-,https://compragamer.com/producto/Mother_ASUS_PRIME_A620M_K_AM5_DDR5_15423?cate=26,-,-
solo_compragamer,mothers,mothers|ASROCK|B760M|S1700|B760M|PG|RIPTIDE|S1700,-,-,-,-,-,-,-,-,-,-,-,-,-,-,-,-,-,15607.0,Mother Asrock B760M PG Riptide WIFI S1700 DDR5,Asrock,239600.0,True,-,-,https://compragamer.com/producto/Mother_Asrock_B760M_PG_Riptide_WIFI_S1700_DDR5_15607?cate=49,-,-
solo_compragamer,mothers,mothers|ASROCK|B760M||B760M|STEEL|LEGEND|LGA1700,-,-,-,-,-,-,-,-,-,-,-,-,-,-,-,-,-,15610.0,Mother Asrock B760M Steel Legend WIFI LGA1700 DDR5,Asrock,287900.0,True,-,-,https://compragamer.com/producto/Mother_Asrock_B760M_Steel_Legend_WIFI_LGA1700_DDR5_15610?cate=49,-,-
solo_compragamer,mothers,mothers|ASROCK|B650M|AM5|B650M|PG|LIGHTNING|AM5,-,-,-,-,-,-,-,-,-,-,-,-,-,-,-,-,-,15670.0,Mother Asrock B650M PG LIGHTNING WIFI AM5 DDR5,Asrock,225400.0,True,-,-,https://compragamer.com/producto/Mother_Asrock_B650M_PG_LIGHTNING_WIFI_AM5_DDR5_15670?cate=26,-,-
solo_compragamer,mothers,mothers|ASROCK|H510M||H510M|HDV|SE|S1200,-,-,-,-,-,-,-,-,-,-,-,-,-,-,-,-,-,15721.0,Mother Asrock H510M-HDV/M.2 SE S1200,Asrock,95050.0,True,-,-,https://compragamer.com/producto/Mother_Asrock_H510M_HDV_M_2_SE_S1200_15721?cate=49,-,-
solo_compragamer,mothers,mothers|MSI|B760M|S1700|B760M|S1700,-,-,-,-,-,-,-,-,-,-,-,-,-,-,-,-,-,15731.0,Mother MSI B760M GAMING PLUS WIFI DDR5 S1700,MSI,245000.0,True,-,-,https://compragamer.com/producto/Mother_MSI_B760M_GAMING_PLUS_WIFI_DDR5_S1700_15731?cate=49,-,-
solo_compragamer,mothers,mothers|ASROCK|Z790I|S1700|Z790I|LIGHTNING|ITX|S1700,-,-,-,-,-,-,-,-,-,-,-,-,-,-,-,-,-,15837.0,Mother Asrock Z790I Lightning WIFI ITX DDR5 S1700,Asrock,295500.0,True,-,-,https://compragamer.com/producto/Mother_Asrock_Z790I_Lightning_WIFI_ITX_DDR5_S1700_15837?cate=49,-,-
solo_compragamer,mothers,mothers|ASROCK|B760M|S1700|B760M|PG|LIGHTNING|S1700,-,-,-,-,-,-,-,-,-,-,-,-,-,-,-,-,-,15894.0,Mother Asrock B760M PG Lightning WIFI S1700 DDR5,Asrock,196000.0,True,-,-,https://compragamer.com/producto/Mother_Asrock_B760M_PG_Lightning_WIFI_S1700_DDR5_15894?cate=49,-,-
solo_compragamer,mothers,mothers|MSI|B760M|S1700|B760M|S1700,-,-,-,-,-,-,-,-,-,-,-,-,-,-,-,-,-,15910.0,Mother MSI B760M-E PRO S1700 DDR5,MSI,149500.0,True,-,-,https://compragamer.com/producto/Mother_MSI_B760M_E_PRO_S1700_DDR5_15910?cate=49,-,-
solo_compragamer,mothers,mothers|ASROCK|B650I|AM5|B650I|LIGHTNING|AM5|ITX,-,-,-,-,-,-,-,-,-,-,-,-,-,-,-,-,-,16248.0,Mother Asrock B650I Lightning WIFI AM5 DDR5 ITX,Asrock,352250.0,True,-,-,https://compragamer.com/producto/Mother_Asrock_B650I_Lightning_WIFI_AM5_DDR5_ITX_16248?cate=26,-,-
solo_compragamer,mothers,mothers|ASROCK|B760M|S1700|B760M|ITX|S1700,-,-,-,-,-,-,-,-,-,-,-,-,-,-,-,-,-,16249.0,Mother Asrock B760M-ITX WIFI S1700 DDR4,Asrock,231900.0,True,-,-,https://compragamer.com/producto/Mother_Asrock_B760M_ITX_WIFI_S1700_DDR4_16249?cate=49,-,-
solo_compragamer,mothers,mothers|ASROCK|H610M|S1700|H610M|HDV|M2|S1700,-,-,-,-,-,-,-,-,-,-,-,-,-,-,-,-,-,16250.0,Mother Asrock H610M-HDV/M2+ DDR5 S1700,Asrock,108450.0,True,-,-,https://compragamer.com/producto/Mother_Asrock_H610M_HDV_M2_DDR5_S1700_16250?cate=49,-,-
solo_compragamer,mothers,mothers|ASUS|A520M|AM4|PRIME|A520M|CSM|AM4,-,-,-,-,-,-,-,-,-,-,-,-,-,-,-,-,-,16252.0,Mother ASUS PRIME A520M-K/CSM DDR4 AM4,Asus,86900.0,True,-,-,https://compragamer.com/producto/Mother_ASUS_PRIME_A520M_K_CSM_DDR4_AM4_16252?cate=26,-,-
solo_compragamer,mothers,mothers|ASUS|X870|AM5|PRIME|X870|AM5,-,-,-,-,-,-,-,-,-,-,-,-,-,-,-,-,-,16441.0,Mother ASUS PRIME X870-P WIFI DDR5 AM5,Asus,424500.0,True,-,-,https://compragamer.com/producto/Mother_ASUS_PRIME_X870_P_WIFI_DDR5_AM5_16441?cate=26,-,-
solo_compragamer,mothers,mothers|ASUS|X870|AM5|TUF|X870|AM5,-,-,-,-,-,-,-,-,-,-,-,-,-,-,-,-,-,16442.0,Mother ASUS TUF GAMING X870-PLUS WIFI DDR5 AM5,Asus,525600.0,True,-,-,https://compragamer.com/producto/Mother_ASUS_TUF_GAMING_X870_PLUS_WIFI_DDR5_AM5_16442?cate=26,-,-
solo_compragamer,mothers,mothers|ASUS|X870|AM5|ROG|STRIX|X870|AM5,-,-,-,-,-,-,-,-,-,-,-,-,-,-,-,-,-,16443.0,Mother ASUS ROG STRIX X870-A GAMING WIFI DDR5 AM5,Asus,586100.0,True,-,-,https://compragamer.com/producto/Mother_ASUS_ROG_STRIX_X870_A_GAMING_WIFI_DDR5_AM5_16443?cate=26,-,-
solo_compragamer,mothers,mothers|ASUS|X870E|AM5|ROG|STRIX|X870E|AM5,-,-,-,-,-,-,-,-,-,-,-,-,-,-,-,-,-,16444.0,Mother ASUS ROG STRIX X870E-E GAMING WIFI DDR5 AM5,Asus,920900.0,True,-,-,https://compragamer.com/producto/Mother_ASUS_ROG_STRIX_X870E_E_GAMING_WIFI_DDR5_AM5_16444?cate=26,-,-
solo_compragamer,mothers,mothers|ASUS|X870E|AM5|ROG|CROSSHAIR|X870E|HERO|AM5,-,-,-,-,-,-,-,-,-,-,-,-,-,-,-,-,-,16445.0,Mother ASUS ROG CROSSHAIR X870E HERO DDR5 AM5,Asus,1239100.0,True,-,-,https://compragamer.com/producto/Mother_ASUS_ROG_CROSSHAIR_X870E_HERO_DDR5_AM5_16445?cate=26,-,-
solo_compragamer,mothers,mothers|ASUS|B760M||TUF|B760M|II|12|13,-,-,-,-,-,-,-,-,-,-,-,-,-,-,-,-,-,16447.0,Mother ASUS TUF GAMING B760M-PLUS WIFI II 12/13/14th Gen LGA1700 DDR5,Asus,324000.0,True,-,-,https://compragamer.com/producto/Mother_ASUS_TUF_GAMING_B760M_PLUS_WIFI_II_12_13_14th_Gen_LGA1700_DDR5_16447?cate=49,-,-
solo_compragamer,mothers,mothers|ASROCK|B760M|S1700|B760M|RS|S1700,-,-,-,-,-,-,-,-,-,-,-,-,-,-,-,-,-,16588.0,Mother Asrock B760M PRO RS S1700 DDR5,Asrock,176400.0,True,-,-,https://compragamer.com/producto/Mother_Asrock_B760M_PRO_RS_S1700_DDR5_16588?cate=49,-,-
solo_compragamer,mothers,mothers|ASUS|B760M||PRIME|B760M|CSM|LGA1700,-,-,-,-,-,-,-,-,-,-,-,-,-,-,-,-,-,16617.0,Mother ASUS PRIME B760M-A CSM LGA1700 DDR5,Asus,192900.0,True,-,-,https://compragamer.com/producto/Mother_ASUS_PRIME_B760M_A_CSM_LGA1700_DDR5_16617?cate=49,-,-
solo_compragamer,mothers,mothers|ASROCK|B650M|AM5|B650M|AM5,-,-,-,-,-,-,-,-,-,-,-,-,-,-,-,-,-,16649.0,Mother Asrock B650M-H/M.2+ AM5 DDR5,Asrock,142200.0,True,-,-,https://compragamer.com/producto/Mother_Asrock_B650M_H_M_2_AM5_DDR5_16649?cate=26,-,-
solo_compragamer,mothers,mothers|ASROCK|B650M|AM5|B650M|RS|AM5,-,-,-,-,-,-,-,-,-,-,-,-,-,-,-,-,-,16653.0,Mother Asrock B650M PRO RS AM5 DDR5,Asrock,225400.0,True,-,-,https://compragamer.com/producto/Mother_Asrock_B650M_PRO_RS_AM5_DDR5_16653?cate=26,-,-
solo_compragamer,mothers,mothers|ASROCK|B650M|AM5|B650M|RS|AM5,-,-,-,-,-,-,-,-,-,-,-,-,-,-,-,-,-,16655.0,Mother Asrock B650M PRO RS WIFI AM5 DDR5,Asrock,246700.0,True,-,-,https://compragamer.com/producto/Mother_Asrock_B650M_PRO_RS_WIFI_AM5_DDR5_16655?cate=26,-,-
solo_compragamer,mothers,mothers|ASROCK|B650M|AM5|B650M|PG|RIPTIDE|AM5,-,-,-,-,-,-,-,-,-,-,-,-,-,-,-,-,-,16656.0,Mother Asrock B650M PG RIPTIDE WIFI AM5 DDR5,Asrock,291200.0,True,-,-,https://compragamer.com/producto/Mother_Asrock_B650M_PG_RIPTIDE_WIFI_AM5_DDR5_16656?cate=26,-,-
solo_compragamer,mothers,mothers|ASROCK|X870|AM5|X870|RS|AM5,-,-,-,-,-,-,-,-,-,-,-,-,-,-,-,-,-,16657.0,Mother Asrock X870 PRO RS WIFI DDR5 AM5,Asrock,375900.0,True,-,-,https://compragamer.com/producto/Mother_Asrock_X870_PRO_RS_WIFI_DDR5_AM5_16657?cate=26,-,-
solo_compragamer,mothers,mothers|ASROCK|X870|AM5|X870|STEEL|LEGEND|AM5,-,-,-,-,-,-,-,-,-,-,-,-,-,-,-,-,-,16658.0,Mother Asrock X870 STEEL LEGEND WIFI DDR5 AM5,Asrock,478550.0,True,-,-,https://compragamer.com/producto/Mother_Asrock_X870_STEEL_LEGEND_WIFI_DDR5_AM5_16658?cate=26,-,-
solo_compragamer,mothers,mothers|ASROCK|X870|AM5|X870|RIPTIDE|AM5,-,-,-,-,-,-,-,-,-,-,-,-,-,-,-,-,-,16659.0,Mother Asrock X870 RIPTIDE WIFI DDR5 AM5,Asrock,501950.0,True,-,-,https://compragamer.com/producto/Mother_Asrock_X870_RIPTIDE_WIFI_DDR5_AM5_16659?cate=26,-,-
solo_compragamer,mothers,mothers|ASUS|Z890||TUF|Z890|LGA1851,-,-,-,-,-,-,-,-,-,-,-,-,-,-,-,-,-,16706.0,Mother ASUS TUF GAMING Z890-PLUS WIFI LGA1851,Asus,535010.0,True,-,-,https://compragamer.com/producto/Mother_ASUS_TUF_GAMING_Z890_PLUS_WIFI_LGA1851_16706?cate=49,-,-
solo_compragamer,mothers,mothers|ASROCK|B760||B760|RS|LGA1700,-,-,-,-,-,-,-,-,-,-,-,-,-,-,-,-,-,16878.0,Mother Asrock B760 PRO RS LGA1700 DDR5,Asrock,220800.0,True,-,-,https://compragamer.com/producto/Mother_Asrock_B760_PRO_RS_LGA1700_DDR5_16878?cate=49,-,-
solo_compragamer,mothers,mothers|ASUS|B840M|AM5|PRIME|B840M|AM5,-,-,-,-,-,-,-,-,-,-,-,-,-,-,-,-,-,16891.0,Mother ASUS PRIME B840M-A WIFI AM5 DDR5,Asus,232450.0,True,-,-,https://compragamer.com/producto/Mother_ASUS_PRIME_B840M_A_WIFI_AM5_DDR5_16891?cate=26,-,-
solo_compragamer,mothers,mothers|ASUS|Z890||ROG|STRIX|Z890|LGA1851,-,-,-,-,-,-,-,-,-,-,-,-,-,-,-,-,-,16892.0,Mother ASUS ROG STRIX Z890-A GAMING WIFI LGA1851,Asus,693950.0,True,-,-,https://compragamer.com/producto/Mother_ASUS_ROG_STRIX_Z890_A_GAMING_WIFI_LGA1851_16892?cate=49,-,-
solo_compragamer,mothers,mothers|ASUS|Z890||ROG|STRIX|Z890|LGA1851,-,-,-,-,-,-,-,-,-,-,-,-,-,-,-,-,-,16893.0,Mother ASUS ROG STRIX Z890-E GAMING WIFI LGA1851,Asus,853000.0,True,-,-,https://compragamer.com/producto/Mother_ASUS_ROG_STRIX_Z890_E_GAMING_WIFI_LGA1851_16893?cate=49,-,-
solo_compragamer,mothers,mothers|ASUS|B840M|AM5|PRIME|B840M|AM5,-,-,-,-,-,-,-,-,-,-,-,-,-,-,-,-,-,16895.0,Mother ASUS PRIME B840M-A AM5 DDR5,Asus,196950.0,True,-,-,https://compragamer.com/producto/Mother_ASUS_PRIME_B840M_A_AM5_DDR5_16895?cate=26,-,-
solo_compragamer,mothers,mothers|ASUS|B850M|AM5|TUF|B850M|AM5,-,-,-,-,-,-,-,-,-,-,-,-,-,-,-,-,-,16896.0,Mother ASUS TUF GAMING B850M-PLUS WIFI AM5 DDR5,Asus,357990.0,True,-,-,https://compragamer.com/producto/Mother_ASUS_TUF_GAMING_B850M_PLUS_WIFI_AM5_DDR5_16896?cate=26,-,-
solo_compragamer,mothers,mothers|ASUS|Z890||PRIME|Z890|LGA1851,-,-,-,-,-,-,-,-,-,-,-,-,-,-,-,-,-,16899.0,Mother ASUS PRIME Z890-P WIFI LGA1851 DDR5,Asus,406060.0,True,-,-,https://compragamer.com/producto/Mother_ASUS_PRIME_Z890_P_WIFI_LGA1851_DDR5_16899?cate=49,-,-
solo_compragamer,mothers,mothers|ASROCK|X870E|AM5|X870E|TAICHI|LITE|AM5,-,-,-,-,-,-,-,-,-,-,-,-,-,-,-,-,-,16931.0,Mother Asrock X870E TAICHI LITE DDR5 AM5,Asrock,700150.0,True,-,-,https://compragamer.com/producto/Mother_Asrock_X870E_TAICHI_LITE_DDR5_AM5_16931?cate=26,-,-
solo_compragamer,mothers,mothers|ASUS|B850|AM5|TUF|B850|AM5,-,-,-,-,-,-,-,-,-,-,-,-,-,-,-,-,-,16936.0,Mother ASUS TUF GAMING B850-PLUS WIFI AM5 DDR5,Asus,419850.0,True,-,-,https://compragamer.com/producto/Mother_ASUS_TUF_GAMING_B850_PLUS_WIFI_AM5_DDR5_16936?cate=26,-,-
solo_compragamer,mothers,mothers|ASUS|B850|AM5|ROG|STRIX|B850|AM5,-,-,-,-,-,-,-,-,-,-,-,-,-,-,-,-,-,16938.0,Mother ASUS ROG STRIX B850-F GAMING WIFI AM5 DDR5,Asus,534600.0,True,-,-,https://compragamer.com/producto/Mother_ASUS_ROG_STRIX_B850_F_GAMING_WIFI_AM5_DDR5_16938?cate=26,-,-
solo_compragamer,mothers,mothers|ASUS|B850|AM5|ROG|STRIX|B850|AM5,-,-,-,-,-,-,-,-,-,-,-,-,-,-,-,-,-,16939.0,Mother ASUS ROG STRIX B850-E GAMING WIFI AM5 DDR5,Asus,640650.0,True,-,-,https://compragamer.com/producto/Mother_ASUS_ROG_STRIX_B850_E_GAMING_WIFI_AM5_DDR5_16939?cate=26,-,-
solo_compragamer,mothers,mothers|ASUS|Z890||ROG|MAXIMUS|Z890|HERO|LGA1851,-,-,-,-,-,-,-,-,-,-,-,-,-,-,-,-,-,16940.0,Mother ASUS ROG MAXIMUS Z890 HERO LGA1851,Asus,1213250.0,True,-,-,https://compragamer.com/producto/Mother_ASUS_ROG_MAXIMUS_Z890_HERO_LGA1851_16940?cate=49,-,-
solo_compragamer,mothers,mothers|ASROCK|A620M|AM5|A620M|RS|AM5,-,-,-,-,-,-,-,-,-,-,-,-,-,-,-,-,-,17067.0,Mother Asrock A620M PRO RS AM5 DDR5,Asrock,206700.0,True,-,-,https://compragamer.com/producto/Mother_Asrock_A620M_PRO_RS_AM5_DDR5_17067?cate=26,-,-
solo_compragamer,mothers,mothers|ASROCK|X870|AM5|X870|RS|AM5,-,-,-,-,-,-,-,-,-,-,-,-,-,-,-,-,-,17069.0,Mother Asrock X870 PRO RS DDR5 AM5,Asrock,352850.0,True,-,-,https://compragamer.com/producto/Mother_Asrock_X870_PRO_RS_DDR5_AM5_17069?cate=26,-,-
solo_compragamer,mothers,mothers|MSI|B760M|S1700|B760M|S1700,-,-,-,-,-,-,-,-,-,-,-,-,-,-,-,-,-,17074.0,Mother MSI PRO B760M-P DDR5 S1700,MSI,202850.0,True,-,-,https://compragamer.com/producto/Mother_MSI_PRO_B760M_P_DDR5_S1700_17074?cate=49,-,-
solo_compragamer,mothers,mothers|MSI|B850|AM5|B850|AM5,-,-,-,-,-,-,-,-,-,-,-,-,-,-,-,-,-,17075.0,Mother MSI B850 GAMING PLUS WIFI AM5 DDR5,MSI,337400.0,True,-,-,https://compragamer.com/producto/Mother_MSI_B850_GAMING_PLUS_WIFI_AM5_DDR5_17075?cate=26,-,-
solo_compragamer,mothers,mothers|MSI|B860||B860|LGA1851,-,-,-,-,-,-,-,-,-,-,-,-,-,-,-,-,-,17189.0,Mother MSI B860 GAMING PLUS WIFI LGA1851 DDR5,MSI,331550.0,True,-,-,https://compragamer.com/producto/Mother_MSI_B860_GAMING_PLUS_WIFI_LGA1851_DDR5_17189?cate=49,-,-
solo_compragamer,mothers,mothers|MSI|B860M||B860M|LGA1851,-,-,-,-,-,-,-,-,-,-,-,-,-,-,-,-,-,17190.0,Mother MSI B860M GAMING PLUS WIFI LGA1851 DDR5,MSI,311550.0,True,-,-,https://compragamer.com/producto/Mother_MSI_B860M_GAMING_PLUS_WIFI_LGA1851_DDR5_17190?cate=49,-,-
solo_compragamer,mothers,mothers|MSI|B860||MAG|B860|TOMAHAWK|LGA1851,-,-,-,-,-,-,-,-,-,-,-,-,-,-,-,-,-,17191.0,Mother MSI MAG B860 TOMAHAWK WIFI LGA1851 DDR5,MSI,411000.0,True,-,-,https://compragamer.com/producto/Mother_MSI_MAG_B860_TOMAHAWK_WIFI_LGA1851_DDR5_17191?cate=49,-,-
solo_compragamer,mothers,mothers|ASROCK|Z890||Z890|RS|LGA1851,-,-,-,-,-,-,-,-,-,-,-,-,-,-,-,-,-,17333.0,Mother Asrock Z890 PRO RS LGA1851 DDR5,Asrock,403150.0,True,-,-,https://compragamer.com/producto/Mother_Asrock_Z890_PRO_RS_LGA1851_DDR5_17333?cate=49,-,-
solo_compragamer,mothers,mothers|ASROCK|Z890||Z890|TAICHI|LGA1851,-,-,-,-,-,-,-,-,-,-,-,-,-,-,-,-,-,17334.0,Mother Asrock Z890 TAICHI WIFI LGA1851 DDR5,Asrock,888200.0,True,-,-,https://compragamer.com/producto/Mother_Asrock_Z890_TAICHI_WIFI_LGA1851_DDR5_17334?cate=49,-,-
solo_compragamer,mothers,mothers|ASROCK|Z890||Z890|RS|LGA1851,-,-,-,-,-,-,-,-,-,-,-,-,-,-,-,-,-,17335.0,Mother Asrock Z890 PRO RS WIFI LGA1851 DDR5,Asrock,420950.0,True,-,-,https://compragamer.com/producto/Mother_Asrock_Z890_PRO_RS_WIFI_LGA1851_DDR5_17335?cate=49,-,-
solo_compragamer,mothers,mothers|ASROCK|Z890||Z890|RIPTIDE|LGA1851,-,-,-,-,-,-,-,-,-,-,-,-,-,-,-,-,-,17336.0,Mother Asrock Z890 RIPTIDE WIFI LGA1851 DDR5,Asrock,529250.0,True,-,-,https://compragamer.com/producto/Mother_Asrock_Z890_RIPTIDE_WIFI_LGA1851_DDR5_17336?cate=49,-,-
solo_compragamer,mothers,mothers|ASROCK|B860||B860|STEEL|LEGEND|LGA1851,-,-,-,-,-,-,-,-,-,-,-,-,-,-,-,-,-,17349.0,Mother Asrock B860 STEEL LEGEND WIFI LGA1851 DDR5,Asrock,357650.0,True,-,-,https://compragamer.com/producto/Mother_Asrock_B860_STEEL_LEGEND_WIFI_LGA1851_DDR5_17349?cate=49,-,-
solo_compragamer,mothers,mothers|ASUS|Z890||Z890|AYW|LGA1851,-,-,-,-,-,-,-,-,-,-,-,-,-,-,-,-,-,17502.0,Mother ASUS Z890 AYW GAMING WIFI W LGA1851,Asus,384970.0,True,-,-,https://compragamer.com/producto/Mother_ASUS_Z890_AYW_GAMING_WIFI_W_LGA1851_17502?cate=49,-,-
solo_compragamer,mothers,mothers|MSI|H610M|S1700|H610M|S1700,-,-,-,-,-,-,-,-,-,-,-,-,-,-,-,-,-,17549.0,Mother MSI PRO H610M-S DDR5 S1700,MSI,100450.0,True,-,-,https://compragamer.com/producto/Mother_MSI_PRO_H610M_S_DDR5_S1700_17549?cate=49,-,-
solo_compragamer,mothers,mothers|ASROCK|B850|AM5|B850|RIPTIDE|AM5,-,-,-,-,-,-,-,-,-,-,-,-,-,-,-,-,-,17609.0,Mother Asrock B850 RIPTIDE WIFI AM5 DDR5,Asrock,403700.0,True,-,-,https://compragamer.com/producto/Mother_Asrock_B850_RIPTIDE_WIFI_AM5_DDR5_17609?cate=26,-,-
solo_compragamer,mothers,mothers|ASROCK|B850|AM5|B850|STEEL|LEGEND|AM5,-,-,-,-,-,-,-,-,-,-,-,-,-,-,-,-,-,17610.0,Mother Asrock B850 STEEL LEGEND WIFI AM5 DDR5,Asrock,366200.0,True,-,-,https://compragamer.com/producto/Mother_Asrock_B850_STEEL_LEGEND_WIFI_AM5_DDR5_17610?cate=26,-,-
solo_compragamer,mothers,mothers|ASROCK|B850|AM5|B850|RS|AM5,-,-,-,-,-,-,-,-,-,-,-,-,-,-,-,-,-,17611.0,Mother Asrock B850 PRO RS AM5 DDR5,Asrock,300600.0,True,-,-,https://compragamer.com/producto/Mother_Asrock_B850_PRO_RS_AM5_DDR5_17611?cate=26,-,-
solo_compragamer,mothers,mothers|ASROCK|B850M|AM5|B850M|AM5,-,-,-,-,-,-,-,-,-,-,-,-,-,-,-,-,-,17612.0,Mother Asrock B850M PRO-A AM5 DDR5,Asrock,246450.0,True,-,-,https://compragamer.com/producto/Mother_Asrock_B850M_PRO_A_AM5_DDR5_17612?cate=26,-,-
solo_compragamer,mothers,mothers|ASROCK|B850M|AM5|B850M|RS|AM5,-,-,-,-,-,-,-,-,-,-,-,-,-,-,-,-,-,17613.0,Mother Asrock B850M PRO RS WIFI AM5 DDR5,Asrock,276950.0,True,-,-,https://compragamer.com/producto/Mother_Asrock_B850M_PRO_RS_WIFI_AM5_DDR5_17613?cate=26,-,-
solo_compragamer,mothers,mothers|ASROCK|B850M|AM5|B850M|RIPTIDE|AM5,-,-,-,-,-,-,-,-,-,-,-,-,-,-,-,-,-,17614.0,Mother Asrock B850M RIPTIDE WIFI AM5 DDR5,Asrock,360450.0,True,-,-,https://compragamer.com/producto/Mother_Asrock_B850M_RIPTIDE_WIFI_AM5_DDR5_17614?cate=26,-,-
solo_compragamer,mothers,mothers|ASROCK|B860||B860|RS|LGA1851,-,-,-,-,-,-,-,-,-,-,-,-,-,-,-,-,-,17615.0,Mother Asrock B860 PRO RS WIFI LGA1851 DDR5,Asrock,281400.0,True,-,-,https://compragamer.com/producto/Mother_Asrock_B860_PRO_RS_WIFI_LGA1851_DDR5_17615?cate=49,-,-
solo_compragamer,mothers,mothers|ASROCK|B860I||B860I|LIGHTNING|LGA1851|ITX,-,-,-,-,-,-,-,-,-,-,-,-,-,-,-,-,-,17616.0,Mother Asrock B860I LIGHTNING WIFI LGA1851 DDR5 ITX,Asrock,389800.0,True,-,-,https://compragamer.com/producto/Mother_Asrock_B860I_LIGHTNING_WIFI_LGA1851_DDR5_ITX_17616?cate=49,-,-
solo_compragamer,mothers,mothers|ASROCK|B860M||B860M|LIGHTNING|LGA1851,-,-,-,-,-,-,-,-,-,-,-,-,-,-,-,-,-,17617.0,Mother Asrock B860M LIGHTNING WIFI LGA1851 DDR5,Asrock,338250.0,True,-,-,https://compragamer.com/producto/Mother_Asrock_B860M_LIGHTNING_WIFI_LGA1851_DDR5_17617?cate=49,-,-
solo_compragamer,mothers,mothers|ASROCK|B860M||B860M|STEEL|LEGEND|LGA1851,-,-,-,-,-,-,-,-,-,-,-,-,-,-,-,-,-,17620.0,Mother Asrock B860M STEEL LEGEND WIFI LGA1851 DDR5,Asrock,314100.0,True,-,-,https://compragamer.com/producto/Mother_Asrock_B860M_STEEL_LEGEND_WIFI_LGA1851_DDR5_17620?cate=49,-,-
solo_compragamer,mothers,mothers|ASROCK|B850M|AM5|B850M|RS|AM5,-,-,-,-,-,-,-,-,-,-,-,-,-,-,-,-,-,17956.0,Mother Asrock B850M PRO RS AM5 DDR5,Asrock,299700.0,True,-,-,https://compragamer.com/producto/Mother_Asrock_B850M_PRO_RS_AM5_DDR5_17956?cate=26,-,-
solo_compragamer,mothers,mothers|ASROCK|B850M|AM5|B850M|AM5,-,-,-,-,-,-,-,-,-,-,-,-,-,-,-,-,-,18234.0,Mother Asrock B850M PRO-A WIFI AM5 DDR5,Asrock,257000.0,True,-,-,https://compragamer.com/producto/Mother_Asrock_B850M_PRO_A_WIFI_AM5_DDR5_18234?cate=26,-,-
solo_compragamer,mothers,mothers|ASROCK|B650M||B650M|X3D,-,-,-,-,-,-,-,-,-,-,-,-,-,-,-,-,-,18397.0,Mother Asrock B650M PRO X3D WIFI,Asrock,259600.0,True,-,-,https://compragamer.com/producto/Mother_Asrock_B650M_PRO_X3D_WIFI_18397?cate=26,-,-
solo_compragamer,mothers,mothers|ASROCK|B850||B850,-,-,-,-,-,-,-,-,-,-,-,-,-,-,-,-,-,18398.0,Mother Asrock B850 PRO-A WIFI,Asrock,330900.0,True,-,-,https://compragamer.com/producto/Mother_Asrock_B850_PRO_A_WIFI_18398?cate=26,-,-
solo_compragamer,mothers,mothers|ASROCK|B850I||B850I|LIGHTNING|ITX|MINI,-,-,-,-,-,-,-,-,-,-,-,-,-,-,-,-,-,18399.0,Mother Asrock B850I LIGHTNING WIFI ITX MINI,Asrock,352000.0,True,-,-,https://compragamer.com/producto/Mother_Asrock_B850I_LIGHTNING_WIFI_ITX_MINI_18399?cate=26,-,-
solo_compragamer,mothers,mothers|ASROCK|B850M|AM5|B850M|STEEL|LEGEND|AM5,-,-,-,-,-,-,-,-,-,-,-,-,-,-,-,-,-,18400.0,Mother Asrock B850M STEEL LEGEND WIFI AM5 DDR5,Asrock,313600.0,True,-,-,https://compragamer.com/producto/Mother_Asrock_B850M_STEEL_LEGEND_WIFI_AM5_DDR5_18400?cate=26,-,-
solo_compragamer,mothers,mothers|ASUS|B650M|AM5|B650M|AYW|AM5,-,-,-,-,-,-,-,-,-,-,-,-,-,-,-,-,-,18403.0,Mother ASUS B650M-AYW WIFI AM5 DDR5,Asus,212250.0,True,-,-,https://compragamer.com/producto/Mother_ASUS_B650M_AYW_WIFI_AM5_DDR5_18403?cate=26,-,-
solo_compragamer,mothers,mothers|ASUS|B650EM|AM5,-,-,-,-,-,-,-,-,-,-,-,-,-,-,-,-,-,18406.0,Mother ASUS B650EM-A WIFI AM5 DDR5,Asus,231500.0,True,-,-,https://compragamer.com/producto/Mother_ASUS_B650EM_A_WIFI_AM5_DDR5_18406?cate=26,-,-
solo_compragamer,mothers,mothers|ASUS|B650EM|AM5,-,-,-,-,-,-,-,-,-,-,-,-,-,-,-,-,-,18407.0,Mother ASUS B650EM-A AM5 DDR5,Asus,211000.0,True,-,-,https://compragamer.com/producto/Mother_ASUS_B650EM_A_AM5_DDR5_18407?cate=26,-,-
solo_compragamer,mothers,mothers|ASUS|B840M|AM5|PRIME|B840M|CSM|AM5,-,-,-,-,-,-,-,-,-,-,-,-,-,-,-,-,-,18410.0,Mother ASUS PRIME B840M-A CSM AM5 DDR5,Asus,214300.0,True,-,-,https://compragamer.com/producto/Mother_ASUS_PRIME_B840M_A_CSM_AM5_DDR5_18410?cate=26,-,-
solo_compragamer,mothers,mothers|ASROCK|B850|AM5|B850|RS|AM5,-,-,-,-,-,-,-,-,-,-,-,-,-,-,-,-,-,18448.0,Mother Asrock B850 PRO RS WIFI AM5 DDR5,Asrock,343300.0,True,-,-,https://compragamer.com/producto/Mother_Asrock_B850_PRO_RS_WIFI_AM5_DDR5_18448?cate=26,-,-
solo_compragamer,mothers,mothers|ASROCK|B850M|AM5|B850M|RS|AM5,-,-,-,-,-,-,-,-,-,-,-,-,-,-,-,-,-,18454.0,Mother Asrock B850M PRO RS WIFI WHITE AM5 DDR5,Asrock,290400.0,True,-,-,https://compragamer.com/producto/Mother_Asrock_B850M_PRO_RS_WIFI_WHITE_AM5_DDR5_18454?cate=26,-,-
solo_compragamer,mothers,mothers|ASROCK|B650M|AM5|B650M|HDV|AM5,-,-,-,-,-,-,-,-,-,-,-,-,-,-,-,-,-,18465.0,Mother Asrock B650M-HDV/M.2 WHITE AM5 DDR5,Asrock,175950.0,True,-,-,https://compragamer.com/producto/Mother_Asrock_B650M_HDV_M_2_WHITE_AM5_DDR5_18465?cate=26,-,-
solo_compragamer,mothers,mothers|ASUS|B760M||PRIME|B760M|12|13|14TH,-,-,-,-,-,-,-,-,-,-,-,-,-,-,-,-,-,18486.0,Mother ASUS PRIME B760M-K DDR5 12/13/14th Gen LGA1700,Asus,152300.0,True,-,-,https://compragamer.com/producto/Mother_ASUS_PRIME_B760M_K_DDR5_12_13_14th_Gen_LGA1700_18486?cate=49,-,-
solo_compragamer,mothers,mothers|MSI|B840M||B840M|WIFI6E,-,-,-,-,-,-,-,-,-,-,-,-,-,-,-,-,-,18491.0,Mother MSI B840M-P PRO WIFI6E,MSI,216000.0,True,-,-,https://compragamer.com/producto/Mother_MSI_B840M_P_PRO_WIFI6E_18491?cate=26,-,-
solo_compragamer,mothers,mothers|ASUS|B550M||PRIME|B550M,-,-,-,-,-,-,-,-,-,-,-,-,-,-,-,-,-,18496.0,Mother ASUS PRIME B550M-K ARGB DDR4,Asus,133050.0,True,-,-,https://compragamer.com/producto/Mother_ASUS_PRIME_B550M_K_ARGB_DDR4_18496?cate=26,-,-
solo_compragamer,mothers,mothers|ASUS|TUF|B650EM,-,-,-,-,-,-,-,-,-,-,-,-,-,-,-,-,-,18497.0,Mother ASUS TUF B650EM-PLUS WIFI,Asus,314300.0,True,-,-,https://compragamer.com/producto/Mother_ASUS_TUF_B650EM_PLUS_WIFI_18497?cate=26,-,-
solo_compragamer,mothers,mothers|ASUS|B760M||PRIME|B760M|12|13|14TH,-,-,-,-,-,-,-,-,-,-,-,-,-,-,-,-,-,18538.0,Mother ASUS PRIME B760M-A 12/13/14th Gen LGA1700 DDR5,Asus,192900.0,True,-,-,https://compragamer.com/producto/Mother_ASUS_PRIME_B760M_A_12_13_14th_Gen_LGA1700_DDR5_18538?cate=49,-,-
solo_compragamer,mothers,mothers|MSI|B850M|AM5|B850M|6E|AM5,-,-,-,-,-,-,-,-,-,-,-,-,-,-,-,-,-,18540.0,Mother MSI B850M GAMING PLUS WIFI 6E AM5 DDR5,MSI,297250.0,True,-,-,https://compragamer.com/producto/Mother_MSI_B850M_GAMING_PLUS_WIFI_6E_AM5_DDR5_18540?cate=26,-,-
solo_compragamer,mothers,mothers|ASUS|B850M|AM5|TUF|B850M|AM5,-,-,-,-,-,-,-,-,-,-,-,-,-,-,-,-,-,18649.0,Mother ASUS TUF GAMING B850M-E WIFI AM5 DDR5,Asus,336550.0,True,-,-,https://compragamer.com/producto/Mother_ASUS_TUF_GAMING_B850M_E_WIFI_AM5_DDR5_18649?cate=26,-,-
solo_compragamer,mothers,mothers|ASUS|B850M|AM5|PRIME|B850M|AM5,-,-,-,-,-,-,-,-,-,-,-,-,-,-,-,-,-,18650.0,Mother ASUS PRIME B850M-A WIFI AM5 DDR5,Asus,267850.0,True,-,-,https://compragamer.com/producto/Mother_ASUS_PRIME_B850M_A_WIFI_AM5_DDR5_18650?cate=26,-,-
solo_compragamer,mothers,mothers|ASUS|B850M|AM5|PRIME|B850M|AM5,-,-,-,-,-,-,-,-,-,-,-,-,-,-,-,-,-,18651.0,Mother ASUS PRIME B850M-A AM5 DDR5,Asus,243550.0,True,-,-,https://compragamer.com/producto/Mother_ASUS_PRIME_B850M_A_AM5_DDR5_18651?cate=26,-,-
solo_compragamer,mothers,mothers|ASUS|B850M|AM5|PRIME|B850M|AYW|AM5,-,-,-,-,-,-,-,-,-,-,-,-,-,-,-,-,-,18652.0,Mother ASUS PRIME B850M AYW GAMING WIFI AM5 DDR5,Asus,252650.0,True,-,-,https://compragamer.com/producto/Mother_ASUS_PRIME_B850M_AYW_GAMING_WIFI_AM5_DDR5_18652?cate=26,-,-
solo_compragamer,mothers,mothers|ASUS|B850|AM5|TUF|B850|AM5,-,-,-,-,-,-,-,-,-,-,-,-,-,-,-,-,-,18653.0,Mother ASUS TUF GAMING B850-E WIFI AM5 DDR5,Asus,353750.0,True,-,-,https://compragamer.com/producto/Mother_ASUS_TUF_GAMING_B850_E_WIFI_AM5_DDR5_18653?cate=26,-,-
solo_compragamer,mothers,mothers|ASUS|B850|AM5|PRIME|B850|AM5,-,-,-,-,-,-,-,-,-,-,-,-,-,-,-,-,-,18654.0,Mother ASUS PRIME B850-PLUS AM5 DDR5,Asus,344700.0,True,-,-,https://compragamer.com/producto/Mother_ASUS_PRIME_B850_PLUS_AM5_DDR5_18654?cate=26,-,-
solo_compragamer,mothers,mothers|ASUS|B860M||PRIME|B860M|LGA1851,-,-,-,-,-,-,-,-,-,-,-,-,-,-,-,-,-,18655.0,Mother ASUS PRIME B860M-K LGA1851 DDR5,Asus,185800.0,True,-,-,https://compragamer.com/producto/Mother_ASUS_PRIME_B860M_K_LGA1851_DDR5_18655?cate=49,-,-
solo_compragamer,mothers,mothers|ASUS|B860||TUF|B860|LGA1851,-,-,-,-,-,-,-,-,-,-,-,-,-,-,-,-,-,18658.0,Mother ASUS TUF GAMING B860-PLUS WIFI LGA1851 DDR5,Asus,352650.0,True,-,-,https://compragamer.com/producto/Mother_ASUS_TUF_GAMING_B860_PLUS_WIFI_LGA1851_DDR5_18658?cate=49,-,-
solo_compragamer,mothers,mothers|ASROCK|A620AI|AM5,-,-,-,-,-,-,-,-,-,-,-,-,-,-,-,-,-,18910.0,Mother Asrock A620AI WIFI AM5 DDR5,Asrock,216100.0,True,-,-,https://compragamer.com/producto/Mother_Asrock_A620AI_WIFI_AM5_DDR5_18910?cate=26,-,-
solo_compragamer,mothers,mothers|ASROCK|B650|AM5|B650|STEEL|LEGEND|AM5,-,-,-,-,-,-,-,-,-,-,-,-,-,-,-,-,-,18915.0,Mother Asrock B650 STEEL LEGEND WIFI AM5 DDR5,Asrock,281850.0,True,-,-,https://compragamer.com/producto/Mother_Asrock_B650_STEEL_LEGEND_WIFI_AM5_DDR5_18915?cate=26,-,-
solo_compragamer,mothers,mothers|ASROCK|B850M|AM5|B850M|R2|AM5,-,-,-,-,-,-,-,-,-,-,-,-,-,-,-,-,-,18916.0,Mother Asrock B850M-X R2.0 AM5 DDR5,Asrock,187850.0,True,-,-,https://compragamer.com/producto/Mother_Asrock_B850M_X_R2_0_AM5_DDR5_18916?cate=26,-,-
solo_compragamer,mothers,mothers|ASROCK|B850M|AM5|B850M|R2|AM5,-,-,-,-,-,-,-,-,-,-,-,-,-,-,-,-,-,18917.0,Mother Asrock B850M-X R2.0 WIFI AM5 DDR5,Asrock,197700.0,True,-,-,https://compragamer.com/producto/Mother_Asrock_B850M_X_R2_0_WIFI_AM5_DDR5_18917?cate=26,-,-
solo_compragamer,mothers,mothers|ASROCK|X870|AM5|X870|AM5,-,-,-,-,-,-,-,-,-,-,-,-,-,-,-,-,-,18918.0,Mother Asrock X870 Pro-A WIFI DDR5 AM5,Asrock,306450.0,True,-,-,https://compragamer.com/producto/Mother_Asrock_X870_Pro_A_WIFI_DDR5_AM5_18918?cate=26,-,-
solo_compragamer,mothers,mothers|ASROCK|B860M||B860M|H2|LGA1851,-,-,-,-,-,-,-,-,-,-,-,-,-,-,-,-,-,18935.0,Mother Asrock B860M-H2 LGA1851 DDR5,Asrock,172350.0,True,-,-,https://compragamer.com/producto/Mother_Asrock_B860M_H2_LGA1851_DDR5_18935?cate=49,-,-
solo_compragamer,mothers,mothers|ASROCK|H810M||H810M|LGA1851,-,-,-,-,-,-,-,-,-,-,-,-,-,-,-,-,-,18936.0,Mother Asrock H810M-H LGA1851 DDR5,Asrock,157650.0,True,-,-,https://compragamer.com/producto/Mother_Asrock_H810M_H_LGA1851_DDR5_18936?cate=49,-,-
solo_compragamer,mothers,mothers|ASROCK|Z890||Z890|LGA1851,-,-,-,-,-,-,-,-,-,-,-,-,-,-,-,-,-,18937.0,Mother Asrock Z890 PRO-A LGA1851 DDR5,Asrock,327250.0,True,-,-,https://compragamer.com/producto/Mother_Asrock_Z890_PRO_A_LGA1851_DDR5_18937?cate=49,-,-
solo_compragamer,mothers,mothers|ASROCK|Z890||Z890|RS|LGA1851,-,-,-,-,-,-,-,-,-,-,-,-,-,-,-,-,-,18938.0,Mother Asrock Z890 PRO RS WIFI WHITE LGA1851 DDR5,Asrock,434800.0,True,-,-,https://compragamer.com/producto/Mother_Asrock_Z890_PRO_RS_WIFI_WHITE_LGA1851_DDR5_18938?cate=49,-,-
solo_compragamer,mothers,mothers|ASROCK|Z890||Z890|STEEL|LEGEND|LGA1851,-,-,-,-,-,-,-,-,-,-,-,-,-,-,-,-,-,18939.0,Mother Asrock Z890 STEEL LEGEND WIFI LGA1851 DDR5,Asrock,477700.0,True,-,-,https://compragamer.com/producto/Mother_Asrock_Z890_STEEL_LEGEND_WIFI_LGA1851_DDR5_18939?cate=49,-,-
solo_compragamer,mothers,mothers|ASROCK|Z890||Z890|TAICHI|LITE|LGA1851,-,-,-,-,-,-,-,-,-,-,-,-,-,-,-,-,-,18940.0,Mother Asrock Z890 TAICHI LITE WIFI LGA1851 DDR5,Asrock,728850.0,True,-,-,https://compragamer.com/producto/Mother_Asrock_Z890_TAICHI_LITE_WIFI_LGA1851_DDR5_18940?cate=49,-,-
solo_compragamer,mothers,mothers|ASROCK|Z890I||Z890I|NOVA|ITX|LGA1851,-,-,-,-,-,-,-,-,-,-,-,-,-,-,-,-,-,18941.0,Mother Asrock Z890I NOVA WIFI ITX LGA1851 DDR5,Asrock,537700.0,True,-,-,https://compragamer.com/producto/Mother_Asrock_Z890I_NOVA_WIFI_ITX_LGA1851_DDR5_18941?cate=49,-,-
solo_compragamer,mothers,mothers|ASUS|B850M|AM5|PRIME|B850M|AM5,-,-,-,-,-,-,-,-,-,-,-,-,-,-,-,-,-,18987.0,Mother ASUS PRIME B850M-K AM5 DDR5,Asus,223350.0,True,-,-,https://compragamer.com/producto/Mother_ASUS_PRIME_B850M_K_AM5_DDR5_18987?cate=26,-,-
solo_compragamer,mothers,mothers|ASUS|TUF|A620AM|AM5,-,-,-,-,-,-,-,-,-,-,-,-,-,-,-,-,-,18988.0,Mother ASUS TUF GAMING A620AM-PLUS WIFI AM5 DDR5,Asus,209250.0,True,-,-,https://compragamer.com/producto/Mother_ASUS_TUF_GAMING_A620AM_PLUS_WIFI_AM5_DDR5_18988?cate=26,-,-
solo_compragamer,mothers,mothers|ASUS|TUF|A620AM|AM5,-,-,-,-,-,-,-,-,-,-,-,-,-,-,-,-,-,18989.0,Mother ASUS TUF GAMING A620AM-PLUS AM5 DDR5,Asus,192000.0,True,-,-,https://compragamer.com/producto/Mother_ASUS_TUF_GAMING_A620AM_PLUS_AM5_DDR5_18989?cate=26,-,-
solo_compragamer,mothers,mothers|ASUS|H610M|S1700|PRIME|H610M|S1700,-,-,-,-,-,-,-,-,-,-,-,-,-,-,-,-,-,19107.0,Mother ASUS PRIME H610M-K DDR5 S1700,Asus,114900.0,True,-,-,https://compragamer.com/producto/Mother_ASUS_PRIME_H610M_K_DDR5_S1700_19107?cate=49,-,-
solo_compragamer,mothers,mothers|MSI|B850M|AM5|B850M|6E|AM5,-,-,-,-,-,-,-,-,-,-,-,-,-,-,-,-,-,19264.0,Mother MSI B850M GAMING PRO WIFI 6E AM5 DDR5,MSI,304300.0,True,-,-,https://compragamer.com/producto/Mother_MSI_B850M_GAMING_PRO_WIFI_6E_AM5_DDR5_19264?cate=26,-,-
solo_compragamer,mothers,mothers|MSI|Z890||Z890,-,-,-,-,-,-,-,-,-,-,-,-,-,-,-,-,-,19272.0,Mother MSI PRO Z890-S WIFI WHITE,MSI,369100.0,True,-,-,https://compragamer.com/producto/Mother_MSI_PRO_Z890_S_WIFI_WHITE_19272?cate=49,-,-
solo_compragamer,mothers,mothers|MSI|X870E||X870E,-,-,-,-,-,-,-,-,-,-,-,-,-,-,-,-,-,19273.0,Mother MSI X870E GAMING PLUS WIFI,MSI,452250.0,True,-,-,https://compragamer.com/producto/Mother_MSI_X870E_GAMING_PLUS_WIFI_19273?cate=26,-,-
solo_compragamer,mothers,mothers|MSI|Z890||Z890,-,-,-,-,-,-,-,-,-,-,-,-,-,-,-,-,-,19274.0,Mother MSI Z890 GAMING PLUS WIFI,MSI,379300.0,True,-,-,https://compragamer.com/producto/Mother_MSI_Z890_GAMING_PLUS_WIFI_19274?cate=49,-,-
solo_compragamer,mothers,mothers|MSI|B850M|AM5|B850M|6E|AM5,-,-,-,-,-,-,-,-,-,-,-,-,-,-,-,-,-,19275.0,Mother MSI B850M GAMING WIFI 6E AM5 DDR5,MSI,244450.0,True,-,-,https://compragamer.com/producto/Mother_MSI_B850M_GAMING_WIFI_6E_AM5_DDR5_19275?cate=26,-,-
solo_compragamer,mothers,mothers|MSI|B850||B850|WIFI7,-,-,-,-,-,-,-,-,-,-,-,-,-,-,-,-,-,19276.0,Mother MSI B850-P PRO WIFI7,MSI,329700.0,True,-,-,https://compragamer.com/producto/Mother_MSI_B850_P_PRO_WIFI7_19276?cate=26,-,-
solo_compragamer,mothers,mothers|MSI|B850M|AM5|B850M|GEN4|AM5,-,-,-,-,-,-,-,-,-,-,-,-,-,-,-,-,-,19278.0,Mother MSI B850M-B PRO GEN4 AM5,MSI,168900.0,True,-,-,https://compragamer.com/producto/Mother_MSI_B850M_B_PRO_GEN4_AM5_19278?cate=26,-,-
solo_compragamer,mothers,mothers|MSI|X870E||MPG|X870E|CARBON,-,-,-,-,-,-,-,-,-,-,-,-,-,-,-,-,-,19279.0,Mother MSI MPG X870E CARBON WIFI DDR5,MSI,870450.0,True,-,-,https://compragamer.com/producto/Mother_MSI_MPG_X870E_CARBON_WIFI_DDR5_19279?cate=26,-,-
solo_compragamer,mothers,mothers|MSI|B760M|S1700|B760M|S1700,-,-,-,-,-,-,-,-,-,-,-,-,-,-,-,-,-,19280.0,Mother MSI B760M-A PRO S1700 DDR5 WIFI,MSI,237950.0,True,-,-,https://compragamer.com/producto/Mother_MSI_B760M_A_PRO_S1700_DDR5_WIFI_19280?cate=49,-,-
solo_compragamer,mothers,mothers|MSI|H810M||H810M|LGA1851,-,-,-,-,-,-,-,-,-,-,-,-,-,-,-,-,-,19282.0,Mother MSI H810M-B LGA1851 DDR5,MSI,180650.0,True,-,-,https://compragamer.com/producto/Mother_MSI_H810M_B_LGA1851_DDR5_19282?cate=49,-,-
solo_compragamer,mothers,mothers|MSI|B850||B850|WIFI6E,-,-,-,-,-,-,-,-,-,-,-,-,-,-,-,-,-,19284.0,Mother MSI B850-S PRO WIFI6E,MSI,314150.0,True,-,-,https://compragamer.com/producto/Mother_MSI_B850_S_PRO_WIFI6E_19284?cate=26,-,-
solo_compragamer,mothers,mothers|ASROCK|B650|AM5|B650|RS|AM5,-,-,-,-,-,-,-,-,-,-,-,-,-,-,-,-,-,19444.0,Mother Asrock B650 PRO RS WIFI AM5 DDR5,Asrock,274150.0,True,-,-,https://compragamer.com/producto/Mother_Asrock_B650_PRO_RS_WIFI_AM5_DDR5_19444?cate=26,-,-
solo_compragamer,mothers,mothers|ASROCK|B850|AM5|B850|ROCK|WIFI7|AM5,-,-,-,-,-,-,-,-,-,-,-,-,-,-,-,-,-,19445.0,Mother Asrock B850 ROCK WIFI7 AM5 DDR5,Asrock,332300.0,True,-,-,https://compragamer.com/producto/Mother_Asrock_B850_ROCK_WIFI7_AM5_DDR5_19445?cate=26,-,-
solo_compragamer,mothers,mothers|ASROCK|B860||B860|LGA1851,-,-,-,-,-,-,-,-,-,-,-,-,-,-,-,-,-,19446.0,Mother Asrock B860 PRO-A LGA1851 DDR5,Asrock,249250.0,True,-,-,https://compragamer.com/producto/Mother_Asrock_B860_PRO_A_LGA1851_DDR5_19446?cate=49,-,-
solo_compragamer,mothers,mothers|ASROCK|B860||B860|LGA1851,-,-,-,-,-,-,-,-,-,-,-,-,-,-,-,-,-,19447.0,Mother Asrock B860 PRO-A WIFI LGA1851 DDR5,Asrock,265850.0,True,-,-,https://compragamer.com/producto/Mother_Asrock_B860_PRO_A_WIFI_LGA1851_DDR5_19447?cate=49,-,-
solo_compragamer,mothers,mothers|ASROCK|B860M||B860M|GEN5|LGA1851,-,-,-,-,-,-,-,-,-,-,-,-,-,-,-,-,-,19452.0,Mother Asrock B860M-X GEN5 WIFI LGA1851 DDR5,Asrock,187850.0,True,-,-,https://compragamer.com/producto/Mother_Asrock_B860M_X_GEN5_WIFI_LGA1851_DDR5_19452?cate=49,-,-
solo_compragamer,mothers,mothers|ASROCK|H810M||H810M|LGA1851,-,-,-,-,-,-,-,-,-,-,-,-,-,-,-,-,-,19453.0,Mother Asrock H810M-X WIFI LGA1851 DDR5,Asrock,142350.0,True,-,-,https://compragamer.com/producto/Mother_Asrock_H810M_X_WIFI_LGA1851_DDR5_19453?cate=49,-,-
solo_compragamer,mothers,mothers|ASROCK|X870E|AM5|X870E|TAICHI|OCF|AM5,-,-,-,-,-,-,-,-,-,-,-,-,-,-,-,-,-,19455.0,Mother Asrock X870E TAICHI OCF DDR5 AM5,Asrock,751100.0,True,-,-,https://compragamer.com/producto/Mother_Asrock_X870E_TAICHI_OCF_DDR5_AM5_19455?cate=26,-,-
solo_compragamer,mothers,mothers|ASROCK|Z890||Z890|LGA1851,-,-,-,-,-,-,-,-,-,-,-,-,-,-,-,-,-,19457.0,Mother Asrock Z890 PRO-A WIFI LGA1851 DDR5,Asrock,336050.0,True,-,-,https://compragamer.com/producto/Mother_Asrock_Z890_PRO_A_WIFI_LGA1851_DDR5_19457?cate=49,-,-
solo_compragamer,mothers,mothers|ASROCK|Z890||Z890|TAICHI|AQUA|LGA1851,-,-,-,-,-,-,-,-,-,-,-,-,-,-,-,-,-,19458.0,Mother Asrock Z890 TAICHI AQUA WIFI LGA1851 DDR5,Asrock,988300.0,True,-,-,https://compragamer.com/producto/Mother_Asrock_Z890_TAICHI_AQUA_WIFI_LGA1851_DDR5_19458?cate=49,-,-
solo_compragamer,mothers,mothers|ASROCK|Z890||Z890|TAICHI|OCF|LGA1851,-,-,-,-,-,-,-,-,-,-,-,-,-,-,-,-,-,19460.0,Mother Asrock Z890 TAICHI OCF WIFI LGA1851 DDR5,Asrock,830150.0,True,-,-,https://compragamer.com/producto/Mother_Asrock_Z890_TAICHI_OCF_WIFI_LGA1851_DDR5_19460?cate=49,-,-
solo_compragamer,mothers,mothers|ASROCK|B650M|AM5|B650M|PG|LIGHTNING|AM5|BULK,-,-,-,-,-,-,-,-,-,-,-,-,-,-,-,-,-,19659.0,Mother Asrock B650M PG LIGHTNING WIFI AM5 DDR5  BULK - OUTLET,Asrock,288000.0,True,-,-,https://compragamer.com/producto/Mother_Asrock_B650M_PG_LIGHTNING_WIFI_AM5_DDR5_BULK_OUTLET_19659?cate=26,-,-
solo_compragamer,mothers,mothers|ASROCK|B450M|AM4|B450M|AC|AM4|R2|BULK,-,-,-,-,-,-,-,-,-,-,-,-,-,-,-,-,-,19662.0,Mother Asrock B450M/AC AM4 WIFI R2.0   BULK - OUTLET,Asrock,139300.0,True,-,-,https://compragamer.com/producto/Mother_Asrock_B450M_AC_AM4_WIFI_R2_0_BULK_OUTLET_19662?cate=26,-,-
solo_compragamer,mothers,mothers|ASROCK|B450M|AM4|B450M|AC|AM4|R2|CAJA,-,-,-,-,-,-,-,-,-,-,-,-,-,-,-,-,-,19663.0,Mother Asrock B450M/AC AM4 WIFI R2.0 CAJA BLANCA  BULK - OUTLET,Asrock,139300.0,True,-,-,https://compragamer.com/producto/Mother_Asrock_B450M_AC_AM4_WIFI_R2_0_CAJA_BLANCA_BULK_OUTLET_19663?cate=26,-,-
solo_compragamer,mothers,mothers|ASROCK|B650M|AM5|B650M|HDV|AM5|WHITEBOX|BULK,-,-,-,-,-,-,-,-,-,-,-,-,-,-,-,-,-,19667.0,Mother Asrock B650M-HDV/M.2 AM5 DDR5 WhiteBox  BULK - OUTLET,Asrock,158990.0,True,-,-,https://compragamer.com/producto/Mother_Asrock_B650M_HDV_M_2_AM5_DDR5_WhiteBox_BULK_OUTLET_19667?cate=26,-,-
solo_compragamer,mothers,mothers|ASROCK|X870|AM5|X870|RS|AM5|BULK|OUTLET,-,-,-,-,-,-,-,-,-,-,-,-,-,-,-,-,-,19673.0,Mother Asrock X870 PRO RS DDR5 AM5  BULK - OUTLET,Asrock,361400.0,True,-,-,https://compragamer.com/producto/Mother_Asrock_X870_PRO_RS_DDR5_AM5_BULK_OUTLET_19673?cate=26,-,-
solo_compragamer,mothers,mothers|ASROCK|A620M|AM5|A620M|HDV|AM5|BULK|OUTLET,-,-,-,-,-,-,-,-,-,-,-,-,-,-,-,-,-,19705.0,Mother Asrock A620M-HDV/M.2 AM5 DDR5  BULK - OUTLET,Asrock,110000.0,True,-,-,https://compragamer.com/producto/Mother_Asrock_A620M_HDV_M_2_AM5_DDR5_BULK_OUTLET_19705?cate=26,-,-
solo_compragamer,mothers,mothers|ASROCK|A620M|AM5|A620M|HDV|AM5|BULK|OUTLET,-,-,-,-,-,-,-,-,-,-,-,-,-,-,-,-,-,19706.0,Mother Asrock A620M-HDV/M.2+ AM5 DDR5  BULK - OUTLET,Asrock,110000.0,True,-,-,https://compragamer.com/producto/Mother_Asrock_A620M_HDV_M_2_AM5_DDR5_BULK_OUTLET_19706?cate=26,-,-
solo_compragamer,mothers,mothers|MSI|B860M||B860M|LGA1851|BULK|OUTLET,-,-,-,-,-,-,-,-,-,-,-,-,-,-,-,-,-,19721.0,Mother MSI B860M GAMING PLUS WIFI LGA1851 DDR5  BULK - OUTLET,MSI,278700.0,True,-,-,https://compragamer.com/producto/Mother_MSI_B860M_GAMING_PLUS_WIFI_LGA1851_DDR5_BULK_OUTLET_19721?cate=49,-,-
solo_compragamer,mothers,mothers|MSI|X870E||MAG|X870E|TOMAHAWK|BULK|OUTLET,-,-,-,-,-,-,-,-,-,-,-,-,-,-,-,-,-,19724.0,Mother MSI MAG X870E TOMAHAWK WIFI DDR5   BULK - OUTLET,MSI,506000.0,True,-,-,https://compragamer.com/producto/Mother_MSI_MAG_X870E_TOMAHAWK_WIFI_DDR5_BULK_OUTLET_19724?cate=26,-,-
solo_compragamer,mothers,mothers|ASROCK|Z790|S1700|Z790|PG|LIGHTNING|S1700|BULK,-,-,-,-,-,-,-,-,-,-,-,-,-,-,-,-,-,19780.0,Mother Asrock Z790 PG LIGHTNING WIFI S1700 DDR5   BULK - OUTLET,Asrock,315900.0,True,-,-,https://compragamer.com/producto/Mother_Asrock_Z790_PG_LIGHTNING_WIFI_S1700_DDR5_BULK_OUTLET_19780?cate=49,-,-
solo_compragamer,mothers,mothers|ASROCK|Z790M|S1700|Z790M|ITX|S1700|BULK|OUTLET,-,-,-,-,-,-,-,-,-,-,-,-,-,-,-,-,-,19781.0,Mother Asrock Z790M-ITX WIFI DDR5 S1700  BULK - OUTLET,Asrock,299350.0,True,-,-,https://compragamer.com/producto/Mother_Asrock_Z790M_ITX_WIFI_DDR5_S1700_BULK_OUTLET_19781?cate=49,-,-
solo_compragamer,mothers,mothers|GIGABYTE|H470M||H470M|SOCKET|1200|BULK|OUTLET,-,-,-,-,-,-,-,-,-,-,-,-,-,-,-,-,-,19792.0,Mother Gigabyte H470M H DDR4 Socket 1200  BULK - OUTLET,Gigabyte,91800.0,True,-,-,https://compragamer.com/producto/Mother_Gigabyte_H470M_H_DDR4_Socket_1200_BULK_OUTLET_19792?cate=49,-,-
solo_compragamer,mothers,mothers|ASUS|X870E|AM5|ROG|CROSSHAIR|X870E|HERO|AM5,-,-,-,-,-,-,-,-,-,-,-,-,-,-,-,-,-,19800.0,Mother ASUS ROG CROSSHAIR X870E HERO DDR5 AM5  BULK - OUTLET,Asus,1125600.0,True,-,-,https://compragamer.com/producto/Mother_ASUS_ROG_CROSSHAIR_X870E_HERO_DDR5_AM5_BULK_OUTLET_19800?cate=26,-,-
solo_compragamer,mothers,mothers|ASUS|Z890||ROG|STRIX|Z890|LGA1851|BULK,-,-,-,-,-,-,-,-,-,-,-,-,-,-,-,-,-,19805.0,Mother ASUS ROG STRIX Z890-F GAMING WIFI LGA1851  BULK - OUTLET,Asus,743400.0,True,-,-,https://compragamer.com/producto/Mother_ASUS_ROG_STRIX_Z890_F_GAMING_WIFI_LGA1851_BULK_OUTLET_19805?cate=49,-,-
solo_compragamer,mothers,mothers|ASUS|X870|AM5|TUF|X870|AM5|BULK|OUTLET,-,-,-,-,-,-,-,-,-,-,-,-,-,-,-,-,-,19809.0,Mother ASUS TUF GAMING X870-PLUS WIFI DDR5 AM5  BULK - OUTLET,Asus,452310.0,True,-,-,https://compragamer.com/producto/Mother_ASUS_TUF_GAMING_X870_PLUS_WIFI_DDR5_AM5_BULK_OUTLET_19809?cate=26,-,-
solo_compragamer,mothers,mothers|BIOSTAR|B550MH|AM4|D4|BULK|OUTLET,-,-,-,-,-,-,-,-,-,-,-,-,-,-,-,-,-,19811.0,Mother Biostar B550MH AM4 D4  BULK - OUTLET,Biostar,103150.0,True,-,-,https://compragamer.com/producto/Mother_Biostar_B550MH_AM4_D4_BULK_OUTLET_19811?cate=26,-,-
solo_compragamer,mothers,mothers|GIGABYTE|AM1|E6010N|E1|6010|INCLUIDO|BULK,-,-,-,-,-,-,-,-,-,-,-,-,-,-,-,-,-,19813.0,Mother Gigabyte AM1 E6010N Procesador E1-6010 incluido  BULK - OUTLET,Gigabyte,60850.0,True,-,-,https://compragamer.com/producto/Mother_Gigabyte_AM1_E6010N_Procesador_E1_6010_incluido_BULK_OUTLET_19813?cate=26,-,-
solo_compragamer,mothers,mothers|ASUS|X870|AM5|PRIME|X870|AM5|BULK|OUTLET,-,-,-,-,-,-,-,-,-,-,-,-,-,-,-,-,-,19815.0,Mother ASUS PRIME X870-P WIFI DDR5 AM5  BULK - OUTLET,Asus,361400.0,True,-,-,https://compragamer.com/producto/Mother_ASUS_PRIME_X870_P_WIFI_DDR5_AM5_BULK_OUTLET_19815?cate=26,-,-
solo_compragamer,mothers,mothers|MSI|B840||B840,-,-,-,-,-,-,-,-,-,-,-,-,-,-,-,-,-,20092.0,Mother MSI B840 GAMING PLUS WIFI,MSI,252500.0,True,-,-,https://compragamer.com/producto/Mother_MSI_B840_GAMING_PLUS_WIFI_20092?cate=26,-,-
solo_compragamer,mothers,mothers|MSI|X870E||MAG|X870E|MAX,-,-,-,-,-,-,-,-,-,-,-,-,-,-,-,-,-,20094.0,Mother MSI MAG X870E GAMING MAX WIFI,MSI,392850.0,True,-,-,https://compragamer.com/producto/Mother_MSI_MAG_X870E_GAMING_MAX_WIFI_20094?cate=26,-,-
solo_compragamer,mothers,mothers|MSI|Z890||MPG|Z890|CARBON,-,-,-,-,-,-,-,-,-,-,-,-,-,-,-,-,-,20095.0,Mother MSI MPG Z890 CARBON WIFI,MSI,694250.0,True,-,-,https://compragamer.com/producto/Mother_MSI_MPG_Z890_CARBON_WIFI_20095?cate=49,-,-
solo_compragamer,mothers,mothers|MSI|X870E||MEG|X870E|ACE|MAX,-,-,-,-,-,-,-,-,-,-,-,-,-,-,-,-,-,20096.0,Mother MSI MEG X870E ACE MAX,MSI,1113850.0,True,-,-,https://compragamer.com/producto/Mother_MSI_MEG_X870E_ACE_MAX_20096?cate=26,-,-
solo_compragamer,mothers,mothers|MSI|H810M||H810M,-,-,-,-,-,-,-,-,-,-,-,-,-,-,-,-,-,20097.0,Mother MSI H810M-E PRO,MSI,153350.0,True,-,-,https://compragamer.com/producto/Mother_MSI_H810M_E_PRO_20097?cate=49,-,-
solo_compragamer,mothers,mothers|MSI|B850M||B850M,-,-,-,-,-,-,-,-,-,-,-,-,-,-,-,-,-,20099.0,Mother MSI B850M-P PRO WIFI,MSI,217050.0,True,-,-,https://compragamer.com/producto/Mother_MSI_B850M_P_PRO_WIFI_20099?cate=26,-,-
solo_compragamer,mothers,mothers|MSI|Z890||Z890,-,-,-,-,-,-,-,-,-,-,-,-,-,-,-,-,-,20100.0,Mother MSI PRO Z890-P WIFI,MSI,366450.0,True,-,-,https://compragamer.com/producto/Mother_MSI_PRO_Z890_P_WIFI_20100?cate=49,-,-
solo_compragamer,mothers,mothers|MSI|X870||X870,-,-,-,-,-,-,-,-,-,-,-,-,-,-,-,-,-,20101.0,Mother MSI PRO X870-P WIFI,MSI,374200.0,True,-,-,https://compragamer.com/producto/Mother_MSI_PRO_X870_P_WIFI_20101?cate=26,-,-
solo_compragamer,mothers,mothers|MSI|X870E||MAG|X870E|TOMAHAWK|MAX|PZ,-,-,-,-,-,-,-,-,-,-,-,-,-,-,-,-,-,20102.0,Mother MSI MAG X870E TOMAHAWK MAX WIFI PZ,MSI,543850.0,True,-,-,https://compragamer.com/producto/Mother_MSI_MAG_X870E_TOMAHAWK_MAX_WIFI_PZ_20102?cate=26,-,-
solo_compragamer,mothers,mothers|MSI|Z890||MAG|Z890|TOMAHAWK,-,-,-,-,-,-,-,-,-,-,-,-,-,-,-,-,-,20103.0,Mother MSI MAG Z890 TOMAHAWK WIFI,MSI,470600.0,True,-,-,https://compragamer.com/producto/Mother_MSI_MAG_Z890_TOMAHAWK_WIFI_20103?cate=49,-,-
solo_compragamer,mothers,mothers|MSI|B850||B850|WIFI6E,-,-,-,-,-,-,-,-,-,-,-,-,-,-,-,-,-,20107.0,Mother MSI PRO B850-S WIFI6E,MSI,295550.0,True,-,-,https://compragamer.com/producto/Mother_MSI_PRO_B850_S_WIFI6E_20107?cate=26,-,-
solo_compragamer,mothers,mothers|MSI|X870||X870,-,-,-,-,-,-,-,-,-,-,-,-,-,-,-,-,-,20108.0,Mother MSI X870 GAMING PLUS WIFI,MSI,400350.0,True,-,-,https://compragamer.com/producto/Mother_MSI_X870_GAMING_PLUS_WIFI_20108?cate=26,-,-
solo_compragamer,mothers,mothers|MSI|B840||B840|EVO|WIFI6E,-,-,-,-,-,-,-,-,-,-,-,-,-,-,-,-,-,20148.0,Mother MSI PRO B840-S EVO WIFI6E,MSI,236950.0,True,-,-,https://compragamer.com/producto/Mother_MSI_PRO_B840_S_EVO_WIFI6E_20148?cate=26,-,-
solo_compragamer,mothers,mothers|ASUS|H810M||PRIME|H810M|LGA1851,-,-,-,-,-,-,-,-,-,-,-,-,-,-,-,-,-,20152.0,Mother ASUS Prime H810M-E LGA1851 DDR5,Asus,149150.0,True,-,-,https://compragamer.com/producto/Mother_ASUS_Prime_H810M_E_LGA1851_DDR5_20152?cate=49,-,-
solo_compragamer,mothers,mothers|ASUS|H810M||PRIME|H810M|LGA1851,-,-,-,-,-,-,-,-,-,-,-,-,-,-,-,-,-,20153.0,Mother ASUS Prime H810M-K LGA1851 DDR5,Asus,145350.0,True,-,-,https://compragamer.com/producto/Mother_ASUS_Prime_H810M_K_LGA1851_DDR5_20153?cate=49,-,-
solo_compragamer,mothers,mothers|GIGABYTE|B850M|AM5|B850M|AORUS|ELITE|6E|ICE,-,-,-,-,-,-,-,-,-,-,-,-,-,-,-,-,-,20155.0,Mother Gigabyte B850M AORUS ELITE WIFI 6E ICE AM5,Gigabyte,328500.0,True,-,-,https://compragamer.com/producto/Mother_Gigabyte_B850M_AORUS_ELITE_WIFI_6E_ICE_AM5_20155?cate=26,-,-
solo_compragamer,mothers,mothers|GIGABYTE|B850|AM5|B850|AORUS|ELITE|AM5,-,-,-,-,-,-,-,-,-,-,-,-,-,-,-,-,-,20156.0,Mother Gigabyte B850 AORUS ELITE WIFI 7 AM5,Gigabyte,347850.0,True,-,-,https://compragamer.com/producto/Mother_Gigabyte_B850_AORUS_ELITE_WIFI_7_AM5_20156?cate=26,-,-
solo_compragamer,mothers,mothers|GIGABYTE|B850|AM5|B850|AORUS|ELITE|ICE|AM5,-,-,-,-,-,-,-,-,-,-,-,-,-,-,-,-,-,20157.0,Mother Gigabyte B850 AORUS ELITE WIFI 7 ICE AM5,Gigabyte,357550.0,True,-,-,https://compragamer.com/producto/Mother_Gigabyte_B850_AORUS_ELITE_WIFI_7_ICE_AM5_20157?cate=26,-,-
solo_compragamer,mothers,mothers|GIGABYTE|X870E|AM5|X870E|AORUS|XTREME|AI|TOP,-,-,-,-,-,-,-,-,-,-,-,-,-,-,-,-,-,20158.0,Mother Gigabyte X870E AORUS XTREME AI TOP AM5,Gigabyte,1540100.0,True,-,-,https://compragamer.com/producto/Mother_Gigabyte_X870E_AORUS_XTREME_AI_TOP_AM5_20158?cate=26,-,-
solo_compragamer,mothers,mothers|GIGABYTE|X870I|AM5|X870I|AORUS|ICE|AM5,-,-,-,-,-,-,-,-,-,-,-,-,-,-,-,-,-,20159.0,Mother Gigabyte X870I AORUS PRO ICE AM5,Gigabyte,461900.0,True,-,-,https://compragamer.com/producto/Mother_Gigabyte_X870I_AORUS_PRO_ICE_AM5_20159?cate=26,-,-
solo_compragamer,mothers,mothers|GIGABYTE|X870M|AM5|X870M|AORUS|ELITE|AM5,-,-,-,-,-,-,-,-,-,-,-,-,-,-,-,-,-,20160.0,Mother Gigabyte X870M AORUS ELITE WIFI 7 AM5,Gigabyte,374900.0,True,-,-,https://compragamer.com/producto/Mother_Gigabyte_X870M_AORUS_ELITE_WIFI_7_AM5_20160?cate=26,-,-
solo_compragamer,mothers,mothers|GIGABYTE|X870M|AM5|X870M|AORUS|ELITE|ICE|AM5,-,-,-,-,-,-,-,-,-,-,-,-,-,-,-,-,-,20161.0,Mother Gigabyte X870M AORUS ELITE WIFI 7 ICE AM5,Gigabyte,378750.0,True,-,-,https://compragamer.com/producto/Mother_Gigabyte_X870M_AORUS_ELITE_WIFI_7_ICE_AM5_20161?cate=26,-,-
solo_compragamer,mothers,mothers|GIGABYTE|B760M|S1700|B760M|AORUS|ELITE|AX|S1700,-,-,-,-,-,-,-,-,-,-,-,-,-,-,-,-,-,20162.0,Mother Gigabyte B760M AORUS ELITE AX S1700,Gigabyte,291850.0,True,-,-,https://compragamer.com/producto/Mother_Gigabyte_B760M_AORUS_ELITE_AX_S1700_20162?cate=49,-,-
solo_compragamer,mothers,mothers|GIGABYTE|B860I|S1851|B860I|AORUS|ICE|S1851,-,-,-,-,-,-,-,-,-,-,-,-,-,-,-,-,-,20163.0,Mother Gigabyte B860I AORUS PRO ICE S1851,Gigabyte,357550.0,True,-,-,https://compragamer.com/producto/Mother_Gigabyte_B860I_AORUS_PRO_ICE_S1851_20163?cate=49,-,-
solo_compragamer,mothers,mothers|GIGABYTE|B860M|S1851|B860M|AORUS|ELITE|6E|ICE,-,-,-,-,-,-,-,-,-,-,-,-,-,-,-,-,-,20164.0,Mother Gigabyte B860M AORUS ELITE WIFI 6E ICE S1851,Gigabyte,324650.0,True,-,-,https://compragamer.com/producto/Mother_Gigabyte_B860M_AORUS_ELITE_WIFI_6E_ICE_S1851_20164?cate=49,-,-
solo_compragamer,mothers,mothers|GIGABYTE|Z890I|S1851|Z890I|AORUS|ULTRA|S1851,-,-,-,-,-,-,-,-,-,-,-,-,-,-,-,-,-,20165.0,Mother Gigabyte Z890I AORUS ULTRA S1851,Gigabyte,531400.0,True,-,-,https://compragamer.com/producto/Mother_Gigabyte_Z890I_AORUS_ULTRA_S1851_20165?cate=49,-,-
solo_compragamer,mothers,mothers|GIGABYTE|Z890M|S1851|Z890M|AORUS|ELITE|ICE|S1851,-,-,-,-,-,-,-,-,-,-,-,-,-,-,-,-,-,20166.0,Mother Gigabyte Z890M AORUS ELITE WIFI 7 ICE S1851,Gigabyte,415500.0,True,-,-,https://compragamer.com/producto/Mother_Gigabyte_Z890M_AORUS_ELITE_WIFI_7_ICE_S1851_20166?cate=49,-,-
solo_compragamer,mothers,mothers|GIGABYTE|X870E|AM5|X870E|AERO|X3D|WOOD|ICE,-,-,-,-,-,-,-,-,-,-,-,-,-,-,-,-,-,20209.0,Mother Gigabyte X870E AERO X3D WOOD WIFI 7 ICE AM5,Gigabyte,632000.0,True,-,-,https://compragamer.com/producto/Mother_Gigabyte_X870E_AERO_X3D_WOOD_WIFI_7_ICE_AM5_20209?cate=26,-,-
solo_compragamer,mothers,mothers|MSI|B850|AM5|MAG|B850|TOMAHAWK|AM5,-,-,-,-,-,-,-,-,-,-,-,-,-,-,-,-,-,20220.0,Mother MSI MAG B850 TOMAHAWK WIFI AM5,MSI,405600.0,True,-,-,https://compragamer.com/producto/Mother_MSI_MAG_B850_TOMAHAWK_WIFI_AM5_20220?cate=26,-,-
solo_distribuidor,mothers,mothers|ASROCK|H510||LGA1200|H510|BTC|MINERIA|EX6,MOTHER ASROCK,115272,H510 PROBTC+,MOTHER ASROCK (LGA1200) H510 PRO BTC+ MINERIA PCI-Ex6,ASROCK,225462.05,10.0,-,-,-,-,-,-,-,-,-,-,-,-,-,-,-,-,-,-,-,-
solo_distribuidor,mothers,mothers|ASROCK|B850M|AM5|AM5|B850M,MOTHER ASROCK,120766,B850M PRO-A WIFI,MOTHER ASROCK (AM5) B850M PRO-A WIFI,ASROCK,218652.43,9.0,-,-,-,-,-,-,-,-,-,-,-,-,-,-,-,-,-,-,-,-
solo_distribuidor,mothers,mothers|ASROCK|Z890M||LGA1851|Z890M|PHANTHOM|RIPTIDE,MOTHER ASROCK,119773,Z890M RIPTIDE WIFI,MOTHER ASROCK (LGA1851) Z890M PHANTHOM GAMING RIPTIDE WIFI,ASROCK,384281.41,10.0,-,-,-,-,-,-,-,-,-,-,-,-,-,-,-,-,-,-,-,-
solo_distribuidor,mothers,mothers|ASROCK|Z890||LGA1851|Z890,MOTHER ASROCK,119771,Z890 PRO-A,MOTHER ASROCK (LGA1851) Z890 PRO-A,ASROCK,277980.99,10.0,-,-,-,-,-,-,-,-,-,-,-,-,-,-,-,-,-,-,-,-
solo_distribuidor,mothers,mothers|ASROCK|Z890||LGA1851|Z890,MOTHER ASROCK,119772,Z890 PRO-A WIFI,MOTHER ASROCK (LGA1851) Z890 PRO-A WIFI,ASROCK,294696.11,10.0,-,-,-,-,-,-,-,-,-,-,-,-,-,-,-,-,-,-,-,-
solo_distribuidor,mothers,mothers|ASROCK|Z890||LGA1851|Z890|RS,MOTHER ASROCK,119777,Z890 PRO RS WIFI WHITE,MOTHER ASROCK (LGA1851) Z890 PRO RS WIFI WHITE,ASROCK,359455.71,10.0,-,-,-,-,-,-,-,-,-,-,-,-,-,-,-,-,-,-,-,-
solo_distribuidor,mothers,mothers|ASROCK|B860||LGA1851|B860|STEEL|LEGEND,MOTHER ASROCK,120128,B860 STEEL LEGEND WIFI,MOTHER ASROCK (LGA1851) B860 STEEL LEGEND WIFI,ASROCK,292850.96,6.0,-,-,-,-,-,-,-,-,-,-,-,-,-,-,-,-,-,-,-,-
solo_distribuidor,mothers,mothers|ASROCK|X870|AM5|AM5|X870|STEEL|LEGEND,MOTHER ASROCK,119754,X870 STEEL LEGEND WIFI,MOTHER ASROCK (AM5) X870 STEEL LEGEND WIFI,ASROCK,426578.51,5.0,-,-,-,-,-,-,-,-,-,-,-,-,-,-,-,-,-,-,-,-
solo_distribuidor,mothers,mothers|ASROCK|B850M|AM5|AM5|B850M,MOTHER ASROCK,120127,B850M-X,MOTHER ASROCK (AM5) B850M-X,ASROCK,189940.72,10.0,-,-,-,-,-,-,-,-,-,-,-,-,-,-,-,-,-,-,-,-
solo_distribuidor,mothers,mothers|ASROCK|A520M|AM4|AM4|A520M|HDV,MOTHER ASROCK,118112,A520M-HDV,MOTHER ASROCK (AM4) A520M-HDV,ASROCK,72275.29,10.0,-,-,-,-,-,-,-,-,-,-,-,-,-,-,-,-,-,-,-,-
solo_distribuidor,mothers,mothers|ASROCK|B650M|AM5|AM5|B650M|HDV,MOTHER ASROCK,118287,B650M-HDV/M.2,MOTHER ASROCK (AM5) B650M-HDV/M.2,ASROCK,222438.61,1.0,-,-,-,-,-,-,-,-,-,-,-,-,-,-,-,-,-,-,-,-
solo_distribuidor,mothers,mothers|ASROCK|B650M|AM5|AM5|B650M|PG|RIPTIDE,MOTHER ASROCK,118109,B650M PG RIPTIDE WIFI,MOTHER ASROCK (AM5) B650M PG RIPTIDE WIFI,ASROCK,328312.46,1.0,-,-,-,-,-,-,-,-,-,-,-,-,-,-,-,-,-,-,-,-
solo_distribuidor,mothers,mothers|ASROCK|A620M|AM5|AM5|A620M|HDV,MOTHER ASROCK,119769,A620M-HDV/M.2+,MOTHER ASROCK (AM5) A620M-HDV/M.2+,ASROCK,154458.75,10.0,-,-,-,-,-,-,-,-,-,-,-,-,-,-,-,-,-,-,-,-
solo_distribuidor,mothers,mothers|ASROCK|B550M|AM4|AM4|B550M|PHANTOM,MOTHER ASROCK,118814,B550M PHANTOM GAMING 4,MOTHER ASROCK (AM4) B550M PHANTOM GAMING 4,ASROCK,136315.29,10.0,-,-,-,-,-,-,-,-,-,-,-,-,-,-,-,-,-,-,-,-
solo_distribuidor,mothers,mothers|ASROCK|A620M|AM5|AM5|A620M|HDV,MOTHER ASROCK,118193,A620M-HDV/M.2,MOTHER ASROCK (AM5) A620M-HDV/M.2,ASROCK,140853.36,10.0,-,-,-,-,-,-,-,-,-,-,-,-,-,-,-,-,-,-,-,-
solo_distribuidor,mothers,mothers|ASROCK|A620M|AM5|AM5|A620M|R2|AX|BT,MOTHER ASROCK,119193,A620M-C R2.0 BULK,MOTHER ASROCK (AM5) A620M-C R2 WIFI-AX+BT (BULK),ASROCK,151644.26,10.0,-,-,-,-,-,-,-,-,-,-,-,-,-,-,-,-,-,-,-,-
solo_distribuidor,mothers,mothers|ASUS|B760M||LGA1700|PRIME|B760M|D4|CSM,MOTHER ASUS,119264,PRIME B760M-A D4-CSM,MOTHER ASUS (LGA1700) PRIME B760M-A D4 CSM,ASUS,156129.74,10.0,-,-,-,-,-,-,-,-,-,-,-,-,-,-,-,-,-,-,-,-
solo_distribuidor,mothers,mothers|ASUS|A520M|AM4|AM4|PRIME|A520M|CSM,MOTHER ASUS,119263,PRIME A520M-K/CSM,MOTHER ASUS (AM4) PRIME A520M-K CSM,ASUS,79026.02,10.0,-,-,-,-,-,-,-,-,-,-,-,-,-,-,-,-,-,-,-,-
solo_distribuidor,mothers,mothers|ASUS|X670E|AM5|AM5|ROG|CROSSHAIR|X670E|HERO,MOTHER ASUS,119145,ROG CROSSHAIR X670E HERO,MOTHER ASUS (AM5) ROG CROSSHAIR X670E HERO,ASUS,895922.26,3.0,-,-,-,-,-,-,-,-,-,-,-,-,-,-,-,-,-,-,-,-
solo_distribuidor,mothers,mothers|ASUS|B650E|AM5|AM5|ROG|STRIX|B650E,MOTHER ASUS,118494,ROG STRIX B650E-F GAMING WIFI,MOTHER ASUS (AM5) ROG STRIX B650E-F GAMING WIFI,ASUS,392872.09,10.0,-,-,-,-,-,-,-,-,-,-,-,-,-,-,-,-,-,-,-,-
solo_distribuidor,mothers,mothers|ASUS|A520M|AM4|AM4|PRIME|A520M,MOTHER ASUS,106820,PRIME A520M-K,MOTHER ASUS (AM4) PRIME A520M-K,ASUS,77474.07,10.0,-,-,-,-,-,-,-,-,-,-,-,-,-,-,-,-,-,-,-,-
solo_distribuidor,mothers,mothers|ASUS|X870|AM5|AM5|TUF|X870,MOTHER ASUS,119735,TUF GAMING X870-PLUS WIFI,MOTHER ASUS (AM5) TUF GAMING X870-PLUS WIFI,ASUS,474120.85,4.0,-,-,-,-,-,-,-,-,-,-,-,-,-,-,-,-,-,-,-,-
solo_distribuidor,mothers,mothers|ASUS|B850M|AM5|AM5|TUF|B850M,MOTHER ASUS,119902,TUF GAMING B850M-PLUS WIFI,MOTHER ASUS (AM5) TUF GAMING B850M-PLUS WIFI,ASUS,324853.01,10.0,-,-,-,-,-,-,-,-,-,-,-,-,-,-,-,-,-,-,-,-
solo_distribuidor,mothers,mothers|ASUS|Z890|1851|1851|TUF|Z890,MOTHER ASUS,119907,TUF GAMING Z890-PLUS WIFI,MOTHER ASUS (1851) TUF GAMING Z890-PLUS WIFI,ASUS,474834.47,2.0,-,-,-,-,-,-,-,-,-,-,-,-,-,-,-,-,-,-,-,-
solo_distribuidor,mothers,mothers|ASUS|B760M||LGA1700|PRIME|B760M,MOTHER ASUS,119899,PRIME B760M-A,MOTHER ASUS (LGA1700) PRIME B760M-A,ASUS,164842.77,4.0,-,-,-,-,-,-,-,-,-,-,-,-,-,-,-,-,-,-,-,-
solo_distribuidor,mothers,mothers|ASUS|B860M||LGA1851|PRIME|B860M,MOTHER ASUS,122668,PRIME B860M-K,MOTHER ASUS (LGA1851) PRIME B860M-K,ASUS,174576.78,10.0,-,-,-,-,-,-,-,-,-,-,-,-,-,-,-,-,-,-,-,-
solo_distribuidor,mothers,mothers|ASUS|H610M||LGA1700|PRIME|H610M|D4|R2,MOTHER ASUS,121657,PRIME H610M-F D4 R2.0,MOTHER ASUS (LGA1700) PRIME H610M-F D4 R2.0,ASUS,93734.28,10.0,-,-,-,-,-,-,-,-,-,-,-,-,-,-,-,-,-,-,-,-
solo_distribuidor,mothers,mothers|ASUS|B550M|AM4|AM4|TUF|B550M|WI|FI,MOTHER ASUS,118065,TUF GAMING B550M-PLUS (WI-FI) II,MOTHER ASUS (AM4) TUF GAMING B550M-PLUS WI-FI II,ASUS,229706.3,10.0,-,-,-,-,-,-,-,-,-,-,-,-,-,-,-,-,-,-,-,-
solo_distribuidor,mothers,mothers|ASUS|AM5|TUF|A620AM,MOTHER ASUS,122515,TUF GAMING A620AM-PLUS WIFI,MOTHER ASUS (AM5) TUF GAMING A620AM-PLUS WIFI,ASUS,188139.34,6.0,-,-,-,-,-,-,-,-,-,-,-,-,-,-,-,-,-,-,-,-
solo_distribuidor,mothers,mothers|ASUS|X870E|AM5|AM5|ROG|CROSSHAIR|X870E|DARK,MOTHER ASUS,122666,ROG CROSSHAIR X870E DARK HERO,MOTHER ASUS (AM5) ROG CROSSHAIR X870E DARK HERO,ASUS,1120966.72,4.0,-,-,-,-,-,-,-,-,-,-,-,-,-,-,-,-,-,-,-,-
solo_distribuidor,mothers,mothers|ASUS|Z890|1851|1851|Z890|AYW,MOTHER ASUS,122528,Z890 AYW GAMING WIFI W,MOTHER ASUS (1851) Z890 AYW GAMING WIFI,ASUS,344027.22,2.0,-,-,-,-,-,-,-,-,-,-,-,-,-,-,-,-,-,-,-,-
solo_distribuidor,mothers,mothers|ASUS|B860|1851|LGA|1851|TUF|B860,MOTHER ASUS,120211,TUF GAMING B860-PLUS WIFI,MOTHER ASUS (LGA 1851) TUF GAMING B860-PLUS WIFI,ASUS,330207.37,6.0,-,-,-,-,-,-,-,-,-,-,-,-,-,-,-,-,-,-,-,-
solo_distribuidor,mothers,mothers|ASUS|B850M|AM5|AM5|PRIME|B850M,MOTHER ASUS,121653,PRIME B850M-A WIFI,MOTHER ASUS (AM5) PRIME B850M-A WIFI,ASUS,248435.51,10.0,-,-,-,-,-,-,-,-,-,-,-,-,-,-,-,-,-,-,-,-
solo_distribuidor,mothers,mothers|ASUS|B850|AM5|AM5|TUF|B850,MOTHER ASUS,121655,TUF GAMING B850-E WIFI,MOTHER ASUS (AM5) TUF GAMING B850-E WIFI,ASUS,321588.81,10.0,-,-,-,-,-,-,-,-,-,-,-,-,-,-,-,-,-,-,-,-
solo_distribuidor,mothers,mothers|ASUS|B850M|AM5|AM5|B850M|AYW,MOTHER ASUS,121652,B850M AYW GAMING WIFI,MOTHER ASUS (AM5) B850M AYW GAMING WIFI,ASUS,236372.63,9.0,-,-,-,-,-,-,-,-,-,-,-,-,-,-,-,-,-,-,-,-
solo_distribuidor,mothers,mothers|ASUS|AM5|TUF|B650EM,MOTHER ASUS,121651,TUF GAMING B650EM-PLUS WIFI,MOTHER ASUS (AM5) TUF GAMING B650EM-PLUS WIFI,ASUS,293517.66,10.0,-,-,-,-,-,-,-,-,-,-,-,-,-,-,-,-,-,-,-,-
solo_distribuidor,mothers,mothers|GIGABYTE|A620M|AM5|AM5|A620M,MOTHER GIGABYTE,119026,A620M H,MOTHER GIGABYTE (AM5) A620M H,GIGABYTE                                          ,105520.82,10.0,-,-,-,-,-,-,-,-,-,-,-,-,-,-,-,-,-,-,-,-
solo_distribuidor,mothers,mothers|GIGABYTE|H610M||LGA1700|H610M|V2,MOTHER GIGABYTE,119257,H610M K V2,MOTHER GIGABYTE (LGA1700) H610M K V2,GIGABYTE                                          ,102088.61,10.0,-,-,-,-,-,-,-,-,-,-,-,-,-,-,-,-,-,-,-,-
solo_distribuidor,mothers,mothers|GIGABYTE|H810M|1851|LGA|1851|H810M|WIFI6,MOTHER GIGABYTE,121216,H810M GAMING WIFI6,MOTHER GIGABYTE (LGA 1851) H810M GAMING WIFI6,GIGABYTE                                          ,169685.37,10.0,-,-,-,-,-,-,-,-,-,-,-,-,-,-,-,-,-,-,-,-
solo_distribuidor,mothers,mothers|GIGABYTE|B860M|1851|LGA|1851|B860M,MOTHER GIGABYTE,121222,B860M D,MOTHER GIGABYTE (LGA 1851) B860M D,GIGABYTE                                          ,162474.85,10.0,-,-,-,-,-,-,-,-,-,-,-,-,-,-,-,-,-,-,-,-
solo_distribuidor,mothers,mothers|GIGABYTE|B650|AM5|AM5|B650|AORUS|ELITE|AX,MOTHER GIGABYTE,117987,B650 AORUS ELITE AX,MOTHER GIGABYTE (AM5) B650 AORUS ELITE AX,GIGABYTE                                          ,317385.19,2.0,-,-,-,-,-,-,-,-,-,-,-,-,-,-,-,-,-,-,-,-
solo_distribuidor,mothers,mothers|GIGABYTE|B760M||LGA1700|B760M|D2H,MOTHER GIGABYTE,122601,B760M D2H DDR4,MOTHER GIGABYTE (LGA1700) B760M D2H DDR4,GIGABYTE                                          ,143486.13,10.0,-,-,-,-,-,-,-,-,-,-,-,-,-,-,-,-,-,-,-,-
solo_distribuidor,mothers,mothers|GIGABYTE|A620M|AM5|AM5|A620M|DS3H,MOTHER GIGABYTE,120816,A620M DS3H,MOTHER GIGABYTE (AM5) A620M DS3H,GIGABYTE                                          ,150621.7,10.0,-,-,-,-,-,-,-,-,-,-,-,-,-,-,-,-,-,-,-,-
solo_distribuidor,mothers,mothers|GIGABYTE|B860M|1851|LGA|1851|B860M|WIFI6E,MOTHER GIGABYTE,120354,B860M GAMING X WIFI6E,MOTHER GIGABYTE (LGA 1851) B860M GAMING X WIFI6E,GIGABYTE                                          ,247317.53,10.0,-,-,-,-,-,-,-,-,-,-,-,-,-,-,-,-,-,-,-,-
solo_distribuidor,mothers,mothers|GIGABYTE|B860M|1851|LGA|1851|B860M|EAGLE|WIFI6,MOTHER GIGABYTE,120351,B860M EAGLE WIFI6,MOTHER GIGABYTE (LGA 1851) B860M EAGLE WIFI6,GIGABYTE                                          ,209394.26,10.0,-,-,-,-,-,-,-,-,-,-,-,-,-,-,-,-,-,-,-,-
solo_distribuidor,mothers,mothers|GIGABYTE|B860|1851|LGA|1851|B860|DS3H,MOTHER GIGABYTE,120331,B860 DS3H,MOTHER GIGABYTE (LGA 1851) B860 DS3H,GIGABYTE                                          ,227454.58,10.0,-,-,-,-,-,-,-,-,-,-,-,-,-,-,-,-,-,-,-,-
solo_distribuidor,mothers,mothers|GIGABYTE|B650I|AM5|AM5|B650I|AX,MOTHER GIGABYTE,120327,B650I AX,MOTHER GIGABYTE (AM5) B650I AX,GIGABYTE                                          ,270274.93,3.0,-,-,-,-,-,-,-,-,-,-,-,-,-,-,-,-,-,-,-,-
solo_distribuidor,mothers,mothers|GIGABYTE|B860M|1851|LGA|1851|B860M|DS3H|WIFI6E,MOTHER GIGABYTE,120658,B860M DS3H WIFI6E,MOTHER GIGABYTE (LGA 1851) B860M DS3H WIFI6E,GIGABYTE                                          ,225702.97,10.0,-,-,-,-,-,-,-,-,-,-,-,-,-,-,-,-,-,-,-,-
solo_distribuidor,mothers,mothers|GIGABYTE|B840M|AM5|AM5|B840M|AORUS|ELITE|WIFI6E,MOTHER GIGABYTE,120649,B840M A ELITE WIFI6E,MOTHER GIGABYTE (AM5) B840M AORUS ELITE WIFI6E,GIGABYTE                                          ,243525.2,10.0,-,-,-,-,-,-,-,-,-,-,-,-,-,-,-,-,-,-,-,-
solo_distribuidor,mothers,mothers|GIGABYTE|B850M|AM5|AM5|B850M|D3HP,MOTHER GIGABYTE,120648,B850M D3HP,MOTHER GIGABYTE (AM5) B850M D3HP,GIGABYTE                                          ,191350.95,10.0,-,-,-,-,-,-,-,-,-,-,-,-,-,-,-,-,-,-,-,-
solo_distribuidor,mothers,mothers|GIGABYTE|B860M|1851|LGA|1851|B860M,MOTHER GIGABYTE,120659,B860M E,MOTHER GIGABYTE (LGA 1851) B860M E,GIGABYTE                                          ,150842.78,10.0,-,-,-,-,-,-,-,-,-,-,-,-,-,-,-,-,-,-,-,-
solo_distribuidor,mothers,mothers|GIGABYTE|B840M|AM5|AM5|B840M|D2H,MOTHER GIGABYTE,120650,B840M D2H,MOTHER GIGABYTE (AM5) B840M D2H,GIGABYTE                                          ,146217.16,10.0,-,-,-,-,-,-,-,-,-,-,-,-,-,-,-,-,-,-,-,-
solo_distribuidor,mothers,mothers|GIGABYTE|Z890M||LGA1851|Z890M,MOTHER GIGABYTE,120261,Z890M GAMING X,MOTHER GIGABYTE (LGA1851) Z890M GAMING X,GIGABYTE                                          ,236333.58,10.0,-,-,-,-,-,-,-,-,-,-,-,-,-,-,-,-,-,-,-,-
solo_distribuidor,mothers,mothers|GIGABYTE|B760M||LGA1700|B760M,MOTHER GIGABYTE,120276,B760M G P WIFI DDR4,MOTHER GIGABYTE (LGA1700) B760M G P WIFI DDR4,GIGABYTE                                          ,174211.79,10.0,-,-,-,-,-,-,-,-,-,-,-,-,-,-,-,-,-,-,-,-
solo_distribuidor,mothers,mothers|GIGABYTE|Z890||LGA1851|Z890|UD,MOTHER GIGABYTE,120357,Z890 UD,MOTHER GIGABYTE (LGA1851) Z890 UD,GIGABYTE                                          ,265915.11,10.0,-,-,-,-,-,-,-,-,-,-,-,-,-,-,-,-,-,-,-,-
solo_distribuidor,mothers,mothers|GIGABYTE|B860|1851|LGA|1851|B860|DS3H|WIFI6E,MOTHER GIGABYTE,120332,B860 DS3H WIFI6E,MOTHER GIGABYTE (LGA 1851) B860 DS3H WIFI6E,GIGABYTE                                          ,242776.94,6.0,-,-,-,-,-,-,-,-,-,-,-,-,-,-,-,-,-,-,-,-
solo_distribuidor,mothers,mothers|GIGABYTE|B760M||LGA1700|B760M|D3HP,MOTHER GIGABYTE,119714,B760M D3HP DDR4,MOTHER GIGABYTE (LGA1700) B760M D3HP DDR4,GIGABYTE                                          ,139796.78,10.0,-,-,-,-,-,-,-,-,-,-,-,-,-,-,-,-,-,-,-,-
solo_distribuidor,mothers,mothers|GIGABYTE|X870|AM5|AM5|X870|WF6,MOTHER GIGABYTE,119718,X870 GAMING WF6,MOTHER GIGABYTE (AM5) X870 GAMING WF6,GIGABYTE                                          ,314099.9,2.0,-,-,-,-,-,-,-,-,-,-,-,-,-,-,-,-,-,-,-,-
solo_distribuidor,mothers,mothers|GIGABYTE|X870|AM5|AM5|X870|EAGLE|WIFI7,MOTHER GIGABYTE,119877,X870 EAGLE WIFI7,MOTHER GIGABYTE (AM5) X870 EAGLE WIFI7,GIGABYTE                                          ,332160.22,10.0,-,-,-,-,-,-,-,-,-,-,-,-,-,-,-,-,-,-,-,-
solo_distribuidor,mothers,mothers|GIGABYTE|X870|AM5|AM5|X870|WIFI7,MOTHER GIGABYTE,119719,X870 GAMING X WIFI7,MOTHER GIGABYTE (AM5) X870 GAMING X WIFI7,GIGABYTE                                          ,364641.58,10.0,-,-,-,-,-,-,-,-,-,-,-,-,-,-,-,-,-,-,-,-
solo_distribuidor,mothers,mothers|GIGABYTE|B650|AM5|AM5|B650|AORUS|ELITE|AX,MOTHER GIGABYTE,119238,B650 A ELITE AX ICE,MOTHER GIGABYTE (AM5) B650 AORUS ELITE AX ICE,GIGABYTE                                          ,296013.75,2.0,-,-,-,-,-,-,-,-,-,-,-,-,-,-,-,-,-,-,-,-
solo_distribuidor,mothers,mothers|GIGABYTE|B850|AM5|AM5|B850|ELITE|WF7,MOTHER GIGABYTE,120272,B850 A ELITE WF7,MOTHER GIGABYTE (AM5) B850 A ELITE WF7,GIGABYTE                                          ,312711.08,10.0,-,-,-,-,-,-,-,-,-,-,-,-,-,-,-,-,-,-,-,-
solo_distribuidor,mothers,mothers|GIGABYTE|Z890||LGA1851|Z890|EAGLE,MOTHER GIGABYTE,120258,Z890 EAGLE,MOTHER GIGABYTE (LGA1851) Z890 EAGLE,GIGABYTE                                          ,307201.78,10.0,-,-,-,-,-,-,-,-,-,-,-,-,-,-,-,-,-,-,-,-
solo_distribuidor,mothers,mothers|GIGABYTE|A620I|AM5|AM5|A620I|AX,MOTHER GIGABYTE,120270,A620I AX,MOTHER GIGABYTE (AM5) A620I AX,GIGABYTE                                          ,234097.61,10.0,-,-,-,-,-,-,-,-,-,-,-,-,-,-,-,-,-,-,-,-
solo_mexx,mothers,mothers|BIOSTAR|B450M|AM4|AM4|B450M|HP,-,-,-,-,-,-,-,-,19217,Motherboard AM4 - Biostar B450M HP,Biostar,73859.0,EN STOCK,-,-,https://www.mexx.com.ar/productos-rubro/motherboards/47600-motherboard-am4-biostar-b450m-hp.html,-,-,-,-,-,-,-,-,-,-,-
solo_mexx,mothers,mothers|MSI|B550M|AM4|AM4|B550M|VDH,-,-,-,-,-,-,-,-,19560,Motherboard AM4 - Msi B550M PRO VDH WIFI,Msi,189999.0,EN STOCK,-,-,https://www.mexx.com.ar/productos-rubro/motherboards/44047-motherboard-am4-msi-b550m-pro-vdh-wifi.html,-,-,-,-,-,-,-,-,-,-,-
solo_mexx,mothers,mothers|MSI|B840M|AM5|AM5|B840M|WIFI6E,-,-,-,-,-,-,-,-,19736,Motherboard AM5 - Msi PRO B840M-P WIFI6E,Msi,211999.0,EN STOCK,-,-,https://www.mexx.com.ar/productos-rubro/motherboards/50533-motherboard-am5-msi-pro-b840m-p-wifi6e.html,-,-,-,-,-,-,-,-,-,-,-
solo_mexx,mothers,mothers|MSI|B850|AM5|AM5|B850|WIFI6E,-,-,-,-,-,-,-,-,19738,Motherboard AM5 - Msi PRO B850-S WIFI6E,Msi,326999.0,EN STOCK,-,-,https://www.mexx.com.ar/productos-rubro/motherboards/50719-motherboard-am5-msi-pro-b850-s-wifi6e.html,-,-,-,-,-,-,-,-,-,-,-
solo_mexx,mothers,mothers|MSI|B850|AM5|AM5|B850|PZ,-,-,-,-,-,-,-,-,19739,Motherboard AM5 - Msi B850 GAMING PLUS WIFI PZ,Msi,399999.0,EN STOCK,-,-,https://www.mexx.com.ar/productos-rubro/motherboards/50715-motherboard-am5-msi-b850-gaming-plus-wifi-pz.html,-,-,-,-,-,-,-,-,-,-,-
solo_mexx,mothers,mothers|MSI|B850|AM5|AM5|B850,-,-,-,-,-,-,-,-,19741,Motherboard AM5 - Msi B850 GAMING PLUS WIFI,Msi,359219.0,EN STOCK,-,-,https://www.mexx.com.ar/productos-rubro/motherboards/49125-motherboard-am5-msi-b850-gaming-plus-wifi.html,-,-,-,-,-,-,-,-,-,-,-
solo_mexx,mothers,mothers|MSI|B850M|AM5|AM5|B850M|WIFI6E,-,-,-,-,-,-,-,-,19743,Motherboard AM5 - Msi B850M GAMING PLUS WIFI6E,Msi,301999.0,EN STOCK,-,-,https://www.mexx.com.ar/productos-rubro/motherboards/50534-motherboard-am5-msi-b850m-gaming-plus-wifi6e.html,-,-,-,-,-,-,-,-,-,-,-
solo_mexx,mothers,mothers|MSI|B850M|AM5|AM5|B850M|WIFI6E,-,-,-,-,-,-,-,-,19744,Motherboard AM5 - Msi B850M GAMING PRO WIFI6E,Msi,348139.0,EN STOCK,-,-,https://www.mexx.com.ar/productos-rubro/motherboards/50717-motherboard-am5-msi-b850m-gaming-pro-wifi6e.html,-,-,-,-,-,-,-,-,-,-,-
solo_mexx,mothers,mothers|MSI|B850M|AM5|AM5|B850M|WIFI6E,-,-,-,-,-,-,-,-,19745,Motherboard AM5 - Msi B850M GAMING WIFI6E,Msi,258999.0,EN STOCK,-,-,https://www.mexx.com.ar/productos-rubro/motherboards/50718-motherboard-am5-msi-b850m-gaming-wifi6e.html,-,-,-,-,-,-,-,-,-,-,-
solo_mexx,mothers,mothers|MSI|X870|AM5|AM5|X870,-,-,-,-,-,-,-,-,19763,Motherboard AM5 - Msi PRO X870-P WIFI,Msi,399999.0,EN STOCK,-,-,https://www.mexx.com.ar/productos-rubro/motherboards/48041-motherboard-am5-msi-pro-x870-p-wifi.html,-,-,-,-,-,-,-,-,-,-,-
solo_mexx,mothers,mothers|MSI|X870|AM5|AM5|X870,-,-,-,-,-,-,-,-,19765,Motherboard AM5 - Msi X870 GAMING PLUS WIFI,Msi,440999.0,EN STOCK,-,-,https://www.mexx.com.ar/productos-rubro/motherboards/49127-motherboard-am5-msi-x870-gaming-plus-wifi.html,-,-,-,-,-,-,-,-,-,-,-
solo_mexx,mothers,mothers|MSI|X870E|AM5|AM5|X870E,-,-,-,-,-,-,-,-,19766,Motherboard AM5 - Msi PRO X870E-P WIFI,Msi,430999.0,EN STOCK,-,-,https://www.mexx.com.ar/productos-rubro/motherboards/50535-motherboard-am5-msi-pro-x870e-p-wifi.html,-,-,-,-,-,-,-,-,-,-,-
solo_mexx,mothers,mothers|GIGABYTE|B650M|AM5|AM5|B650M|D3HP,-,-,-,-,-,-,-,-,20025,Motherboard AM5 - Gigabyte B650M D3HP,Gigabyte,190999.0,EN STOCK,-,-,https://www.mexx.com.ar/productos-rubro/motherboards/49648-motherboard-am5-gigabyte-b650m-d3hp.html,-,-,-,-,-,-,-,-,-,-,-
solo_mexx,mothers,mothers|GIGABYTE|B840M|AM5|AM5|B840M|EAGLE|WIFI6,-,-,-,-,-,-,-,-,20033,Motherboard AM5 - Gigabyte B840M EAGLE WIFI6,Gigabyte,201999.0,EN STOCK,-,-,https://www.mexx.com.ar/productos-rubro/motherboards/49451-motherboard-am5-gigabyte-b840m-eagle-wifi6.html,-,-,-,-,-,-,-,-,-,-,-
solo_mexx,mothers,mothers|GIGABYTE|B850M|AM5|AM5|B850M|EAGLE|ICE|WIFI6E,-,-,-,-,-,-,-,-,20046,Motherboard AM5 - Gigabyte B850M EAGLE ICE WIFI6E,Gigabyte,295999.0,EN STOCK,-,-,https://www.mexx.com.ar/productos-rubro/motherboards/50503-motherboard-am5-gigabyte-b850m-eagle-ice-wifi6e.html,-,-,-,-,-,-,-,-,-,-,-
solo_mexx,mothers,mothers|MSI|H510M||1200|10|GEN|H510M|II,-,-,-,-,-,-,-,-,21594,Motherboard 1200 10° Gen - Msi H510M PLUS II,Msi,90999.0,EN STOCK,-,-,https://www.mexx.com.ar/productos-rubro/motherboards/50536-motherboard-1200-10Â°-gen-msi-h510m-plus-ii.html,-,-,-,-,-,-,-,-,-,-,-
solo_mexx,mothers,mothers|MSI|H610M|1700|1700|14|GEN|H610M,-,-,-,-,-,-,-,-,21618,Motherboard 1700 14°Gen - Msi Pro H610M-S DDR4,Msi,99579.0,EN STOCK,-,-,https://www.mexx.com.ar/productos-rubro/motherboards/48105-motherboard-1700-14Â°gen-msi-pro-h610m-s-ddr4.html,-,-,-,-,-,-,-,-,-,-,-
solo_mexx,mothers,mothers|MSI|H610M|1700|1700|14|GEN|H610M,-,-,-,-,-,-,-,-,21623,Motherboard 1700 14°Gen - Msi PRO H610M-G DDR5,Msi,99999.0,EN STOCK,-,-,https://www.mexx.com.ar/productos-rubro/motherboards/48099-motherboard-1700-14Â°gen-msi-pro-h610m-g-ddr5.html,-,-,-,-,-,-,-,-,-,-,-
solo_mexx,mothers,mothers|MSI|B760M|1700|1700|14|GEN|B760M,-,-,-,-,-,-,-,-,21637,Motherboard 1700 14°Gen - Msi B760M-E PRO DDR5,Msi,143499.0,EN STOCK,-,-,https://www.mexx.com.ar/productos-rubro/motherboards/48489-motherboard-1700-14Â°gen-msi-b760m-e-pro-ddr5.html,-,-,-,-,-,-,-,-,-,-,-
solo_mexx,mothers,mothers|MSI|B760M|1700|1700|14|GEN|B760M,-,-,-,-,-,-,-,-,21638,Motherboard 1700 14°Gen - Msi B760M-P PRO DDR4,Msi,144809.0,EN STOCK,-,-,https://www.mexx.com.ar/productos-rubro/motherboards/46558-motherboard-1700-14Â°gen-msi-b760m-p-pro-ddr4.html,-,-,-,-,-,-,-,-,-,-,-
solo_mexx,mothers,mothers|MSI|B760M|1700|1700|14|GEN|B760M,-,-,-,-,-,-,-,-,21640,Motherboard 1700 14°Gen - Msi B760M GAMING PLUS WIFI DDR5,Msi,248579.0,EN STOCK,-,-,https://www.mexx.com.ar/productos-rubro/motherboards/47311-motherboard-1700-14Â°gen-msi-b760m-gaming-plus-wifi-ddr5.html,-,-,-,-,-,-,-,-,-,-,-
solo_mexx,mothers,mothers|MSI|B760M|1700|1700|14|GEN|B760M,-,-,-,-,-,-,-,-,21641,Motherboard 1700 14°Gen - Msi B760M-P PRO DDR5,Msi,177629.0,EN STOCK,-,-,https://www.mexx.com.ar/productos-rubro/motherboards/47351-motherboard-1700-14Â°gen-msi-b760m-p-pro-ddr5.html,-,-,-,-,-,-,-,-,-,-,-
solo_mexx,mothers,mothers|MSI|H810M||SOCKET|LGA1851|H810M,-,-,-,-,-,-,-,-,21652,Motherboard Intel Socket LGA1851 - Msi PRO H810M-B DDR5,Msi,195999.0,EN STOCK,-,-,https://www.mexx.com.ar/productos-rubro/motherboards/50215-motherboard-intel-socket-lga1851-msi-pro-h810m-b-ddr5.html,-,-,-,-,-,-,-,-,-,-,-
solo_mexx,mothers,mothers|MSI|B860||SOCKET|LGA1851|B860,-,-,-,-,-,-,-,-,21653,Motherboard Intel Socket LGA1851 - Msi B860 Gaming Plus WIFI DDR5,Msi,401129.0,EN STOCK,-,-,https://www.mexx.com.ar/productos-rubro/motherboards/49692-motherboard-intel-socket-lga1851-msi-b860-gaming-plus-wifi-ddr5.html,-,-,-,-,-,-,-,-,-,-,-
solo_mexx,mothers,mothers|MSI|B860M||SOCKET|LGA1851|B860M,-,-,-,-,-,-,-,-,21654,Motherboard Intel Socket LGA1851- Msi B860M GAMING PLUS WIFI DDR5,Msi,315999.0,EN STOCK,-,-,https://www.mexx.com.ar/productos-rubro/motherboards/49312-motherboard-intel-socket-lga1851-msi-b860m-gaming-plus-wifi-ddr5.html,-,-,-,-,-,-,-,-,-,-,-
solo_mexx,mothers,mothers|MSI|Z890||SOCKET|LGA1851|Z890,-,-,-,-,-,-,-,-,21656,Motherboard Intel Socket LGA1851 - Msi Z890 GAMING PLUS WIFI DDR5,Msi,450999.0,EN STOCK,-,-,https://www.mexx.com.ar/productos-rubro/motherboards/48398-motherboard-intel-socket-lga1851-msi-z890-gaming-plus-wifi-ddr5.html,-,-,-,-,-,-,-,-,-,-,-
solo_mexx,mothers,mothers|MSI|Z890||SOCKET|LGA1851|Z890,-,-,-,-,-,-,-,-,21658,Motherboard Intel Socket LGA1851 - Msi PRO Z890 S WIFI WHITE,Msi,395999.0,EN STOCK,-,-,https://www.mexx.com.ar/productos-rubro/motherboards/49315-motherboard-intel-socket-lga1851-msi-pro-z890-s-wifi-white.html,-,-,-,-,-,-,-,-,-,-,-
solo_mexx,mothers,mothers|ASUS|H510M||1200|11|GEN|PRIME|H510M,-,-,-,-,-,-,-,-,22299,Motherboard 1200 11°Gen - Asus Prime H510M-R R2.0,Asus,95999.0,EN STOCK,-,-,https://www.mexx.com.ar/productos-rubro/motherboards/49207-motherboard-1200-11Â°gen-asus-prime-h510m-r-r2.0.html,-,-,-,-,-,-,-,-,-,-,-
solo_mexx,mothers,mothers|ASUS|B760M|1700|1700|13|GEN|PRIME|B760M,-,-,-,-,-,-,-,-,22336,Motherboard 1700 13°Gen - Asus Prime B760M-K D4,Asus,144139.0,EN STOCK,-,-,https://www.mexx.com.ar/productos-rubro/motherboards/47059-motherboard-1700-13Â°gen-asus-prime-b760m-k-d4.html,-,-,-,-,-,-,-,-,-,-,-
solo_mexx,mothers,mothers|ASUS|H810M||SOCKET|LGA1851|PRIME|H810M,-,-,-,-,-,-,-,-,22349,Motherboard Intel Socket LGA1851- Asus Prime H810M-E,Asus,158109.0,EN STOCK,-,-,https://www.mexx.com.ar/productos-rubro/motherboards/51207-motherboard-intel-socket-lga1851-asus-prime-h810m-e.html,-,-,-,-,-,-,-,-,-,-,-
solo_mexx,mothers,mothers|GIGABYTE|H610M|1700|1700|14|GEN|H610M|V2,-,-,-,-,-,-,-,-,23435,Motherboard 1700 14°Gen - Gigabyte H610M-K V2 DDR5,Gigabyte,115999.0,EN STOCK,-,-,https://www.mexx.com.ar/productos-rubro/motherboards/48098-motherboard-1700-14Â°gen-gigabyte-h610m-k-v2-ddr5.html,-,-,-,-,-,-,-,-,-,-,-
solo_mexx,mothers,mothers|GIGABYTE|B760M|1700|1700|14|GEN|B760M|D3HP,-,-,-,-,-,-,-,-,23449,Motherboard 1700 14°Gen - Gigabyte B760M D3HP DDR5,Gigabyte,180999.0,EN STOCK,-,-,https://www.mexx.com.ar/productos-rubro/motherboards/48794-motherboard-1700-14Â°gen-gigabyte-b760m-d3hp-ddr5.html,-,-,-,-,-,-,-,-,-,-,-
solo_mexx,mothers,mothers|GIGABYTE|B860M||SOCKET|LGA1851|B860M,-,-,-,-,-,-,-,-,23471,Motherboard Intel Socket LGA1851 - Gigabyte B860M H,Gigabyte,175999.0,EN STOCK,-,-,https://www.mexx.com.ar/productos-rubro/motherboards/50727-motherboard-intel-socket-lga1851-gigabyte-b860m-h.html,-,-,-,-,-,-,-,-,-,-,-
solo_mexx,mothers,mothers|GIGABYTE|B860M||SOCKET|LGA1851|B860M,-,-,-,-,-,-,-,-,23475,Motherboard Intel Socket LGA1851 - Gigabyte B860M K,Gigabyte,170829.0,EN STOCK,-,-,https://www.mexx.com.ar/productos-rubro/motherboards/50021-motherboard-intel-socket-lga1851-gigabyte-b860m-k.html,-,-,-,-,-,-,-,-,-,-,-
solo_mexx,mothers,mothers|GIGABYTE|Z890||SOCKET|LGA1851|Z890|AERO,-,-,-,-,-,-,-,-,23478,Motherboard Intel Socket LGA1851 - Gigabyte Z890 AERO G,Gigabyte,795999.0,EN STOCK,-,-,https://www.mexx.com.ar/productos-rubro/motherboards/49446-motherboard-intel-socket-lga1851-gigabyte-z890-aero-g.html,-,-,-,-,-,-,-,-,-,-,-
solo_mexx,mothers,mothers|GIGABYTE|Z890M||SOCKET|LGA1851|Z890M|ELITE|WIFI7,-,-,-,-,-,-,-,-,23481,Motherboard Intel Socket LGA1851 - Gigabyte Z890M A ELITE WIFI7,Gigabyte,429999.0,EN STOCK,-,-,https://www.mexx.com.ar/productos-rubro/motherboards/49945-motherboard-intel-socket-lga1851-gigabyte-z890m-a-elite-wifi7.html,-,-,-,-,-,-,-,-,-,-,-
solo_mexx,mothers,mothers|GIGABYTE|Z890||SOCKET|LGA1851|Z890|EAGLE|WIFI7,-,-,-,-,-,-,-,-,23484,Motherboard Intel Socket LGA1851 - Gigabyte Z890 Eagle WIFI7 DDR5,Gigabyte,419749.0,EN STOCK,-,-,https://www.mexx.com.ar/productos-rubro/motherboards/48795-motherboard-intel-socket-lga1851-gigabyte-z890-eagle-wifi7-ddr5.html,-,-,-,-,-,-,-,-,-,-,-
solo_mexx,mothers,mothers|GIGABYTE|Z890M||SOCKET|LGA1851|Z890M,-,-,-,-,-,-,-,-,23486,Motherboard Intel Socket LGA1851 - Gigabyte Z890M Gaming X,Gigabyte,284939.0,EN STOCK,-,-,https://www.mexx.com.ar/productos-rubro/motherboards/48463-motherboard-intel-socket-lga1851-gigabyte-z890m-gaming-x.html,-,-,-,-,-,-,-,-,-,-,-
solo_compragamer,placas_video,placas_video|ASROCK|RX|7600||8GB|PLACA|DE|RX|7600|8GB|GDDR6,-,-,-,-,-,-,-,-,-,-,-,-,-,-,-,-,-,14722.0,Placa de Video Asrock Radeon RX 7600 8GB GDDR6 Challenger OC,Asrock,499850.0,True,-,-,https://compragamer.com/producto/Placa_de_Video_Asrock_Radeon_RX_7600_8GB_GDDR6_Challenger_OC_14722?cate=62,-,-
solo_compragamer,placas_video,placas_video|MSI|RTX|3050||6GB|PLACA|DE|RTX|3050|6GB|GDDR6,-,-,-,-,-,-,-,-,-,-,-,-,-,-,-,-,-,15568.0,Placa de Video MSI GeForce RTX 3050 6GB GDDR6 Ventus 2X OC,MSI,392480.0,True,-,-,https://compragamer.com/producto/Placa_de_Video_MSI_GeForce_RTX_3050_6GB_GDDR6_Ventus_2X_OC_15568?cate=6,-,-
solo_compragamer,placas_video,placas_video|ZOTAC|RTX|5080||16GB|PLACA|DE|RTX|5080|16GB|GDDR7,-,-,-,-,-,-,-,-,-,-,-,-,-,-,-,-,-,16984.0,Placa de Video Zotac GeForce RTX 5080 16GB GDDR7 AMP EXTREME INFINITY,Zotac,2506660.0,True,-,-,https://compragamer.com/producto/Placa_de_Video_Zotac_GeForce_RTX_5080_16GB_GDDR7_AMP_EXTREME_INFINITY_16984?cate=6,-,-
solo_compragamer,placas_video,placas_video|ASUS|RX|9070|XT|16GB|PLACA|DE|PRIME|RX|9070|XT,-,-,-,-,-,-,-,-,-,-,-,-,-,-,-,-,-,17048.0,Placa de Video ASUS PRIME Radeon RX 9070 XT 16GB GDDR6 OC,Asus,1401750.0,True,-,-,https://compragamer.com/producto/Placa_de_Video_ASUS_PRIME_Radeon_RX_9070_XT_16GB_GDDR6_OC_17048?cate=62,-,-
solo_compragamer,placas_video,placas_video|ASUS|RX|9070|XT|16GB|PLACA|DE|TUF|RX|9070|XT,-,-,-,-,-,-,-,-,-,-,-,-,-,-,-,-,-,17049.0,Placa de Video ASUS TUF Radeon RX 9070 XT 16GB GDDR6 GAMING OC,Asus,1474200.0,True,-,-,https://compragamer.com/producto/Placa_de_Video_ASUS_TUF_Radeon_RX_9070_XT_16GB_GDDR6_GAMING_OC_17049?cate=62,-,-
solo_compragamer,placas_video,placas_video|MSI|RTX|5080||16GB|PLACA|DE|RTX|5080|16GB|GDDR7,-,-,-,-,-,-,-,-,-,-,-,-,-,-,-,-,-,17089.0,Placa de Video MSI GeForce RTX 5080 16GB GDDR7 GAMING TRIO OC,MSI,2735860.0,True,-,-,https://compragamer.com/producto/Placa_de_Video_MSI_GeForce_RTX_5080_16GB_GDDR7_GAMING_TRIO_OC_17089?cate=6,-,-
solo_compragamer,placas_video,placas_video|ASUS|RX|7600||8GB|PLACA|DE|RX|7600|8GB|GDDR6,-,-,-,-,-,-,-,-,-,-,-,-,-,-,-,-,-,17188.0,Placa de Video ASUS DUAL Radeon RX 7600 8GB GDDR6 EVO OC,Asus,520850.0,True,-,-,https://compragamer.com/producto/Placa_de_Video_ASUS_DUAL_Radeon_RX_7600_8GB_GDDR6_EVO_OC_17188?cate=62,-,-
solo_compragamer,placas_video,placas_video|ASUS|RTX|5090||32GB|PLACA|DE|TUF|RTX|5090|32GB,-,-,-,-,-,-,-,-,-,-,-,-,-,-,-,-,-,17355.0,Placa de Video ASUS TUF GeForce RTX 5090 32GB GDDR7 GAMING OC,Asus,5779990.0,True,-,-,https://compragamer.com/producto/Placa_de_Video_ASUS_TUF_GeForce_RTX_5090_32GB_GDDR7_GAMING_OC_17355?cate=6,-,-
solo_compragamer,placas_video,placas_video|INNO3D|RTX|5080||16GB|PLACA|DE|RTX|5080|16GB|GDDR7,-,-,-,-,-,-,-,-,-,-,-,-,-,-,-,-,-,17359.0,Placa de Video INNO3D GeForce RTX 5080 16GB GDDR7 X3 OC WHITE,INNO3D,2152710.0,True,-,-,https://compragamer.com/producto/Placa_de_Video_INNO3D_GeForce_RTX_5080_16GB_GDDR7_X3_OC_WHITE_17359?cate=6,-,-
solo_compragamer,placas_video,placas_video|INNO3D|RTX|5080||16GB|PLACA|DE|RTX|5080|16GB|GDDR7,-,-,-,-,-,-,-,-,-,-,-,-,-,-,-,-,-,17360.0,Placa de Video INNO3D GeForce RTX 5080 16GB GDDR7 X3 OC,INNO3D,2133740.0,True,-,-,https://compragamer.com/producto/Placa_de_Video_INNO3D_GeForce_RTX_5080_16GB_GDDR7_X3_OC_17360?cate=6,-,-
solo_compragamer,placas_video,placas_video|INNO3D|RTX|5070|TI|16GB|PLACA|DE|RTX|5070|TI|16GB,-,-,-,-,-,-,-,-,-,-,-,-,-,-,-,-,-,17363.0,Placa de Video INNO3D GeForce RTX 5070 TI 16GB GDDR7 X3 OC,INNO3D,1624670.0,True,-,-,https://compragamer.com/producto/Placa_de_Video_INNO3D_GeForce_RTX_5070_TI_16GB_GDDR7_X3_OC_17363?cate=6,-,-
solo_compragamer,placas_video,placas_video|MSI|RTX|5070||12GB|PLACA|DE|RTX|5070|12GB|GDDR7,-,-,-,-,-,-,-,-,-,-,-,-,-,-,-,-,-,17365.0,Placa de Video MSI GeForce RTX 5070 12GB GDDR7 GAMING TRIO OC,MSI,1277140.0,True,-,-,https://compragamer.com/producto/Placa_de_Video_MSI_GeForce_RTX_5070_12GB_GDDR7_GAMING_TRIO_OC_17365?cate=6,-,-
solo_compragamer,placas_video,placas_video|INNO3D|RTX|5070||12GB|PLACA|DE|RTX|5070|12GB|GDDR7,-,-,-,-,-,-,-,-,-,-,-,-,-,-,-,-,-,17367.0,Placa de Video INNO3D GeForce RTX 5070 12GB GDDR7 TWIN X2 OC WHITE,INNO3D,1124300.0,True,-,-,https://compragamer.com/producto/Placa_de_Video_INNO3D_GeForce_RTX_5070_12GB_GDDR7_TWIN_X2_OC_WHITE_17367?cate=6,-,-
solo_compragamer,placas_video,placas_video|INNO3D|RTX|5070||12GB|PLACA|DE|RTX|5070|12GB|GDDR7,-,-,-,-,-,-,-,-,-,-,-,-,-,-,-,-,-,17368.0,Placa de Video INNO3D GeForce RTX 5070 12GB GDDR7 TWIN X2 OC,INNO3D,1095900.0,True,-,-,https://compragamer.com/producto/Placa_de_Video_INNO3D_GeForce_RTX_5070_12GB_GDDR7_TWIN_X2_OC_17368?cate=6,-,-
solo_compragamer,placas_video,placas_video|XFX|RX|9070|XT|16GB|PLACA|DE|RX|9070|XT|16GB,-,-,-,-,-,-,-,-,-,-,-,-,-,-,-,-,-,17378.0,Placa de Video XFX Radeon RX 9070 XT 16GB GDDR6 Quicksilver Gaming Edition,XFX,1327450.0,True,-,-,https://compragamer.com/producto/Placa_de_Video_XFX_Radeon_RX_9070_XT_16GB_GDDR6_Quicksilver_Gaming_Edition_17378?cate=62,-,-
solo_compragamer,placas_video,placas_video|XFX|RX|9070|XT|16GB|PLACA|DE|RX|9070|XT|16GB,-,-,-,-,-,-,-,-,-,-,-,-,-,-,-,-,-,17381.0,Placa de Video XFX Radeon RX 9070 XT 16GB GDDR6 Mercury OC Gaming Edition RGB,XFX,1415990.0,True,-,-,https://compragamer.com/producto/Placa_de_Video_XFX_Radeon_RX_9070_XT_16GB_GDDR6_Mercury_OC_Gaming_Edition_RGB_17381?cate=62,-,-
solo_compragamer,placas_video,placas_video|XFX|RX|9070|XT|16GB|PLACA|DE|RX|9070|XT|16GB,-,-,-,-,-,-,-,-,-,-,-,-,-,-,-,-,-,17383.0,Placa de Video XFX Radeon RX 9070 XT 16GB GDDR6 Swift Triple Fan Gaming Edition,XFX,1309300.0,True,-,-,https://compragamer.com/producto/Placa_de_Video_XFX_Radeon_RX_9070_XT_16GB_GDDR6_Swift_Triple_Fan_Gaming_Edition_17383?cate=62,-,-
solo_compragamer,placas_video,placas_video|XFX|RX|9070|XT|16GB|PLACA|DE|RX|9070|XT|16GB,-,-,-,-,-,-,-,-,-,-,-,-,-,-,-,-,-,17384.0,Placa de Video XFX Radeon RX 9070 XT 16GB GDDR6 Swift White Triple Fan Gaming Edition,XFX,1311350.0,True,-,-,https://compragamer.com/producto/Placa_de_Video_XFX_Radeon_RX_9070_XT_16GB_GDDR6_Swift_White_Triple_Fan_Gaming_Edition_17384?cate=62,-,-
solo_compragamer,placas_video,placas_video|MSI|RTX|5080||16GB|PLACA|DE|RTX|5080|16GB|GDDR7,-,-,-,-,-,-,-,-,-,-,-,-,-,-,-,-,-,17524.0,Placa de Video MSI GeForce RTX 5080 16GB GDDR7 SHADOW 3X OC,MSI,2571390.0,True,-,-,https://compragamer.com/producto/Placa_de_Video_MSI_GeForce_RTX_5080_16GB_GDDR7_SHADOW_3X_OC_17524?cate=6,-,-
solo_compragamer,placas_video,placas_video|MSI|RTX|5070|TI|16GB|PLACA|DE|RTX|5070|TI|16GB,-,-,-,-,-,-,-,-,-,-,-,-,-,-,-,-,-,17586.0,Placa de Video MSI GeForce RTX 5070 Ti 16GB GDDR7 SHADOW 3X OC,MSI,1744900.0,True,-,-,https://compragamer.com/producto/Placa_de_Video_MSI_GeForce_RTX_5070_Ti_16GB_GDDR7_SHADOW_3X_OC_17586?cate=6,-,-
solo_compragamer,placas_video,placas_video|MSI|RTX|5080||16GB|PLACA|DE|RTX|5080|16GB|GDDR7,-,-,-,-,-,-,-,-,-,-,-,-,-,-,-,-,-,17632.0,Placa de video MSI GeForce RTX 5080 16GB GDDR7 GAMING TRIO WHITE OC,MSI,2735060.0,True,-,-,https://compragamer.com/producto/Placa_de_video_MSI_GeForce_RTX_5080_16GB_GDDR7_GAMING_TRIO_WHITE_OC_17632?cate=6,-,-
solo_compragamer,placas_video,placas_video|INNO3D|RTX|5060|TI|8GB|PLACA|DE|RTX|5060|TI|8GB,-,-,-,-,-,-,-,-,-,-,-,-,-,-,-,-,-,17688.0,Placa de Video INNO3D GeForce RTX 5060 Ti 8GB GDDR7 Twin X2,INNO3D,710000.0,True,-,-,https://compragamer.com/producto/Placa_de_Video_INNO3D_GeForce_RTX_5060_Ti_8GB_GDDR7_Twin_X2_17688?cate=6,-,-
solo_compragamer,placas_video,placas_video|MSI|RTX|5070||12GB|PLACA|DE|RTX|5070|12GB|GDDR7,-,-,-,-,-,-,-,-,-,-,-,-,-,-,-,-,-,17935.0,Placa de Video MSI GeForce RTX 5070 12GB GDDR7 VENTUS 3X OC,MSI,1199900.0,True,-,-,https://compragamer.com/producto/Placa_de_Video_MSI_GeForce_RTX_5070_12GB_GDDR7_VENTUS_3X_OC_17935?cate=6,-,-
solo_compragamer,placas_video,placas_video|ASROCK|RX|9060|XT|16GB|PLACA|DE|RX|9060|XT|16GB,-,-,-,-,-,-,-,-,-,-,-,-,-,-,-,-,-,17960.0,Placa de Video Asrock Radeon RX 9060 XT 16GB GDDR6 Challenger OC,Asrock,779900.0,True,-,-,https://compragamer.com/producto/Placa_de_Video_Asrock_Radeon_RX_9060_XT_16GB_GDDR6_Challenger_OC_17960?cate=62,-,-
solo_compragamer,placas_video,placas_video|ASUS|RTX|5060||8GB|PLACA|DE|RTX|5060|8GB|GDDR7,-,-,-,-,-,-,-,-,-,-,-,-,-,-,-,-,-,18426.0,Placa de Video ASUS DUAL GeForce RTX 5060 8GB GDDR7 OC,Asus,681900.0,True,-,-,https://compragamer.com/producto/Placa_de_Video_ASUS_DUAL_GeForce_RTX_5060_8GB_GDDR7_OC_18426?cate=6,-,-
solo_compragamer,placas_video,placas_video|MSI|RTX|5060||8GB|PLACA|DE|RTX|5060|8GB|SHADOW,-,-,-,-,-,-,-,-,-,-,-,-,-,-,-,-,-,18457.0,Placa de Video MSI GeForce RTX 5060 8GB SHADOW X2 OC,MSI,676810.0,True,-,-,https://compragamer.com/producto/Placa_de_Video_MSI_GeForce_RTX_5060_8GB_SHADOW_X2_OC_18457?cate=6,-,-
solo_compragamer,placas_video,placas_video|ZOTAC|RTX|5070|TI|16GB|PLACA|DE|RTX|5070|TI|16GB,-,-,-,-,-,-,-,-,-,-,-,-,-,-,-,-,-,18659.0,Placa de Video Zotac GeForce RTX 5070 Ti 16GB GDDR7 SOLID SFF OC,Zotac,1697500.0,True,-,-,https://compragamer.com/producto/Placa_de_Video_Zotac_GeForce_RTX_5070_Ti_16GB_GDDR7_SOLID_SFF_OC_18659?cate=6,-,-
solo_compragamer,placas_video,placas_video|ZOTAC|RTX|3050||6GB|PLACA|DE|RTX|3050|6GB|GDDR6,-,-,-,-,-,-,-,-,-,-,-,-,-,-,-,-,-,18681.0,Placa de Video Zotac GeForce RTX 3050 6GB GDDR6 Twin Edge OC,Zotac,359900.0,True,-,-,https://compragamer.com/producto/Placa_de_Video_Zotac_GeForce_RTX_3050_6GB_GDDR6_Twin_Edge_OC_18681?cate=6,-,-
solo_compragamer,placas_video,placas_video|ZOTAC|RTX|5080||16GB|PLACA|DE|RTX|5080|16GB|GDDR7,-,-,-,-,-,-,-,-,-,-,-,-,-,-,-,-,-,18701.0,Placa de Video Zotac GeForce RTX 5080 16GB GDDR7 SOLID CORE OC,Zotac,2399990.0,True,-,-,https://compragamer.com/producto/Placa_de_Video_Zotac_GeForce_RTX_5080_16GB_GDDR7_SOLID_CORE_OC_18701?cate=6,-,-
solo_compragamer,placas_video,placas_video|GEFORCE|PLACA|DE|QUADRO|RTX|A5000|24GB,-,-,-,-,-,-,-,-,-,-,-,-,-,-,-,-,-,19069.0,Placa de Video NVIDIA Quadro RTX A5000 24GB GDDR6 ECC BULK - OUTLET,Nvidia,3942450.0,True,-,-,https://compragamer.com/producto/Placa_de_Video_NVIDIA_Quadro_RTX_A5000_24GB_GDDR6_ECC_BULK_OUTLET_19069?cate=6,-,-
solo_compragamer,placas_video,placas_video|ASROCK|RX|9070|XT|16GB|PLACA|DE|RX|9070|XT|16GB,-,-,-,-,-,-,-,-,-,-,-,-,-,-,-,-,-,19297.0,Placa de Video Asrock Radeon RX 9070 XT 16GB GDDR6 Monster Hunter Wilds Edition,Asrock,1310750.0,True,-,-,https://compragamer.com/producto/Placa_de_Video_Asrock_Radeon_RX_9070_XT_16GB_GDDR6_Monster_Hunter_Wilds_Edition_19297?cate=62,-,-
solo_compragamer,placas_video,placas_video|ASUS|RTX|5070||12GB|PLACA|DE|RTX|5070|12GB|GDDR7,-,-,-,-,-,-,-,-,-,-,-,-,-,-,-,-,-,19343.0,Placa de Video ASUS DUAL GeForce RTX 5070 12GB GDDR7 OC,Asus,1198800.0,True,-,-,https://compragamer.com/producto/Placa_de_Video_ASUS_DUAL_GeForce_RTX_5070_12GB_GDDR7_OC_19343?cate=6,-,-
solo_compragamer,placas_video,placas_video|ASUS|RTX|5060|TI|16GB|PLACA|DE|RTX|5060|TI|16GB,-,-,-,-,-,-,-,-,-,-,-,-,-,-,-,-,-,19348.0,Placa de Video ASUS DUAL GeForce RTX 5060 TI 16GB GDDR7 OC EVO,Asus,1037750.0,True,-,-,https://compragamer.com/producto/Placa_de_Video_ASUS_DUAL_GeForce_RTX_5060_TI_16GB_GDDR7_OC_EVO_19348?cate=6,-,-
solo_compragamer,placas_video,placas_video|ASUS|RTX|5080||16GB|PLACA|DE|RTX|5080|16GB|GDDR7,-,-,-,-,-,-,-,-,-,-,-,-,-,-,-,-,-,19349.0,Placa de Video ASUS GeForce RTX 5080 16GB GDDR7 NOCTUA EDITION OC,Asus,3327250.0,True,-,-,https://compragamer.com/producto/Placa_de_Video_ASUS_GeForce_RTX_5080_16GB_GDDR7_NOCTUA_EDITION_OC_19349?cate=6,-,-
solo_compragamer,placas_video,placas_video|ASUS|RTX|5080||16GB|PLACA|DE|PROART|RTX|5080|16GB,-,-,-,-,-,-,-,-,-,-,-,-,-,-,-,-,-,19350.0,Placa de Video ASUS ProArt GeForce RTX 5080 16GB GDDR7 OC,Asus,3118390.0,True,-,-,https://compragamer.com/producto/Placa_de_Video_ASUS_ProArt_GeForce_RTX_5080_16GB_GDDR7_OC_19350?cate=6,-,-
solo_compragamer,placas_video,placas_video|ZOTAC|RTX|5050||8GB|PLACA|DE|RTX|5050|8GB|GDDR6,-,-,-,-,-,-,-,-,-,-,-,-,-,-,-,-,-,19376.0,Placa de Video Zotac GeForce RTX 5050 8GB GDDR6 Twin Edge OC,Zotac,542460.0,True,-,-,https://compragamer.com/producto/Placa_de_Video_Zotac_GeForce_RTX_5050_8GB_GDDR6_Twin_Edge_OC_19376?cate=6,-,-
solo_compragamer,placas_video,placas_video|ASROCK|PLACA|DE|AI|R9700|32GB|GDDR6,-,-,-,-,-,-,-,-,-,-,-,-,-,-,-,-,-,19539.0,Placa de Video Asrock Radeon AI PRO R9700 32GB GDDR6 CREATOR,Asrock,2620900.0,True,-,-,https://compragamer.com/producto/Placa_de_Video_Asrock_Radeon_AI_PRO_R9700_32GB_GDDR6_CREATOR_19539?cate=62,-,-
solo_compragamer,placas_video,placas_video|MSI|RTX|5060||8GB|PLACA|DE|RTX|5060|8GB|CYCLONE,-,-,-,-,-,-,-,-,-,-,-,-,-,-,-,-,-,19559.0,Placa de Video MSI GeForce RTX 5060 8GB CYCLONE OC,MSI,633330.0,True,-,-,https://compragamer.com/producto/Placa_de_Video_MSI_GeForce_RTX_5060_8GB_CYCLONE_OC_19559?cate=6,-,-
solo_compragamer,placas_video,placas_video|MSI|RTX|5060||8GB|PLACA|DE|RTX|5060|8GB|VENTUS,-,-,-,-,-,-,-,-,-,-,-,-,-,-,-,-,-,19644.0,Placa de Video MSI GeForce RTX 5060 8GB VENTUS X2 OC White,MSI,689650.0,True,-,-,https://compragamer.com/producto/Placa_de_Video_MSI_GeForce_RTX_5060_8GB_VENTUS_X2_OC_White_19644?cate=6,-,-
solo_compragamer,placas_video,placas_video|ZOTAC|RTX|5080||16GB|PLACA|DE|RTX|5080|16GB|GDDR7,-,-,-,-,-,-,-,-,-,-,-,-,-,-,-,-,-,20146.0,Placa de Video Zotac GeForce RTX 5080 16GB GDDR7 APOCALYPSE OC,Zotac,2502780.0,True,-,-,https://compragamer.com/producto/Placa_de_Video_Zotac_GeForce_RTX_5080_16GB_GDDR7_APOCALYPSE_OC_20146?cate=6,-,-
solo_compragamer,placas_video,placas_video|GIGABYTE|RTX|5090||32GB|PLACA|DE|AORUS|RTX|5090|32GB,-,-,-,-,-,-,-,-,-,-,-,-,-,-,-,-,-,20204.0,Placa de Video Gigabyte AORUS GeForce RTX 5090 32GB GDDR7 MASTER,Gigabyte,5836830.0,True,-,-,https://compragamer.com/producto/Placa_de_Video_Gigabyte_AORUS_GeForce_RTX_5090_32GB_GDDR7_MASTER_20204?cate=6,-,-
solo_compragamer,placas_video,placas_video|GIGABYTE|RTX|5090||32GB|PLACA|DE|AORUS|RTX|5090|32GB,-,-,-,-,-,-,-,-,-,-,-,-,-,-,-,-,-,20205.0,Placa de Video Gigabyte AORUS GeForce RTX 5090 32GB GDDR7 MASTER ICE,Gigabyte,5836830.0,True,-,-,https://compragamer.com/producto/Placa_de_Video_Gigabyte_AORUS_GeForce_RTX_5090_32GB_GDDR7_MASTER_ICE_20205?cate=6,-,-
solo_compragamer,placas_video,placas_video|GIGABYTE|RTX|5080||16GB|PLACA|DE|AORUS|RTX|5080|16GB,-,-,-,-,-,-,-,-,-,-,-,-,-,-,-,-,-,20206.0,Placa de Video Gigabyte AORUS GeForce RTX 5080 16GB GDDR7 MASTER,Gigabyte,2799900.0,True,-,-,https://compragamer.com/producto/Placa_de_Video_Gigabyte_AORUS_GeForce_RTX_5080_16GB_GDDR7_MASTER_20206?cate=6,-,-
solo_compragamer,placas_video,placas_video|MSI|RTX|5050||8GB|PLACA|DE|RTX|5050|8GB|SHADOW,-,-,-,-,-,-,-,-,-,-,-,-,-,-,-,-,-,20296.0,Placa de Video MSI GeForce RTX 5050 8GB SHADOW 2X OC,MSI,557900.0,True,-,-,https://compragamer.com/producto/Placa_de_Video_MSI_GeForce_RTX_5050_8GB_SHADOW_2X_OC_20296?cate=6,-,-
solo_distribuidor,placas_video,placas_video|GIGABYTE|RX|9070||16GB|PLACA|DE|RX|9070|OC|16GB,PLACA DE VIDEO,120289,GV-R9070GAMING OC-16GD,PLACA DE VIDEO GIGABYTE RADEON RX 9070 GAMING OC 16GB,GIGABYTE                                          ,1200821.62,10.0,-,-,-,-,-,-,-,-,-,-,-,-,-,-,-,-,-,-,-,-
solo_distribuidor,placas_video,placas_video|GIGABYTE|RTX|5070||12GB|PLACA|DE|RTX|5070|AERO|OC,PLACA DE VIDEO,120370,GV-N5070AERO OC-12GD,PLACA DE VIDEO GIGABYTE RTX 5070 AERO OC 12GB,GIGABYTE                                          ,1246453.62,10.0,-,-,-,-,-,-,-,-,-,-,-,-,-,-,-,-,-,-,-,-
solo_distribuidor,placas_video,placas_video|ASUS|RX|9070||16GB|PLACA|DE|PRIME|RX|9070|16GB,PLACA DE VIDEO,120361,PRIME-RX9070-O16G,PLACA DE VIDEO ASUS PRIME RX 9070 O 16GB,ASUS,1118179.0,10.0,-,-,-,-,-,-,-,-,-,-,-,-,-,-,-,-,-,-,-,-
solo_distribuidor,placas_video,placas_video|GIGABYTE|RX|9070|XT|16GB|PLACA|DE|RX|9070|XT|OC,PLACA DE VIDEO,120170,GV-R9070XTGAMING OC-16GD,PLACA DE VIDEO GIGABYTE RADEON RX 9070 XT GAMING OC 16GB,GIGABYTE                                          ,1307991.39,9.0,-,-,-,-,-,-,-,-,-,-,-,-,-,-,-,-,-,-,-,-
solo_distribuidor,placas_video,placas_video|SAPPHIRE|RX|9070|XT|16GB|PLACA|DE|PULSE|RX|9070|XT,PLACA DE VIDEO,120164,11348-03-20G,PLACA DE VIDEO SAPPHIRE PULSE RX 9070 XT 16GB,SAPPHIRE                                          ,1285649.82,8.0,-,-,-,-,-,-,-,-,-,-,-,-,-,-,-,-,-,-,-,-
solo_distribuidor,placas_video,placas_video|ASUS|RTX|5070||12GB|PLACA|DE|TUF|RTX|5070|OC,PLACA DE VIDEO,120233,TUF-RTX5070-O12G-GAMING,PLACA DE VIDEO ASUS TUF RTX 5070 OC 12GB GAMING,ASUS,1341812.91,10.0,-,-,-,-,-,-,-,-,-,-,-,-,-,-,-,-,-,-,-,-
solo_distribuidor,placas_video,placas_video|GIGABYTE|RX|9070|XT|16GB|PLACA|DE|RX|9070XT|AORUS|ELITE,PLACA DE VIDEO,120169,GV-R9070XTAORUS E-16GD,PLACA DE VIDEO GIGABYTE  RADEON RX 9070XT AORUS ELITE 16GB,GIGABYTE                                          ,1401093.77,10.0,-,-,-,-,-,-,-,-,-,-,-,-,-,-,-,-,-,-,-,-
solo_distribuidor,placas_video,placas_video|ASUS|RX|9070||16GB|PLACA|DE|PRIME|RX|9070|16GB,PLACA DE VIDEO,121668,PRIME-RX9070-O16G-EVO,PLACA DE VIDEO ASUS PRIME RX 9070 O 16GB EVO,ASUS,1110431.85,10.0,-,-,-,-,-,-,-,-,-,-,-,-,-,-,-,-,-,-,-,-
solo_distribuidor,placas_video,placas_video|ASROCK|RX|9070|XT|16GB|PLACA|DE|RX9070XT|16GB|STEEL|LEGEND,PLACA DE VIDEO,121559,RX9070XT SLD16,PLACA DE VIDEO ASROCK RX9070XT 16GB STEEL LEGEND DARK,ASROCK,1165253.36,10.0,-,-,-,-,-,-,-,-,-,-,-,-,-,-,-,-,-,-,-,-
solo_distribuidor,placas_video,placas_video|ASUS|RTX|5060|TI|8GB|PLACA|DE|PRIME|RTX|5060TI|8GB,PLACA DE VIDEO,121299,PRIME-RTX5060TI-O8G,PLACA DE VIDEO ASUS PRIME RTX 5060TI O 8GB,ASUS,876656.72,4.0,-,-,-,-,-,-,-,-,-,-,-,-,-,-,-,-,-,-,-,-
solo_distribuidor,placas_video,placas_video|ASUS|RTX|5060|TI|16GB|PLACA|DE|RTX|5060TI|16GB,PLACA DE VIDEO,121177,DUAL-RTX5060TI-O16G,PLACA DE VIDEO ASUS DUAL RTX 5060TI 16GB,ASUS,1001519.45,3.0,-,-,-,-,-,-,-,-,-,-,-,-,-,-,-,-,-,-,-,-
solo_distribuidor,placas_video,placas_video|SAPPHIRE|RX|7600||8GB|PLACA|DE|PULSE|RX|7600|OC,PLACA DE VIDEO,118259,11324-01-20G,PLACA DE VIDEO SAPPHIRE PULSE RX 7600 OC 8GB,SAPPHIRE                                          ,504970.9,10.0,-,-,-,-,-,-,-,-,-,-,-,-,-,-,-,-,-,-,-,-
solo_distribuidor,placas_video,placas_video|ASROCK|RX|7600||8GB|PLACA|DE|RX7600|8GB|OC|STEEL,PLACA DE VIDEO,118315,RX 7600 SL 8GO,PLACA DE VIDEO ASROCK RX7600 8GB OC STEEL LEGEND WHITE ARGB,ASROCK,526212.28,1.0,-,-,-,-,-,-,-,-,-,-,-,-,-,-,-,-,-,-,-,-
solo_distribuidor,placas_video,placas_video|ASROCK|RX|9070|XT|16GB|PLACA|DE|RX9070XT|16GB|CHALLENGER,PLACA DE VIDEO,121560,RX9070XT CL16G,PLACA DE VIDEO ASROCK RX9070XT 16GB CHALLENGER,ASROCK,1124367.28,10.0,-,-,-,-,-,-,-,-,-,-,-,-,-,-,-,-,-,-,-,-
solo_distribuidor,placas_video,placas_video|ASUS|RTX|5050||8GB|PLACA|DE|PRIME|RTX|5050|8GB,PLACA DE VIDEO,121666,PRIME RTX5050 O8G,PLACA DE VIDEO ASUS PRIME RTX 5050 O 8GB,ASUS,526845.91,10.0,-,-,-,-,-,-,-,-,-,-,-,-,-,-,-,-,-,-,-,-
solo_distribuidor,placas_video,placas_video|ASUS|RTX|5060|||PLACA|DE|RTX|5060|O8GB|EVO,PLACA DE VIDEO,122669,DUAL-RTX5060-O8G EVO,PLACA DE VIDEO ASUS DUAL RTX 5060 O8GB EVO,ASUS,652365.88,10.0,-,-,-,-,-,-,-,-,-,-,-,-,-,-,-,-,-,-,-,-
solo_distribuidor,placas_video,placas_video|GIGABYTE|RTX|5070||12GB|PLACA|DE|RTX|5070|EAGLE|OC,PLACA DE VIDEO,120366,GV-N5070EAGLEOC ICE 12GD,PLACA DE VIDEO GIGABYTE RTX 5070 EAGLE OC ICE 12GB (WHITE),GIGABYTE                                          ,1194661.85,10.0,-,-,-,-,-,-,-,-,-,-,-,-,-,-,-,-,-,-,-,-
solo_distribuidor,placas_video,placas_video|ASUS|RTX|5090|||PLACA|DE|TUF|RTX|5090|D7,PLACA DE VIDEO,120642,TUF-RTX5090-32G-GAMING,PLACA DE VIDEO ASUS TUF RTX 5090 D7 32G GAMING,ASUS,5906733.3,2.0,-,-,-,-,-,-,-,-,-,-,-,-,-,-,-,-,-,-,-,-
solo_distribuidor,placas_video,placas_video|GIGABYTE|RTX|5070||12GB|PLACA|DE|RTX|5070|EAGLE|OC,PLACA DE VIDEO,120371,GV-N5070EAGLE OC-12G,PLACA DE VIDEO GIGABYTE RTX 5070 EAGLE OC 12GB,GIGABYTE                                          ,1174544.28,10.0,-,-,-,-,-,-,-,-,-,-,-,-,-,-,-,-,-,-,-,-
solo_distribuidor,placas_video,placas_video|ASUS|RTX|5080|||PLACA|DE|TUF|RTX|5080|O16GB,PLACA DE VIDEO,122517,TUF-RTX5080-O16G-GAMING,PLACA DE VIDEO ASUS TUF RTX 5080 O16GB GAMING,ASUS,2853919.63,10.0,-,-,-,-,-,-,-,-,-,-,-,-,-,-,-,-,-,-,-,-
solo_distribuidor,placas_video,placas_video|ASROCK|RX|9060|XT|8GB|PLACA|DE|RX9060XT|8GB|OC|STEEL,PLACA DE VIDEO,122356,RX9060XT SL 8G,PLACA DE VIDEO ASROCK RX9060XT 8GB OC STEEL LEGEND WHITE,ASROCK,598042.58,10.0,-,-,-,-,-,-,-,-,-,-,-,-,-,-,-,-,-,-,-,-
solo_distribuidor,placas_video,placas_video|GIGABYTE|RX|9070||16GB|PLACA|DE|RX|9070|16GB,PLACA DE VIDEO,121689,GV-R9070GAMING-16GD,PLACA DE VIDEO GIGABYTE RADEON RX 9070 GAMING 16GB,GIGABYTE                                          ,1190434.14,10.0,-,-,-,-,-,-,-,-,-,-,-,-,-,-,-,-,-,-,-,-
solo_distribuidor,placas_video,placas_video|GIGABYTE|RX|9070|XT|16GB|PLACA|DE|RX|9070|XT|16GB,PLACA DE VIDEO,121688,GV-R9070XTGAMING-16GD,PLACA DE VIDEO GIGABYTE RADEON RX 9070 XT GAMING 16GB,GIGABYTE                                          ,1312279.88,10.0,-,-,-,-,-,-,-,-,-,-,-,-,-,-,-,-,-,-,-,-
solo_distribuidor,placas_video,placas_video|GIGABYTE|RTX|5060|TI|8GB|PLACA|DE|RTX|5060TI|AERO|8GB,PLACA DE VIDEO,121691,GV-N506TAERO OC-8GD,PLACA DE VIDEO GIGABYTE RTX 5060TI AERO 8GB,GIGABYTE                                          ,782522.49,8.0,-,-,-,-,-,-,-,-,-,-,-,-,-,-,-,-,-,-,-,-
solo_distribuidor,placas_video,placas_video|GIGABYTE|RX|9070|XT|16GB|PLACA|DE|RX|9070XT|ICE|16GB,PLACA DE VIDEO,121687,GV-R907XGAMINGOCICE-16GD,PLACA DE VIDEO GIGABYTE  RADEON RX 9070XT GAMING ICE 16GB,GIGABYTE                                          ,1296207.68,10.0,-,-,-,-,-,-,-,-,-,-,-,-,-,-,-,-,-,-,-,-
solo_distribuidor,placas_video,placas_video|GIGABYTE|RTX|5070||12GB|PLACA|DE|RTX|5070|AORUS|12GB,PLACA DE VIDEO,121690,GV-N5070AORUS M-12GD,PLACA DE VIDEO GIGABYTE RTX 5070 AORUS 12GB GDRR7,GIGABYTE                                          ,1417766.21,10.0,-,-,-,-,-,-,-,-,-,-,-,-,-,-,-,-,-,-,-,-
solo_distribuidor,placas_video,placas_video|GIGABYTE|RX|9060|XT|16GB|PLACA|DE|RX|9060XT|OC|16GB,PLACA DE VIDEO,121063,GV-R9060XTGAMING OC-16GD,PLACA DE VIDEO GIGABYTE RADEON RX 9060XT GAMING OC 16GB,GIGABYTE                                          ,815391.21,10.0,-,-,-,-,-,-,-,-,-,-,-,-,-,-,-,-,-,-,-,-
solo_distribuidor,placas_video,placas_video|GIGABYTE|RX|9060|XT|8GB|PLACA|DE|RX|9060XT|OC|8GB,PLACA DE VIDEO,121064,GV-R9060XTGAMING OC-8GD,PLACA DE VIDEO GIGABYTE RADEON RX 9060XT GAMING OC 8GB,GIGABYTE                                          ,645106.54,10.0,-,-,-,-,-,-,-,-,-,-,-,-,-,-,-,-,-,-,-,-
solo_distribuidor,placas_video,placas_video|SAPPHIRE|RX|9060|XT|16GB|PLACA|DE|PULSE|RX|9060|XT,PLACA DE VIDEO,121122,11350-03-20G,PLACA DE VIDEO SAPPHIRE PULSE RX 9060 XT GAMING OC 16GB,SAPPHIRE                                          ,802680.84,10.0,-,-,-,-,-,-,-,-,-,-,-,-,-,-,-,-,-,-,-,-
solo_mexx,placas_video,placas_video|MSI|PLACA|DE|GT|1030|4GB|OC,-,-,-,-,-,-,-,-,35802,Placa De Video GeForce GT 1030 4Gb Msi Oc Low Profile,Msi,188489.0,EN STOCK,-,-,https://www.mexx.com.ar/productos-rubro/placas-de-video/47943-placa-de-video-geforce-gt-1030-4gb-msi-oc-low-profile.html,-,-,-,-,-,-,-,-,-,-,-
solo_mexx,placas_video,placas_video|ZOTAC|RTX|3050||6GB|PLACA|DE|RTX|3050|6GB|TWIN,-,-,-,-,-,-,-,-,39530,Placa De Video GeForce RTX 3050 6Gb Zotac Twin Edge Oc,Zotac,361219.0,EN STOCK,-,-,https://www.mexx.com.ar/productos-rubro/placas-de-video/51068-placa-de-video-geforce-rtx-3050-6gb-zotac-twin-edge-oc.html,-,-,-,-,-,-,-,-,-,-,-
solo_mexx,placas_video,placas_video|MSI|RTX|3050||6GB|PLACA|DE|RTX|3050|6GB|LP,-,-,-,-,-,-,-,-,39531,Placa De Video GeForce RTX 3050 6Gb Msi LP Oc,Msi,383599.0,EN STOCK,-,-,https://www.mexx.com.ar/productos-rubro/placas-de-video/50388-placa-de-video-geforce-rtx-3050-6gb-msi-lp-oc.html,-,-,-,-,-,-,-,-,-,-,-
solo_mexx,placas_video,placas_video|ASUS|RTX|3050||6GB|PLACA|DE|RTX|3050|6GB|OC,-,-,-,-,-,-,-,-,39537,Placa De Video GeForce RTX 3050 6Gb Asus Dual Oc,Asus,385999.0,EN STOCK,-,-,https://www.mexx.com.ar/productos-rubro/placas-de-video/47902-placa-de-video-geforce-rtx-3050-6gb-asus-dual-oc.html,-,-,-,-,-,-,-,-,-,-,-
solo_mexx,placas_video,placas_video|INNO3D|RTX|3050||6GB|PLACA|DE|RTX|3050|6GB|TWIN,-,-,-,-,-,-,-,-,39546,Placa De Video GeForce RTX 3050 6Gb Inno3D Twin X2,Inno3D,354999.0,EN STOCK,-,-,https://www.mexx.com.ar/productos-rubro/placas-de-video/51220-placa-de-video-geforce-rtx-3050-6gb-inno3d-twin-x2.html,-,-,-,-,-,-,-,-,-,-,-
solo_mexx,placas_video,placas_video|INNO3D|RTX|5060||8GB|PLACA|DE|RTX|5060|8GB|TWIN,-,-,-,-,-,-,-,-,39610,Placa De Video Geforce RTX 5060 8Gb Inno3D Twin X2,Inno3D,649239.0,EN STOCK,-,-,https://www.mexx.com.ar/productos-rubro/placas-de-video/51221-placa-de-video-geforce-rtx-5060-8gb-inno3d-twin-x2.html,-,-,-,-,-,-,-,-,-,-,-
solo_mexx,placas_video,placas_video|MSI|RTX|5050|||PLACA|DE|RTX|5050|8G|OC,-,-,-,-,-,-,-,-,39618,Placa De Video GeForce RTX 5050 8G Msi Gaming Oc,Msi,560549.0,EN STOCK,-,-,https://www.mexx.com.ar/productos-rubro/placas-de-video/50654-placa-de-video-geforce-rtx-5050-8g-msi-gaming-oc.html,-,-,-,-,-,-,-,-,-,-,-
solo_mexx,placas_video,placas_video|ZOTAC|RTX|5050||8GB|PLACA|DE|RTX|5050|8GB|TWIN,-,-,-,-,-,-,-,-,39624,Placa De Video GeForce RTX 5050 8Gb Zotac Twin Edge Oc,Zotac,545999.0,EN STOCK,-,-,https://www.mexx.com.ar/productos-rubro/placas-de-video/50689-placa-de-video-geforce-rtx-5050-8gb-zotac-twin-edge-oc.html,-,-,-,-,-,-,-,-,-,-,-
solo_mexx,placas_video,placas_video|MSI|RTX|5050||8GB|PLACA|DE|RTX|5050|8GB|VENTUS,-,-,-,-,-,-,-,-,39640,Placa De Video Geforce RTX 5050 8Gb Msi Ventus 2X Oc,Msi,670999.0,EN STOCK,-,-,https://www.mexx.com.ar/productos-rubro/placas-de-video/50212-placa-de-video-geforce-rtx-5050-8gb-msi-ventus-2x-oc.html,-,-,-,-,-,-,-,-,-,-,-
solo_mexx,placas_video,placas_video|ASUS|RTX|5060||8GB|PLACA|DE|RTX|5060|8GB|OC,-,-,-,-,-,-,-,-,39644,Placa De Video GeForce RTX 5060 8Gb Asus Dual Oc Evo,Asus,666979.0,EN STOCK,-,-,https://www.mexx.com.ar/productos-rubro/placas-de-video/51108-placa-de-video-geforce-rtx-5060-8gb-asus-dual-oc-evo.html,-,-,-,-,-,-,-,-,-,-,-
solo_mexx,placas_video,placas_video|MSI|RTX|5060||8GB|PLACA|DE|RTX|5060|8GB|CYCLONE,-,-,-,-,-,-,-,-,39648,Placa De Video GeForce RTX 5060 8Gb Msi Cyclone Oc,Msi,707119.0,EN STOCK,-,-,https://www.mexx.com.ar/productos-rubro/placas-de-video/50507-placa-de-video-geforce-rtx-5060-8gb-msi-cyclone-oc.html,-,-,-,-,-,-,-,-,-,-,-
solo_mexx,placas_video,placas_video|MSI|RTX|5060||8GB|PLACA|DE|RTX|5060|8GB|SHADOW,-,-,-,-,-,-,-,-,39649,Placa De Video GeForce RTX 5060 8Gb Msi Shadow 2X Oc,Msi,690259.0,EN STOCK,-,-,https://www.mexx.com.ar/productos-rubro/placas-de-video/49872-placa-de-video-geforce-rtx-5060-8gb-msi-shadow-2x-oc.html,-,-,-,-,-,-,-,-,-,-,-
solo_mexx,placas_video,placas_video|GIGABYTE|RTX|5060||8GB|PLACA|DE|RTX|5060|8GB|EAGLE,-,-,-,-,-,-,-,-,39661,Placa De Video GeForce RTX 5060 8Gb Gigabyte Eagle Max Oc,Gigabyte,660999.0,EN STOCK,-,-,https://www.mexx.com.ar/productos-rubro/placas-de-video/50975-placa-de-video-geforce-rtx-5060-8gb-gigabyte-eagle-max-oc.html,-,-,-,-,-,-,-,-,-,-,-
solo_mexx,placas_video,placas_video|MSI|RTX|5060||8GB|PLACA|DE|RTX|5060|8GB|TRIO,-,-,-,-,-,-,-,-,39688,Placa De Video GeForce RTX 5060 8Gb Msi Gaming Trio Oc White,Msi,690999.0,EN STOCK,-,-,https://www.mexx.com.ar/productos-rubro/placas-de-video/51034-placa-de-video-geforce-rtx-5060-8gb-msi-gaming-trio-oc-white.html,-,-,-,-,-,-,-,-,-,-,-
solo_mexx,placas_video,placas_video|GIGABYTE|RTX|5060|TI|8GB|PLACA|DE|RTX|5060|TI|8GB,-,-,-,-,-,-,-,-,39790,Placa De Video GeForce RTX 5060 Ti 8Gb Gigabyte Windforce Oc,Gigabyte,840999.0,EN STOCK,-,-,https://www.mexx.com.ar/productos-rubro/placas-de-video/49644-placa-de-video-geforce-rtx-5060-ti-8gb-gigabyte-windforce-oc.html,-,-,-,-,-,-,-,-,-,-,-
solo_mexx,placas_video,placas_video|GIGABYTE|RTX|5060|TI|8GB|PLACA|DE|RTX|5060|TI|8GB,-,-,-,-,-,-,-,-,39791,Placa De Video GeForce RTX 5060 Ti 8Gb Gigabyte Eagle Oc,Gigabyte,860999.0,EN STOCK,-,-,https://www.mexx.com.ar/productos-rubro/placas-de-video/49645-placa-de-video-geforce-rtx-5060-ti-8gb-gigabyte-eagle-oc.html,-,-,-,-,-,-,-,-,-,-,-
solo_mexx,placas_video,placas_video|GIGABYTE|RTX|5060|TI|8GB|PLACA|DE|RTX|5060|TI|8GB,-,-,-,-,-,-,-,-,39792,Placa De Video GeForce RTX 5060 Ti 8Gb Gigabyte Eagle Ice Oc,Gigabyte,820999.0,EN STOCK,-,-,https://www.mexx.com.ar/productos-rubro/placas-de-video/49646-placa-de-video-geforce-rtx-5060-ti-8gb-gigabyte-eagle-ice-oc.html,-,-,-,-,-,-,-,-,-,-,-
solo_mexx,placas_video,placas_video|GIGABYTE|RTX|5060|TI|8GB|PLACA|DE|RTX|5060|TI|8GB,-,-,-,-,-,-,-,-,39793,Placa De Video GeForce RTX 5060 Ti 8Gb Gigabyte Gaming Oc,Gigabyte,840999.0,EN STOCK,-,-,https://www.mexx.com.ar/productos-rubro/placas-de-video/49647-placa-de-video-geforce-rtx-5060-ti-8gb-gigabyte-gaming-oc.html,-,-,-,-,-,-,-,-,-,-,-
solo_mexx,placas_video,placas_video|ASUS|RTX|5060|TI|8GB|PLACA|DE|RTX|5060|TI|8GB,-,-,-,-,-,-,-,-,39803,Placa De Video GeForce RTX 5060 Ti 8Gb Asus Tuf Gaming Oc,Asus,959899.0,EN STOCK,-,-,https://www.mexx.com.ar/productos-rubro/placas-de-video/49554-placa-de-video-geforce-rtx-5060-ti-8gb-asus-tuf-gaming-oc.html,-,-,-,-,-,-,-,-,-,-,-
solo_mexx,placas_video,placas_video|MSI|RTX|5060|TI|8GB|PLACA|DE|RTX|5060|TI|8GB,-,-,-,-,-,-,-,-,39804,Placa De Video GeForce RTX 5060 Ti 8Gb Msi Shadow 2X Oc Plus,Msi,772749.0,EN STOCK,-,-,https://www.mexx.com.ar/productos-rubro/placas-de-video/50465-placa-de-video-geforce-rtx-5060-ti-8gb-msi-shadow-2x-oc-plus.html,-,-,-,-,-,-,-,-,-,-,-
solo_mexx,placas_video,placas_video|MSI|RTX|5060|TI|8GB|PLACA|DE|RTX|5060|TI|8GB,-,-,-,-,-,-,-,-,39805,Placa De Video GeForce RTX 5060 Ti 8Gb Msi Gaming Trio Oc White,Msi,950999.0,EN STOCK,-,-,https://www.mexx.com.ar/productos-rubro/placas-de-video/49995-placa-de-video-geforce-rtx-5060-ti-8gb-msi-gaming-trio-oc-white.html,-,-,-,-,-,-,-,-,-,-,-
solo_mexx,placas_video,placas_video|MSI|RTX|5060|TI|8GB|PLACA|DE|RTX|5060|TI|8GB,-,-,-,-,-,-,-,-,39807,Placa De Video GeForce RTX 5060 Ti 8Gb Msi Ventus 2X Oc Plus,Msi,811999.0,EN STOCK,-,-,https://www.mexx.com.ar/productos-rubro/placas-de-video/49371-placa-de-video-geforce-rtx-5060-ti-8gb-msi-ventus-2x-oc-plus.html,-,-,-,-,-,-,-,-,-,-,-
solo_mexx,placas_video,placas_video|MSI|RTX|5060|TI|8GB|PLACA|DE|RTX|5060|TI|8GB,-,-,-,-,-,-,-,-,39808,Placa De Video GeForce RTX 5060 Ti 8Gb Msi Gaming Oc,Msi,816219.0,EN STOCK,-,-,https://www.mexx.com.ar/productos-rubro/placas-de-video/49369-placa-de-video-geforce-rtx-5060-ti-8gb-msi-gaming-oc.html,-,-,-,-,-,-,-,-,-,-,-
solo_mexx,placas_video,placas_video|MSI|RTX|5070||12GB|PLACA|DE|RTX|5070|12GB|TRIO,-,-,-,-,-,-,-,-,39970,Placa De Video GeForce RTX 5070 12Gb Msi Gaming Trio Oc,Msi,1420999.0,EN STOCK,-,-,https://www.mexx.com.ar/productos-rubro/placas-de-video/48882-placa-de-video-geforce-rtx-5070-12gb-msi-gaming-trio-oc.html,-,-,-,-,-,-,-,-,-,-,-
solo_mexx,placas_video,placas_video|MSI|RTX|5070||12GB|PLACA|DE|RTX|5070|12GB|VENTUS,-,-,-,-,-,-,-,-,39973,Placa De Video Geforce RTX 5070 12Gb Msi Ventus 3X Oc,Msi,1360999.0,EN STOCK,-,-,https://www.mexx.com.ar/productos-rubro/placas-de-video/49838-placa-de-video-geforce-rtx-5070-12gb-msi-ventus-3x-oc.html,-,-,-,-,-,-,-,-,-,-,-
solo_mexx,placas_video,placas_video|INNO3D|RTX|5080||16GB|PLACA|DE|RTX|5080|16GB|X3,-,-,-,-,-,-,-,-,40002,Placa De Video GeForce RTX 5080 16Gb Inno3D X3,Inno3D,2480999.0,EN STOCK,-,-,https://www.mexx.com.ar/productos-rubro/placas-de-video/51225-placa-de-video-geforce-rtx-5080-16gb-inno3d-x3.html,-,-,-,-,-,-,-,-,-,-,-
solo_mexx,placas_video,placas_video|POWERCOLOR|RX|7600||8GB|PLACA|DE|RX|7600|8GB|POWER,-,-,-,-,-,-,-,-,41103,Placa De Video Radeon RX 7600 8Gb Power Color Fighter,PowerColor,588489.0,EN STOCK,-,-,https://www.mexx.com.ar/productos-rubro/placas-de-video/50971-placa-de-video-radeon-rx-7600-8gb-power-color-fighter.html,-,-,-,-,-,-,-,-,-,-,-
solo_mexx,placas_video,placas_video|ASROCK|RX|7600||8GB|PLACA|DE|RX|7600|8GB|CHALLENGER,-,-,-,-,-,-,-,-,41108,Placa De Video Radeon RX 7600 8Gb Challenger 8Gb Oc DDR6,Asrock,640999.0,EN STOCK,-,-,https://www.mexx.com.ar/productos-rubro/placas-de-video/48086-placa-de-video-radeon-rx-7600-8gb-challenger-8gb-oc-ddr6.html,-,-,-,-,-,-,-,-,-,-,-
solo_mexx,placas_video,placas_video|ASROCK|RX|9060|XT|8GB|PLACA|DE|RX|9060|XT|8GB,-,-,-,-,-,-,-,-,41119,Placa De Video Radeon RX 9060 XT 8Gb Asrock Challenger Oc,Asrock,650999.0,EN STOCK,-,-,https://www.mexx.com.ar/productos-rubro/placas-de-video/51300-placa-de-video-radeon-rx-9060-xt-8gb-asrock-challenger-oc.html,-,-,-,-,-,-,-,-,-,-,-
solo_mexx,placas_video,placas_video|ASROCK|RX|9060|XT|16GB|PLACA|DE|RX|9060|XT|16GB,-,-,-,-,-,-,-,-,41134,Placa De Video Radeon RX 9060 XT 16Gb Asrock Challenger Oc,Asrock,925939.0,EN STOCK,-,-,https://www.mexx.com.ar/productos-rubro/placas-de-video/50614-placa-de-video-radeon-rx-9060-xt-16gb-asrock-challenger-oc.html,-,-,-,-,-,-,-,-,-,-,-
solo_mexx,placas_video,placas_video|GIGABYTE|RX|9070||16GB|PLACA|DE|RX|9070|16GB|OC,-,-,-,-,-,-,-,-,41138,Placa De Video Radeon RX 9070 16Gb Gigabyte Gaming Oc,Gigabyte,1249999.0,EN STOCK,-,-,https://www.mexx.com.ar/productos-rubro/placas-de-video/49766-placa-de-video-radeon-rx-9070-16gb-gigabyte-gaming-oc.html,-,-,-,-,-,-,-,-,-,-,-
solo_mexx,placas_video,placas_video|ASROCK|RX|9070|XT|16GB|PLACA|DE|RX|9070|XT|16GB,-,-,-,-,-,-,-,-,41148,Placa De Video Radeon RX 9070 XT 16Gb Asrock Challenger,Asrock,1365999.0,EN STOCK,-,-,https://www.mexx.com.ar/productos-rubro/placas-de-video/50615-placa-de-video-radeon-rx-9070-xt-16gb-asrock-challenger.html,-,-,-,-,-,-,-,-,-,-,-
solo_mexx,placas_video,placas_video|ASROCK|PLACA|DE|ARC|A380|6GB|CHALLENGER,-,-,-,-,-,-,-,-,41153,Placa De Video Intel Arc A380 6Gb Asrock Challenger Itx Oc,Asrock,347689.0,EN STOCK,-,-,https://www.mexx.com.ar/productos-rubro/placas-de-video/51272-placa-de-video-intel-arc-a380-6gb-asrock-challenger-itx-oc.html,-,-,-,-,-,-,-,-,-,-,-
solo_mexx,placas_video,placas_video|ASROCK|PLACA|DE|ARC|B580|12GB|CHALLENGER,-,-,-,-,-,-,-,-,41155,Placa De Video Intel Arc B580 12Gb Asrock Challenger Oc,Asrock,702459.0,EN STOCK,-,-,https://www.mexx.com.ar/productos-rubro/placas-de-video/49862-placa-de-video-intel-arc-b580-12gb-asrock-challenger-oc.html,-,-,-,-,-,-,-,-,-,-,-
solo_compragamer,procesadores,procesadores|INTEL|PENTIUM||G4560,-,-,-,-,-,-,-,-,-,-,-,-,-,-,-,-,-,8451.0,Procesador Intel Pentium G4560 (Chipset H110/B150/B250/H170/Z170) LGA1151 KABY LAKE OEM,Intel,32050.0,True,-,-,https://compragamer.com/producto/Procesador_Intel_Pentium_G4560_Chipset_H110_B150_B250_H170_Z170_LGA1151_KABY_LAKE_OEM_8451?cate=48,-,-
solo_compragamer,procesadores,procesadores|AMD|RYZEN|3|3200G,-,-,-,-,-,-,-,-,-,-,-,-,-,-,-,-,-,8647.0,Procesador AMD Ryzen 3 3200G 4.0GHz Turbo + Radeon Vega 8 AM4 + Wraith Stealth Cooler,AMD,98170.0,True,-,-,https://compragamer.com/producto/Procesador_AMD_Ryzen_3_3200G_4_0GHz_Turbo_Radeon_Vega_8_AM4_Wraith_Stealth_Cooler_8647?cate=27,-,-
solo_compragamer,procesadores,procesadores|AMD|RYZEN|5|3400G,-,-,-,-,-,-,-,-,-,-,-,-,-,-,-,-,-,8648.0,Procesador AMD Ryzen 5 3400G 4.2GHz Turbo Radeon Vega 11 AM4 Wraith Spire Cooler,AMD,128080.0,True,-,-,https://compragamer.com/producto/Procesador_AMD_Ryzen_5_3400G_4_2GHz_Turbo_Radeon_Vega_11_AM4_Wraith_Spire_Cooler_8648?cate=27,-,-
solo_compragamer,procesadores,procesadores|INTEL|CELERON||G4900,-,-,-,-,-,-,-,-,-,-,-,-,-,-,-,-,-,12681.0,Procesador Intel Celeron G4900 3.10GHz Socket 1151 OEM Coffe Lake,Intel,50400.0,True,-,-,https://compragamer.com/producto/Procesador_Intel_Celeron_G4900_3_10GHz_Socket_1151_OEM_Coffe_Lake_12681?cate=48,-,-
solo_compragamer,procesadores,procesadores|INTEL|COREI|9|12900K,-,-,-,-,-,-,-,-,-,-,-,-,-,-,-,-,-,12736.0,Procesador Intel Core i9 12900K 5.2GHz Turbo Socket 1700 Alder Lake,Intel,670750.0,True,-,-,https://compragamer.com/producto/Procesador_Intel_Core_i9_12900K_5_2GHz_Turbo_Socket_1700_Alder_Lake_12736?cate=48,-,-
solo_compragamer,procesadores,procesadores|INTEL|COREI|7|12700K,-,-,-,-,-,-,-,-,-,-,-,-,-,-,-,-,-,12737.0,Procesador Intel Core i7 12700K 5.0GHz Turbo Socket 1700 Alder Lake,Intel,525450.0,True,-,-,https://compragamer.com/producto/Procesador_Intel_Core_i7_12700K_5_0GHz_Turbo_Socket_1700_Alder_Lake_12737?cate=48,-,-
solo_compragamer,procesadores,procesadores|INTEL|COREI|7|12700KF,-,-,-,-,-,-,-,-,-,-,-,-,-,-,-,-,-,12738.0,Procesador Intel Core i7 12700KF 5.0GHz Turbo Socket 1700 Alder Lake,Intel,448000.0,True,-,-,https://compragamer.com/producto/Procesador_Intel_Core_i7_12700KF_5_0GHz_Turbo_Socket_1700_Alder_Lake_12738?cate=48,-,-
solo_compragamer,procesadores,procesadores|INTEL|COREI|5|12400,-,-,-,-,-,-,-,-,-,-,-,-,-,-,-,-,-,12797.0,Procesador Intel Core i5 12400 4.4GHz Turbo Socket 1700 Alder Lake,Intel,306400.0,True,-,-,https://compragamer.com/producto/Procesador_Intel_Core_i5_12400_4_4GHz_Turbo_Socket_1700_Alder_Lake_12797?cate=48,-,-
solo_compragamer,procesadores,procesadores|INTEL|COREI|5|12400F,-,-,-,-,-,-,-,-,-,-,-,-,-,-,-,-,-,12798.0,Procesador Intel Core i5 12400F 4.4GHz Turbo Socket 1700 Alder Lake,Intel,240800.0,True,-,-,https://compragamer.com/producto/Procesador_Intel_Core_i5_12400F_4_4GHz_Turbo_Socket_1700_Alder_Lake_12798?cate=48,-,-
solo_compragamer,procesadores,procesadores|INTEL|COREI|9|12900KF,-,-,-,-,-,-,-,-,-,-,-,-,-,-,-,-,-,12884.0,Procesador Intel Core i9 12900KF 5.2GHz Turbo Socket 1700 Alder Lake,Intel,624000.0,True,-,-,https://compragamer.com/producto/Procesador_Intel_Core_i9_12900KF_5_2GHz_Turbo_Socket_1700_Alder_Lake_12884?cate=48,-,-
solo_compragamer,procesadores,procesadores|INTEL|COREI|7|12700,-,-,-,-,-,-,-,-,-,-,-,-,-,-,-,-,-,13281.0,Procesador Intel Core i7 12700 4.9GHz Turbo Socket 1700 Alder Lake,Intel,505100.0,True,-,-,https://compragamer.com/producto/Procesador_Intel_Core_i7_12700_4_9GHz_Turbo_Socket_1700_Alder_Lake_13281?cate=48,-,-
solo_compragamer,procesadores,procesadores|INTEL|COREI|3|12100F,-,-,-,-,-,-,-,-,-,-,-,-,-,-,-,-,-,13369.0,Procesador Intel Core i3 12100F 4.3GHz Turbo Socket 1700 Alder Lake,Intel,162500.0,True,-,-,https://compragamer.com/producto/Procesador_Intel_Core_i3_12100F_4_3GHz_Turbo_Socket_1700_Alder_Lake_13369?cate=48,-,-
solo_compragamer,procesadores,procesadores|AMD|RYZEN|3|4100,-,-,-,-,-,-,-,-,-,-,-,-,-,-,-,-,-,13661.0,Procesador AMD Ryzen 3 4100 + Wraith Stealth Cooler AM4,AMD,94700.0,True,-,-,https://compragamer.com/producto/Procesador_AMD_Ryzen_3_4100_Wraith_Stealth_Cooler_AM4_13661?cate=27,-,-
solo_compragamer,procesadores,procesadores|AMD|RYZEN|9|7900X,-,-,-,-,-,-,-,-,-,-,-,-,-,-,-,-,-,14084.0,Procesador AMD Ryzen 9 7900X 5.6GHz Turbo AM5 - No incluye Cooler - C/Video,AMD,624280.0,True,-,-,https://compragamer.com/producto/Procesador_AMD_Ryzen_9_7900X_5_6GHz_Turbo_AM5_No_incluye_Cooler_C_Video_14084?cate=27,-,-
solo_compragamer,procesadores,procesadores|INTEL|PENTIUM||G5400,-,-,-,-,-,-,-,-,-,-,-,-,-,-,-,-,-,14131.0,Procesador Intel Pentium Gold G5400 3.7GHz Socket 1151 OEM Sin Cooler Coffe Lake,Intel,56750.0,True,-,-,https://compragamer.com/producto/Procesador_Intel_Pentium_Gold_G5400_3_7GHz_Socket_1151_OEM_Sin_Cooler_Coffe_Lake_14131?cate=48,-,-
solo_compragamer,procesadores,procesadores|INTEL|COREI|9|12900F,-,-,-,-,-,-,-,-,-,-,-,-,-,-,-,-,-,14152.0,Procesador Intel Core i9 12900F 5.1GHz Turbo Socket 1700 Alder Lake,Intel,629700.0,True,-,-,https://compragamer.com/producto/Procesador_Intel_Core_i9_12900F_5_1GHz_Turbo_Socket_1700_Alder_Lake_14152?cate=48,-,-
solo_compragamer,procesadores,procesadores|INTEL|COREI|9|12900,-,-,-,-,-,-,-,-,-,-,-,-,-,-,-,-,-,14153.0,Procesador Intel Core i9 12900 5.1GHz Turbo Socket 1700 Alder Lake,Intel,692000.0,True,-,-,https://compragamer.com/producto/Procesador_Intel_Core_i9_12900_5_1GHz_Turbo_Socket_1700_Alder_Lake_14153?cate=48,-,-
solo_compragamer,procesadores,procesadores|INTEL|COREI|7|14700KF,-,-,-,-,-,-,-,-,-,-,-,-,-,-,-,-,-,15234.0,Procesador Intel Core i7 14700KF 5.6GHz Turbo Socket 1700 Raptor Lake,Intel,612000.0,True,-,-,https://compragamer.com/producto/Procesador_Intel_Core_i7_14700KF_5_6GHz_Turbo_Socket_1700_Raptor_Lake_15234?cate=48,-,-
solo_compragamer,procesadores,procesadores|INTEL|COREI|7|14700K,-,-,-,-,-,-,-,-,-,-,-,-,-,-,-,-,-,15235.0,Procesador Intel Core i7 14700K 5.6GHz Turbo Socket 1700 Raptor Lake,Intel,664200.0,True,-,-,https://compragamer.com/producto/Procesador_Intel_Core_i7_14700K_5_6GHz_Turbo_Socket_1700_Raptor_Lake_15235?cate=48,-,-
solo_compragamer,procesadores,procesadores|INTEL|COREI|7|14700F,-,-,-,-,-,-,-,-,-,-,-,-,-,-,-,-,-,15236.0,Procesador Intel Core i7 14700F 5.4GHz Turbo Socket 1700 Raptor Lake,Intel,558950.0,True,-,-,https://compragamer.com/producto/Procesador_Intel_Core_i7_14700F_5_4GHz_Turbo_Socket_1700_Raptor_Lake_15236?cate=48,-,-
solo_compragamer,procesadores,procesadores|INTEL|COREI|9|14900K,-,-,-,-,-,-,-,-,-,-,-,-,-,-,-,-,-,15237.0,Procesador Intel Core i9 14900K 6.0GHz Turbo Socket 1700 Raptor Lake,Intel,861650.0,True,-,-,https://compragamer.com/producto/Procesador_Intel_Core_i9_14900K_6_0GHz_Turbo_Socket_1700_Raptor_Lake_15237?cate=48,-,-
solo_compragamer,procesadores,procesadores|INTEL|COREI|9|14900KF,-,-,-,-,-,-,-,-,-,-,-,-,-,-,-,-,-,15238.0,Procesador Intel Core i9 14900KF 6.0GHz Turbo Socket 1700 Raptor Lake,Intel,814500.0,True,-,-,https://compragamer.com/producto/Procesador_Intel_Core_i9_14900KF_6_0GHz_Turbo_Socket_1700_Raptor_Lake_15238?cate=48,-,-
solo_compragamer,procesadores,procesadores|INTEL|COREI|3|14100F,-,-,-,-,-,-,-,-,-,-,-,-,-,-,-,-,-,15240.0,Procesador Intel Core i3 14100F 4.7GHz Turbo Socket 1700 Raptor Lake,Intel,164900.0,True,-,-,https://compragamer.com/producto/Procesador_Intel_Core_i3_14100F_4_7GHz_Turbo_Socket_1700_Raptor_Lake_15240?cate=48,-,-
solo_compragamer,procesadores,procesadores|INTEL|COREI|5|14400F,-,-,-,-,-,-,-,-,-,-,-,-,-,-,-,-,-,15241.0,Procesador Intel Core i5 14400F 4.7GHz Turbo Socket 1700 Raptor Lake,Intel,314900.0,True,-,-,https://compragamer.com/producto/Procesador_Intel_Core_i5_14400F_4_7GHz_Turbo_Socket_1700_Raptor_Lake_15241?cate=48,-,-
solo_compragamer,procesadores,procesadores|INTEL|COREI|5|14600K,-,-,-,-,-,-,-,-,-,-,-,-,-,-,-,-,-,15251.0,Procesador Intel Core i5 14600K 5.3GHz Turbo Socket 1700 Raptor Lake,Intel,438200.0,True,-,-,https://compragamer.com/producto/Procesador_Intel_Core_i5_14600K_5_3GHz_Turbo_Socket_1700_Raptor_Lake_15251?cate=48,-,-
solo_compragamer,procesadores,procesadores|INTEL|COREI|5|14600KF,-,-,-,-,-,-,-,-,-,-,-,-,-,-,-,-,-,15252.0,Procesador Intel Core i5 14600KF 5.3GHz Turbo Socket 1700 Raptor Lake,Intel,416750.0,True,-,-,https://compragamer.com/producto/Procesador_Intel_Core_i5_14600KF_5_3GHz_Turbo_Socket_1700_Raptor_Lake_15252?cate=48,-,-
solo_compragamer,procesadores,procesadores|INTEL|COREI|9|14900,-,-,-,-,-,-,-,-,-,-,-,-,-,-,-,-,-,16116.0,Procesador Intel Core i9 14900 5.8GHz Turbo Socket 1700 Raptor Lake,Intel,1008600.0,True,-,-,https://compragamer.com/producto/Procesador_Intel_Core_i9_14900_5_8GHz_Turbo_Socket_1700_Raptor_Lake_16116?cate=48,-,-
solo_compragamer,procesadores,procesadores|INTEL|COREI|9|14900KS,-,-,-,-,-,-,-,-,-,-,-,-,-,-,-,-,-,16258.0,Procesador Intel Core i9 14900KS 6.2GHz Turbo Socket 1700 Raptor Lake,Intel,1271750.0,True,-,-,https://compragamer.com/producto/Procesador_Intel_Core_i9_14900KS_6_2GHz_Turbo_Socket_1700_Raptor_Lake_16258?cate=48,-,-
solo_compragamer,procesadores,procesadores|AMD|RYZEN|3|5300G,-,-,-,-,-,-,-,-,-,-,-,-,-,-,-,-,-,16343.0,Procesador AMD Ryzen 3 5300G 4.2GHz Turbo AM4 + Wraith Stealth Cooler,AMD,155000.0,True,-,-,https://compragamer.com/producto/Procesador_AMD_Ryzen_3_5300G_4_2GHz_Turbo_AM4_Wraith_Stealth_Cooler_16343?cate=27,-,-
solo_compragamer,procesadores,procesadores|INTEL|COREULTRA|7|265KF,-,-,-,-,-,-,-,-,-,-,-,-,-,-,-,-,-,16835.0,Procesador Intel Core Ultra 7 265KF 5.5Ghz Turbo Socket 1851 Arrow Lake,Intel,523620.0,True,-,-,https://compragamer.com/producto/Procesador_Intel_Core_Ultra_7_265KF_5_5Ghz_Turbo_Socket_1851_Arrow_Lake_16835?cate=48,-,-
solo_compragamer,procesadores,procesadores|INTEL|COREULTRA|7|265K,-,-,-,-,-,-,-,-,-,-,-,-,-,-,-,-,-,16836.0,Procesador Intel Core Ultra 7 265K 5.5Ghz Turbo Socket 1851 Arrow Lake,Intel,592030.0,True,-,-,https://compragamer.com/producto/Procesador_Intel_Core_Ultra_7_265K_5_5Ghz_Turbo_Socket_1851_Arrow_Lake_16836?cate=48,-,-
solo_compragamer,procesadores,procesadores|INTEL|COREULTRA|5|245KF,-,-,-,-,-,-,-,-,-,-,-,-,-,-,-,-,-,16837.0,Procesador Intel Core Ultra 5 245KF 5.2Ghz Turbo Socket 1851 Arrow Lake,Intel,345840.0,True,-,-,https://compragamer.com/producto/Procesador_Intel_Core_Ultra_5_245KF_5_2Ghz_Turbo_Socket_1851_Arrow_Lake_16837?cate=48,-,-
solo_compragamer,procesadores,procesadores|INTEL|COREULTRA|9|285,-,-,-,-,-,-,-,-,-,-,-,-,-,-,-,-,-,17132.0,Procesador Intel Core Ultra 9 285 5.6Ghz Turbo Socket 1851 Arrow Lake,Intel,1013200.0,True,-,-,https://compragamer.com/producto/Procesador_Intel_Core_Ultra_9_285_5_6Ghz_Turbo_Socket_1851_Arrow_Lake_17132?cate=48,-,-
solo_compragamer,procesadores,procesadores|AMD|RYZEN|5|5500X3D,-,-,-,-,-,-,-,-,-,-,-,-,-,-,-,-,-,18268.0,Procesador AMD Ryzen 5 5500X3D 4.0GHz Turbo AM4 - No Incluye Cooler,AMD,341660.0,True,-,-,https://compragamer.com/producto/Procesador_AMD_Ryzen_5_5500X3D_4_0GHz_Turbo_AM4_No_Incluye_Cooler_18268?cate=27,-,-
solo_compragamer,procesadores,procesadores|AMD|RYZEN|3|4100,-,-,-,-,-,-,-,-,-,-,-,-,-,-,-,-,-,18761.0,Procesador AMD Ryzen 3 4100 Sin cooler OEM AM4 - OUTLET,AMD,70650.0,True,-,-,https://compragamer.com/producto/Procesador_AMD_Ryzen_3_4100_Sin_cooler_OEM_AM4_OUTLET_18761?cate=27,-,-
solo_compragamer,procesadores,procesadores|AMD|RYZEN|5|7500F,-,-,-,-,-,-,-,-,-,-,-,-,-,-,-,-,-,18942.0,Procesador AMD Ryzen 5 7500F 5.0GHz Turbo AM5 OEM - Incluye Cooler Wraith Stealth,AMD,267700.0,True,-,-,https://compragamer.com/producto/Procesador_AMD_Ryzen_5_7500F_5_0GHz_Turbo_AM5_OEM_Incluye_Cooler_Wraith_Stealth_18942?cate=27,-,-
solo_compragamer,procesadores,procesadores|INTEL|PENTIUM||G4560,-,-,-,-,-,-,-,-,-,-,-,-,-,-,-,-,-,19631.0,Procesador Intel Pentium G4560 (Chipset H110/B150/B250/H170/Z170) LGA1151 KABY LAKE OEM   BULK - OUTLET,Intel,28900.0,True,-,-,https://compragamer.com/producto/Procesador_Intel_Pentium_G4560_Chipset_H110_B150_B250_H170_Z170_LGA1151_KABY_LAKE_OEM_BULK_OUTLET_19631?cate=48,-,-
solo_compragamer,procesadores,procesadores|AMD|RYZEN|3|4100,-,-,-,-,-,-,-,-,-,-,-,-,-,-,-,-,-,19632.0,Procesador AMD Ryzen 3 4100 Sin cooler OEM  BULK - OUTLET,AMD,72150.0,True,-,-,https://compragamer.com/producto/Procesador_AMD_Ryzen_3_4100_Sin_cooler_OEM_BULK_OUTLET_19632?cate=27,-,-
solo_compragamer,procesadores,procesadores|INTEL|COREI|5|14400F,-,-,-,-,-,-,-,-,-,-,-,-,-,-,-,-,-,20110.0,Procesador Intel Core i5 14400F 4.7GHz Turbo Socket 1700 Raptor Lake Tray -No Incluye Cooler,Intel,306900.0,True,-,-,https://compragamer.com/producto/Procesador_Intel_Core_i5_14400F_4_7GHz_Turbo_Socket_1700_Raptor_Lake_Tray_No_Incluye_Cooler_20110?cate=48,-,-
solo_compragamer,procesadores,procesadores|INTEL|COREULTRA|5|250KF,-,-,-,-,-,-,-,-,-,-,-,-,-,-,-,-,-,20125.0,Procesador Intel Core Ultra 5 250KF 5.6GHz Turbo Socket 1851 Arrow Lake,Intel,355900.0,True,-,-,https://compragamer.com/producto/Procesador_Intel_Core_Ultra_5_250KF_5_6GHz_Turbo_Socket_1851_Arrow_Lake_20125?cate=48,-,-
solo_compragamer,procesadores,procesadores|INTEL|COREULTRA|5|250K,-,-,-,-,-,-,-,-,-,-,-,-,-,-,-,-,-,20126.0,Procesador Intel Core Ultra 5 250K 5.6GHz Turbo Socket 1851 Arrow Lake,Intel,384900.0,True,-,-,https://compragamer.com/producto/Procesador_Intel_Core_Ultra_5_250K_5_6GHz_Turbo_Socket_1851_Arrow_Lake_20126?cate=48,-,-
solo_distribuidor,procesadores,procesadores|AMD|RYZEN|5|4500,PROCESADORES,118357,100-100000644BOX,PROCESADOR AMD (AM4) RYZEN 5 4500 65W,AMD                                               ,118796.01,10.0,-,-,-,-,-,-,-,-,-,-,-,-,-,-,-,-,-,-,-,-
solo_distribuidor,procesadores,procesadores|INTEL|COREI|3|13100F,PROCESADORES,118420,BX8071513100F,PROCESADOR INTEL (LGA1700) CORE I3 13100F,INTEL                                             ,151921.08,10.0,-,-,-,-,-,-,-,-,-,-,-,-,-,-,-,-,-,-,-,-
solo_distribuidor,procesadores,procesadores|INTEL|PENTIUM||G7400,PROCESADORES,116718,BX80715G7400,PROCESADOR INTEL (LGA1700) PENTIUM GOLD G7400,INTEL                                             ,161197.51,5.0,-,-,-,-,-,-,-,-,-,-,-,-,-,-,-,-,-,-,-,-
solo_distribuidor,procesadores,,PROCESADORES,100346,BX80662G4400,PROCESADOR INTEL (1151) PENTIUM DUAL CORE G4400 (SIN COOLER),INTEL                                             ,145829.3,10.0,-,-,-,-,-,-,-,-,-,-,-,-,-,-,-,-,-,-,-,-
solo_distribuidor,procesadores,procesadores|INTEL|COREULTRA|5|235,PROCESADORES,121277,BX80768235,PROCESADOR INTEL (LGA1851) CORE ULTRA 5 235 3.4G 24MB,INTEL                                             ,424219.09,5.0,-,-,-,-,-,-,-,-,-,-,-,-,-,-,-,-,-,-,-,-
solo_distribuidor,procesadores,procesadores|INTEL|COREULTRA|7|270K,PROCESADORES,122759,BX80768270K,PROCESADOR INTEL (LGA1851) CORE ULTRA 7 270K,INTEL                                             ,554540.1,9.0,-,-,-,-,-,-,-,-,-,-,-,-,-,-,-,-,-,-,-,-
solo_mexx,procesadores,procesadores|AMD|RYZEN|9|7900X,-,-,-,-,-,-,-,-,24405,Procesador Amd Ryzen 9 7900X 5.6 Ghz - AM5 Sin Cooler,Amd,610549.0,EN STOCK,-,-,https://www.mexx.com.ar/productos-rubro/procesadores/44155-procesador-amd-ryzen-9-7900x-5.6-ghz-am5-sin-cooler.html,-,-,-,-,-,-,-,-,-,-,-
solo_mexx,procesadores,procesadores|INTEL|COREI|3|14100F,-,-,-,-,-,-,-,-,24749,Procesador Intel Core i3 14100F 4.7 Ghz Raptor Lake 1700 Sin Gpu,Intel,190999.0,EN STOCK,-,-,https://www.mexx.com.ar/productos-rubro/procesadores/50448-procesador-intel-core-i3-14100f-4.7-ghz-raptor-lake-1700-sin-gpu.html,-,-,-,-,-,-,-,-,-,-,-
solo_mexx,procesadores,procesadores|INTEL|COREI|3|10100F,-,-,-,-,-,-,-,-,24751,Procesador Intel Core i3 10100F 3.6 Ghz Comet Lake 1200 Sin Gpu,Intel,104679.0,EN STOCK,-,-,https://www.mexx.com.ar/productos-rubro/procesadores/39007-procesador-intel-core-i3-10100f-3.6-ghz-comet-lake-1200-sin-gpu.html,-,-,-,-,-,-,-,-,-,-,-
solo_mexx,procesadores,procesadores|INTEL|COREI|3|12100F,-,-,-,-,-,-,-,-,24753,Procesador Intel Core i3 12100F 4.3 Ghz Alder Lake 1700 Sin Gpu,Intel,134999.0,EN STOCK,-,-,https://www.mexx.com.ar/productos-rubro/procesadores/41939-procesador-intel-core-i3-12100f-4.3-ghz-alder-lake-1700-sin-gpu.html,-,-,-,-,-,-,-,-,-,-,-
solo_mexx,procesadores,procesadores|INTEL|COREI|5|12400F,-,-,-,-,-,-,-,-,25172,Procesador Intel Core i5 12400F 4.4 Ghz Alder Lake 1700 Sin Gpu,Intel,290999.0,EN STOCK,-,-,https://www.mexx.com.ar/productos-rubro/procesadores/41761-procesador-intel-core-i5-12400f-4.4-ghz-alder-lake-1700-sin-gpu.html,-,-,-,-,-,-,-,-,-,-,-
solo_mexx,procesadores,procesadores|INTEL|COREI|5|12600KF,-,-,-,-,-,-,-,-,25216,Procesador Intel Core i5 12600KF 4.9 Ghz Alder Lake 1700 Sin Cooler Sin Gpu,Intel,335999.0,EN STOCK,-,-,https://www.mexx.com.ar/productos-rubro/procesadores/51219-procesador-intel-core-i5-12600kf-4.9-ghz-alder-lake-1700-sin-cooler-sin-gpu.html,-,-,-,-,-,-,-,-,-,-,-
solo_mexx,procesadores,procesadores|INTEL|COREI|7|12700F,-,-,-,-,-,-,-,-,25422,Procesador Intel Core i7 12700F 4.9 Ghz Alder Lake 1700 Sin Gpu,Intel,485999.0,EN STOCK,-,-,https://www.mexx.com.ar/productos-rubro/procesadores/41940-procesador-intel-core-i7-12700f-4.9-ghz-alder-lake-1700-sin-gpu.html,-,-,-,-,-,-,-,-,-,-,-
solo_mexx,procesadores,procesadores|INTEL|COREI|7|12700,-,-,-,-,-,-,-,-,25423,Procesador Intel Core i7 12700 4.4 Ghz Alder Lake 1700,Intel,579619.0,EN STOCK,-,-,https://www.mexx.com.ar/productos-rubro/procesadores/42231-procesador-intel-core-i7-12700-4.4-ghz-alder-lake-1700.html,-,-,-,-,-,-,-,-,-,-,-
solo_mexx,procesadores,procesadores|INTEL|COREI|7|14700F,-,-,-,-,-,-,-,-,25427,Procesador Intel Core i7 14700F 5.4 Ghz Raptor Lake 1700 Sin Gpu,Intel,605999.0,EN STOCK,-,-,https://www.mexx.com.ar/productos-rubro/procesadores/49340-procesador-intel-core-i7-14700f-5.4-ghz-raptor-lake-1700-sin-gpu.html,-,-,-,-,-,-,-,-,-,-,-
solo_mexx,procesadores,procesadores|INTEL|COREI|7|14700K,-,-,-,-,-,-,-,-,25429,Procesador Intel Core i7 14700K 5.6 Ghz Raptor Lake 1700 Sin Cooler,Intel,722759.0,EN STOCK,-,-,https://www.mexx.com.ar/productos-rubro/procesadores/47087-procesador-intel-core-i7-14700k-5.6-ghz-raptor-lake-1700-sin-cooler.html,-,-,-,-,-,-,-,-,-,-,-
solo_mexx,procesadores,procesadores|INTEL|COREI|7|14700KF,-,-,-,-,-,-,-,-,25430,Procesador Intel Core i7 14700KF 5.6 Ghz Raptor Lake 1700 Sin Cooler SinGpu,Intel,625999.0,EN STOCK,-,-,https://www.mexx.com.ar/productos-rubro/procesadores/47088-procesador-intel-core-i7-14700kf-5.6-ghz-raptor-lake-1700-sin-cooler-singpu.html,-,-,-,-,-,-,-,-,-,-,-
solo_mexx,procesadores,procesadores|INTEL|COREI|9|12900,-,-,-,-,-,-,-,-,25633,Procesador Intel Core i9 12900 5.1 Ghz Alder Lake 1700,Intel,660999.0,EN STOCK,-,-,https://www.mexx.com.ar/productos-rubro/procesadores/42657-procesador-intel-core-i9-12900-5.1-ghz-alder-lake-1700.html,-,-,-,-,-,-,-,-,-,-,-
solo_mexx,procesadores,procesadores|INTEL|COREI|9|12900K,-,-,-,-,-,-,-,-,25634,Procesador Intel Core i9 12900K 5.2 Ghz Alder Lake 1700 Sin Cooler,Intel,680999.0,EN STOCK,-,-,https://www.mexx.com.ar/productos-rubro/procesadores/41360-procesador-intel-core-i9-12900k-5.2-ghz-alder-lake-1700-sin-cooler.html,-,-,-,-,-,-,-,-,-,-,-
solo_mexx,procesadores,procesadores|INTEL|COREI|9|14900,-,-,-,-,-,-,-,-,25642,Procesador Intel Core i9 14900 5.8 Ghz Raptor Lake 1700,Intel,1080999.0,EN STOCK,-,-,https://www.mexx.com.ar/productos-rubro/procesadores/47081-procesador-intel-core-i9-14900-5.8-ghz-raptor-lake-1700.html,-,-,-,-,-,-,-,-,-,-,-
solo_mexx,procesadores,procesadores|INTEL|COREI|9|14900K,-,-,-,-,-,-,-,-,25643,Procesador Intel Core i9 14900K 6.0 Ghz Raptor Lake 1700 Sin Cooler,Intel,890999.0,EN STOCK,-,-,https://www.mexx.com.ar/productos-rubro/procesadores/47082-procesador-intel-core-i9-14900k-6.0-ghz-raptor-lake-1700-sin-cooler.html,-,-,-,-,-,-,-,-,-,-,-
solo_mexx,procesadores,procesadores|INTEL|COREULTRA|5|245KF,-,-,-,-,-,-,-,-,25653,Procesador Intel Core Ultra 5 245KF 5.2 Ghz,Intel,405999.0,EN STOCK,-,-,https://www.mexx.com.ar/productos-rubro/procesadores/49141-procesador-intel-core-ultra-5-245kf-5.2-ghz.html,-,-,-,-,-,-,-,-,-,-,-
solo_mexx,procesadores,procesadores|INTEL|COREULTRA|7|265F,-,-,-,-,-,-,-,-,25657,Procesador Intel Core Ultra 7 265F 5.3 Ghz,Intel,580999.0,EN STOCK,-,-,https://www.mexx.com.ar/productos-rubro/procesadores/49143-procesador-intel-core-ultra-7-265f-5.3-ghz.html,-,-,-,-,-,-,-,-,-,-,-
solo_mexx,procesadores,procesadores|INTEL|COREULTRA|7|265KF,-,-,-,-,-,-,-,-,25659,Procesador Intel Core Ultra 7 265KF 5.5 Ghz,Intel,535999.0,EN STOCK,-,-,https://www.mexx.com.ar/productos-rubro/procesadores/49145-procesador-intel-core-ultra-7-265kf-5.5-ghz.html,-,-,-,-,-,-,-,-,-,-,-
solo_mexx,procesadores,procesadores|INTEL|COREULTRA|9|285,-,-,-,-,-,-,-,-,25665,Procesador Intel Core Ultra 9 285 5.6 Ghz,Intel,1005999.0,EN STOCK,-,-,https://www.mexx.com.ar/productos-rubro/procesadores/49146-procesador-intel-core-ultra-9-285-5.6-ghz.html,-,-,-,-,-,-,-,-,-,-,-
solo_compragamer,refrigeracion,refrigeracion|IDCOOLING|120MM|ID|COOLING|120MM|TF|12025,-,-,-,-,-,-,-,-,-,-,-,-,-,-,-,-,-,15583.0,Cooler Fan ID-Cooling 120mm TF-12025-PRO Black,ID-Cooling,10700.0,True,-,-,https://compragamer.com/producto/Cooler_Fan_ID_Cooling_120mm_TF_12025_PRO_Black_15583?cate=35,-,-
solo_compragamer,refrigeracion,refrigeracion|DEEPCOOL|120MM|FL12|120MM,-,-,-,-,-,-,-,-,-,-,-,-,-,-,-,-,-,17755.0,Cooler Fan DeepCool FL12 White 120mm ARGB,Deepcool,36350.0,True,-,-,https://compragamer.com/producto/Cooler_Fan_DeepCool_FL12_White_120mm_ARGB_17755?cate=35,-,-
solo_compragamer,refrigeracion,refrigeracion|DEEPCOOL|120MM|FL12R|120MM,-,-,-,-,-,-,-,-,-,-,-,-,-,-,-,-,-,17759.0,Cooler Fan DeepCool FL12R White 120mm ARGB,Deepcool,44050.0,True,-,-,https://compragamer.com/producto/Cooler_Fan_DeepCool_FL12R_White_120mm_ARGB_17759?cate=35,-,-
solo_compragamer,refrigeracion,refrigeracion|DEEPCOOL|120MM|RF120|FS|120MM|FIXED,-,-,-,-,-,-,-,-,-,-,-,-,-,-,-,-,-,17762.0,Cooler Fan DeepCool RF120 FS 120mm Fixed RGB Black,Deepcool,8050.0,True,-,-,https://compragamer.com/producto/Cooler_Fan_DeepCool_RF120_FS_120mm_Fixed_RGB_Black_17762?cate=35,-,-
solo_compragamer,refrigeracion,refrigeracion|DEEPCOOL|120MM|RF120|FS|120MM|FIXED|X3,-,-,-,-,-,-,-,-,-,-,-,-,-,-,-,-,-,17763.0,Cooler Fan DeepCool RF120 FS 120mm Fixed RGB KIT x3,Deepcool,25600.0,True,-,-,https://compragamer.com/producto/Cooler_Fan_DeepCool_RF120_FS_120mm_Fixed_RGB_KIT_x3_17763?cate=35,-,-
solo_compragamer,refrigeracion,refrigeracion|XYZ|120MM|VORTEX|120MM|REVERSED|AIRFLOW|X3,-,-,-,-,-,-,-,-,-,-,-,-,-,-,-,-,-,18077.0,Cooler FAN XYZ VORTEX PRO 120mm White Reversed Airflow ARGB KIT X3,XYZ,100000.0,True,-,-,https://compragamer.com/producto/Cooler_FAN_XYZ_VORTEX_PRO_120mm_White_Reversed_Airflow_ARGB_KIT_X3_18077?cate=35,-,-
solo_compragamer,refrigeracion,refrigeracion|IDCOOLING||ID|COOLING|AF|127,-,-,-,-,-,-,-,-,-,-,-,-,-,-,-,-,-,19093.0,Cooler Fan ID-Cooling AF-127-ARGB-W,ID-Cooling,23950.0,True,-,-,https://compragamer.com/producto/Cooler_Fan_ID_Cooling_AF_127_ARGB_W_19093?cate=35,-,-
solo_compragamer,refrigeracion,refrigeracion|IDCOOLING||ID|COOLING|AF|127,-,-,-,-,-,-,-,-,-,-,-,-,-,-,-,-,-,19094.0,Cooler Fan ID-Cooling AF-127-ARGB-K Black,ID-Cooling,23900.0,True,-,-,https://compragamer.com/producto/Cooler_Fan_ID_Cooling_AF_127_ARGB_K_Black_19094?cate=35,-,-
solo_compragamer,refrigeracion,refrigeracion|IDCOOLING||ID|COOLING|TF|12025,-,-,-,-,-,-,-,-,-,-,-,-,-,-,-,-,-,19095.0,Cooler Fan ID-Cooling TF-12025-PRO ARGB,ID-Cooling,15550.0,True,-,-,https://compragamer.com/producto/Cooler_Fan_ID_Cooling_TF_12025_PRO_ARGB_19095?cate=35,-,-
solo_compragamer,refrigeracion,refrigeracion|IDCOOLING||ID|COOLING|TF|12025,-,-,-,-,-,-,-,-,-,-,-,-,-,-,-,-,-,19096.0,Cooler Fan ID-Cooling TF-12025-PRO ARGB WHITE,ID-Cooling,16800.0,True,-,-,https://compragamer.com/producto/Cooler_Fan_ID_Cooling_TF_12025_PRO_ARGB_WHITE_19096?cate=35,-,-
solo_compragamer,refrigeracion,refrigeracion|IDCOOLING||ID|COOLING|TF|12025,-,-,-,-,-,-,-,-,-,-,-,-,-,-,-,-,-,19097.0,Cooler Fan ID-Cooling TF-12025-PRO WHITE,ID-Cooling,10700.0,True,-,-,https://compragamer.com/producto/Cooler_Fan_ID_Cooling_TF_12025_PRO_WHITE_19097?cate=35,-,-
solo_compragamer,refrigeracion,refrigeracion|IDCOOLING||ID|COOLING|XF|120,-,-,-,-,-,-,-,-,-,-,-,-,-,-,-,-,-,19098.0,Cooler Fan ID-Cooling XF-120-ARGB-K,ID-Cooling,12000.0,True,-,-,https://compragamer.com/producto/Cooler_Fan_ID_Cooling_XF_120_ARGB_K_19098?cate=35,-,-
solo_compragamer,refrigeracion,refrigeracion|IDCOOLING||ID|COOLING|XF|120,-,-,-,-,-,-,-,-,-,-,-,-,-,-,-,-,-,19099.0,Cooler Fan ID-Cooling XF-120-ARGB-W White,ID-Cooling,12100.0,True,-,-,https://compragamer.com/producto/Cooler_Fan_ID_Cooling_XF_120_ARGB_W_White_19099?cate=35,-,-
solo_compragamer,refrigeracion,refrigeracion|IDCOOLING||ID|COOLING|FL|12025,-,-,-,-,-,-,-,-,-,-,-,-,-,-,-,-,-,19101.0,Cooler Fan ID-Cooling FL-12025 White,ID-Cooling,6850.0,True,-,-,https://compragamer.com/producto/Cooler_Fan_ID_Cooling_FL_12025_White_19101?cate=35,-,-
solo_distribuidor,refrigeracion,refrigeracion|TRUST||BASE|AURA|STAND|NOTEBOOK|GXT1126,COOLERS,117007,24192,BASE COOLER TRUST AURA STAND NOTEBOOK GXT1126,TRUST,46762.69,10.0,-,-,-,-,-,-,-,-,-,-,-,-,-,-,-,-,-,-,-,-
solo_distribuidor,refrigeracion,refrigeracion|TRUST||BASE|YOZU|STAND|NOTEBOOK|GXT278,COOLERS,117006,20817,BASE COOLER TRUST YOZU STAND NOTEBOOK GXT278,TRUST,40968.18,10.0,-,-,-,-,-,-,-,-,-,-,-,-,-,-,-,-,-,-,-,-
solo_distribuidor,refrigeracion,refrigeracion|ASUS||WATER|PRIME|LC|360,COOLERS,120181,PRIME LC 360 ARGB,WATER COOLER ASUS PRIME LC 360 ARGB,ASUS,140698.41,1.0,-,-,-,-,-,-,-,-,-,-,-,-,-,-,-,-,-,-,-,-
solo_distribuidor,refrigeracion,refrigeracion|THERMALTAKE||WATER|TH240|V2|ULTRA|EX|SYNC,COOLERS,121261,CL-W414-PL12SW-A,WATER COOLER THERMALTAKE TH240 V2 ULTRA EX ARGB SYNC WATER  BLACK,THERMALTAKE,252350.66,10.0,-,-,-,-,-,-,-,-,-,-,-,-,-,-,-,-,-,-,-,-
solo_distribuidor,refrigeracion,refrigeracion|THERMALTAKE||WATER|TH240|V2|ULTRA|EX|SYNC,COOLERS,121263,CL-W425-PL12SW-A,WATER COOLER THERMALTAKE TH240 V2 ULTRA EX ARGB SYNC WATER BLOCK SNOW EDITION,THERMALTAKE,252350.66,10.0,-,-,-,-,-,-,-,-,-,-,-,-,-,-,-,-,-,-,-,-
solo_distribuidor,refrigeracion,refrigeracion|THERMALTAKE||GABINETE|CT120|EX|SYNC,COOLERS,121255,CL-F190-PL12SW-A,GABINETE COOLER THERMALTAKE CT120 EX ARGB SYNC WHITE,THERMALTAKE,96690.28,8.0,-,-,-,-,-,-,-,-,-,-,-,-,-,-,-,-,-,-,-,-
solo_distribuidor,refrigeracion,refrigeracion|THERMALTAKE||CT140|EX|SYNC,COOLERS,121256,CL-F191-PL14SW-A,COOLER THERMALTAKE CT140 EX ARGB SYNC WHITE,THERMALTAKE,101229.34,1.0,-,-,-,-,-,-,-,-,-,-,-,-,-,-,-,-,-,-,-,-
solo_distribuidor,refrigeracion,refrigeracion|RAIDMAX||WATER|INFINITA|LS360,COOLERS,120153,LS360WT ARGB,WATER COOLER CPU RAIDMAX INFINITA LS360 ARGB WHITE,RAIDMAX,112208.09,10.0,-,-,-,-,-,-,-,-,-,-,-,-,-,-,-,-,-,-,-,-
solo_distribuidor,refrigeracion,refrigeracion|RAIDMAX||WATER|LM360|LCD|DISPLAY,COOLERS,120154,LM360BK LCD,WATER COOLER CPU RAIDMAX LM360 RGB LCD DISPLAY BLACK,RAIDMAX,157664.05,10.0,-,-,-,-,-,-,-,-,-,-,-,-,-,-,-,-,-,-,-,-
solo_distribuidor,refrigeracion,refrigeracion|ASUS||WATER|ROG|RYUJIN|III|360|EXTREME,COOLERS,120186,RYUJIN III 360 ARGB EXTREME,WATER COOLER ASUS ROG RYUJIN III 360 ARGB EXTREME,ASUS,594899.94,10.0,-,-,-,-,-,-,-,-,-,-,-,-,-,-,-,-,-,-,-,-
solo_distribuidor,refrigeracion,refrigeracion|GIGABYTE||WATER|AORUS|WATERFORCE|II|240,COOLERS,119873,AORUS WATERFORCE X II 240,WATER COOLER GIGABYTE AORUS WATERFORCE X II 240,GIGABYTE                                          ,298760.53,10.0,-,-,-,-,-,-,-,-,-,-,-,-,-,-,-,-,-,-,-,-
solo_distribuidor,refrigeracion,refrigeracion|RAIDMAX|120MM|120MM|PMW|AIR,COOLERS,119160,NV-X120FBP,COOLER FAN 120mm ARGB PMW RAIDMAX X-AIR BLACK,RAIDMAX,11358.67,10.0,-,-,-,-,-,-,-,-,-,-,-,-,-,-,-,-,-,-,-,-
solo_distribuidor,refrigeracion,refrigeracion|RAIDMAX|120MM|120MM|PMW|AIR,COOLERS,119161,NV-X120FWP,COOLER FAN 120mm ARGB PMW RAIDMAX X-AIR WHITE,RAIDMAX,11358.67,10.0,-,-,-,-,-,-,-,-,-,-,-,-,-,-,-,-,-,-,-,-
solo_distribuidor,refrigeracion,refrigeracion|RAIDMAX|120MM|120MM|PMW|INFINITA|AIR,COOLERS,119158,NV-IX120FBP,COOLER FAN 120mm ARGB PMW RAIDMAX INFINITA-AIR BLACK,RAIDMAX,12989.81,10.0,-,-,-,-,-,-,-,-,-,-,-,-,-,-,-,-,-,-,-,-
solo_distribuidor,refrigeracion,refrigeracion|NZXT||AIRFLOW|SERIES|FZ|200,COOLERS,101136,RF-FZ20S-U1,COOLER NZXT AIRFLOW SERIES FZ-200 BLUE,NZXT                                              ,48662.25,2.0,-,-,-,-,-,-,-,-,-,-,-,-,-,-,-,-,-,-,-,-
solo_distribuidor,refrigeracion,refrigeracion|RAIDMAX||WATER|INFINITA|LS240,COOLERS,120852,LS240WT ARGB,WATER COOLER CPU RAIDMAX INFINITA LS240 ARGB WHITE,RAIDMAX,87156.12,10.0,-,-,-,-,-,-,-,-,-,-,-,-,-,-,-,-,-,-,-,-
solo_distribuidor,refrigeracion,refrigeracion|THERMALTAKE||WATER|LA360|SYNC|ALL|IN|ONE,COOLERS,121090,CL-W462-PL12SW-A,WATER COOLER THERMALTAKE LA360-S ARGB SYNC ALL IN ONE BLACK,THERMALTAKE,139442.18,10.0,-,-,-,-,-,-,-,-,-,-,-,-,-,-,-,-,-,-,-,-
solo_distribuidor,refrigeracion,refrigeracion|RAIDMAX||AC902K|PWM,COOLERS,120850,AC902K,COOLER CPU RAIDMAX AC902K PWM ARGB,RAIDMAX,26182.39,10.0,-,-,-,-,-,-,-,-,-,-,-,-,-,-,-,-,-,-,-,-
solo_distribuidor,refrigeracion,refrigeracion|RAIDMAX||WATER|LM240|LCD|DISPLAY,COOLERS,120853,LM240 LCD,WATER COOLER CPU RAIDMAX LM240 RGB LCD DISPLAY BLACK,RAIDMAX,124502.45,10.0,-,-,-,-,-,-,-,-,-,-,-,-,-,-,-,-,-,-,-,-
solo_distribuidor,refrigeracion,refrigeracion|ASUS||WATER|PRIME|LC|240,COOLERS,121166,PRIME LC 240 ARGB,WATER COOLER ASUS PRIME LC 240 ARGB,ASUS,115867.21,2.0,-,-,-,-,-,-,-,-,-,-,-,-,-,-,-,-,-,-,-,-
solo_distribuidor,refrigeracion,refrigeracion|ASUS||WATER|ROG|STRIX|LC|III|360,COOLERS,120192,ROG STRIX LC III 360 ARGB WHITE,WATER COOLER ASUS ROG STRIX LC III 360 ARGB WHITE,ASUS,388337.95,10.0,-,-,-,-,-,-,-,-,-,-,-,-,-,-,-,-,-,-,-,-
solo_distribuidor,refrigeracion,refrigeracion|ASUS||WATER|ROG|STRIX|LC|III|360,COOLERS,120180,ROG STRIX LC III 360 ARGB,WATER COOLER ASUS ROG STRIX LC III 360 ARGB,ASUS,373872.03,10.0,-,-,-,-,-,-,-,-,-,-,-,-,-,-,-,-,-,-,-,-
solo_distribuidor,refrigeracion,refrigeracion|RAIDMAX||WATER|INFINITA|LS240,COOLERS,120851,LS240BK ARGB,WATER COOLER CPU RAIDMAX INFINITA LS240 ARGB BLACK,RAIDMAX,79237.65,4.0,-,-,-,-,-,-,-,-,-,-,-,-,-,-,-,-,-,-,-,-
solo_distribuidor,refrigeracion,refrigeracion|THERMALTAKE||WATER|TH360|V2|ULTRA|EX|SYNC,COOLERS,121262,CL-W415-PL12SW-A,WATER COOLER THERMALTAKE TH360 V2 ULTRA EX ARGB SYNC WATER BLOCK BLACK,THERMALTAKE,285259.07,7.0,-,-,-,-,-,-,-,-,-,-,-,-,-,-,-,-,-,-,-,-
solo_distribuidor,refrigeracion,refrigeracion|THERMALTAKE||GABINETE|CT120|EX|SYNC|MATCHA|GREEN,COOLERS,121258,CL-F196-PL12MG-A,GABINETE COOLER THERMALTAKE CT120 EX ARGB SYNC MATCHA GREEN,THERMALTAKE,96690.28,10.0,-,-,-,-,-,-,-,-,-,-,-,-,-,-,-,-,-,-,-,-
solo_distribuidor,refrigeracion,refrigeracion|GIGABYTE||WATER|GME|240I,COOLERS,120811,GP-GIGABYTE GME 240I,WATER COOLER GIGABYTE GAMING GME 240I (WHITE),GIGABYTE                                          ,111899.15,8.0,-,-,-,-,-,-,-,-,-,-,-,-,-,-,-,-,-,-,-,-
solo_distribuidor,refrigeracion,refrigeracion|COOLERMASTER||WATER|MASTER|MASTERLIQUID|240L|CORE|II,COOLERS,121444,MLW-D24M-A18PA-R1,WATER COOLER MASTER MASTERLIQUID 240L CORE II ARGB,COOLER MASTER,96185.65,10.0,-,-,-,-,-,-,-,-,-,-,-,-,-,-,-,-,-,-,-,-
solo_distribuidor,refrigeracion,refrigeracion|COOLERMASTER||WATER|MASTER|MASTERLIQUID|360L|CORE|II,COOLERS,121445,MLW-D36M-A18PA-R1,WATER COOLER MASTER MASTERLIQUID 360L CORE II ARGB,COOLER MASTER,123050.02,10.0,-,-,-,-,-,-,-,-,-,-,-,-,-,-,-,-,-,-,-,-
solo_distribuidor,refrigeracion,refrigeracion|COOLERMASTER||WATER|MASTER|MASTERLIQUID|240|CORE|NEX,COOLERS,121441,MLX-D24M-A18PA-RW,WATER COOLER MASTER MASTERLIQUID 240 CORE NEX ARGB BLANCO,COOLER MASTER,97359.06,10.0,-,-,-,-,-,-,-,-,-,-,-,-,-,-,-,-,-,-,-,-
solo_distribuidor,refrigeracion,refrigeracion|COOLERMASTER||MASTER|V4|ALPHA|3DHP,COOLERS,122371,MAZ-T2HP-217PK-R1,COOLER CPU COOLER MASTER V4 ALPHA 3DHP BLACK,COOLER MASTER,62833.91,10.0,-,-,-,-,-,-,-,-,-,-,-,-,-,-,-,-,-,-,-,-
solo_distribuidor,refrigeracion,refrigeracion|THERMALTAKE||ASTRIA|400|AIR|PIPE|SYNC,COOLERS,121085,CL-P138-CA12SW-A,CPU COOLER THERMALTAKE ASTRIA 400 AIR 6 PIPE SYNC WHITE,THERMALTAKE,78733.39,10.0,-,-,-,-,-,-,-,-,-,-,-,-,-,-,-,-,-,-,-,-
solo_distribuidor,refrigeracion,refrigeracion|THERMALTAKE||WATER|LA360|SYNC|ALL|IN|ONE,COOLERS,121088,CL-W459-PL12SW-A,WATER COOLER THERMALTAKE LA360 ARGB SYNC ALL IN ONE BLACK,THERMALTAKE,118526.75,10.0,-,-,-,-,-,-,-,-,-,-,-,-,-,-,-,-,-,-,-,-
solo_distribuidor,refrigeracion,refrigeracion|ASROCK||WATER|CHALLENGER|360|DIGITAL,COOLERS,122354,CL360DIGI,WATER COOLER ASROCK CHALLENGER 360 DIGITAL,ASROCK,148145.44,10.0,-,-,-,-,-,-,-,-,-,-,-,-,-,-,-,-,-,-,-,-
solo_distribuidor,refrigeracion,refrigeracion|ASROCK||WATER|CHALLENGER|360|DIGITAL,COOLERS,122355,CLW360DIGI,WATER COOLER ASROCK CHALLENGER 360 DIGITAL WHITE,ASROCK,148145.44,10.0,-,-,-,-,-,-,-,-,-,-,-,-,-,-,-,-,-,-,-,-
solo_distribuidor,refrigeracion,refrigeracion|COOLERMASTER||WATER|MASTER|MASTERLIQUID|CORE|NEX|DIGITAL,COOLERS,122368,MLX-D36M-A18PA-RD,WATER COOLER MASTER MASTERLIQUID CORE NEX DIGITAL 360 BLACK ARGB,COOLER MASTER,115842.01,1.0,-,-,-,-,-,-,-,-,-,-,-,-,-,-,-,-,-,-,-,-
solo_distribuidor,refrigeracion,refrigeracion|COOLERMASTER||WATER|MASTER|MASTERLIQUID|CORE|NEX|DIGITAL,COOLERS,122367,MLX-D24M-A18PA-RD,WATER COOLER MASTER MASTERLIQUID CORE NEX DIGITAL 240 BLACK ARGB,COOLER MASTER,99006.12,10.0,-,-,-,-,-,-,-,-,-,-,-,-,-,-,-,-,-,-,-,-
solo_distribuidor,refrigeracion,refrigeracion|COOLERMASTER||WATER|MASTER|MASTERLIQUID|360|CORE|NEX,COOLERS,121442,MLX-D36M-A18PA-R1,WATER COOLER MASTER MASTERLIQUID 360 CORE NEX ARGB,COOLER MASTER,112494.36,10.0,-,-,-,-,-,-,-,-,-,-,-,-,-,-,-,-,-,-,-,-
solo_distribuidor,refrigeracion,refrigeracion|ASUS||WATER|ROG|RYUO|IV|360|MIKU,COOLERS,121650,ROG RYUO IV 360 ARGB MIKU,WATER COOLER ASUS ROG RYUO IV 360 ARGB MIKU EDITION,ASUS,603408.9,6.0,-,-,-,-,-,-,-,-,-,-,-,-,-,-,-,-,-,-,-,-
solo_distribuidor,refrigeracion,refrigeracion|THERMALTAKE||ASTRIA|400|AIR|PIPE|SYNC,COOLERS,120536,CL-P120-CA12SW-A,CPU COOLER THERMALTAKE ASTRIA 400 AIR 6 PIPE SYNC,THERMALTAKE,77765.05,10.0,-,-,-,-,-,-,-,-,-,-,-,-,-,-,-,-,-,-,-,-
solo_distribuidor,refrigeracion,refrigeracion|COOLERMASTER||WATER|MASTER|MASTERLIQUID|240|CORE|NEX,COOLERS,121440,MLX-D24M-A18PA-R1,WATER COOLER MASTER MASTERLIQUID 240 CORE NEX ARGB,COOLER MASTER,97359.06,10.0,-,-,-,-,-,-,-,-,-,-,-,-,-,-,-,-,-,-,-,-
solo_distribuidor,refrigeracion,refrigeracion|ASUS||WATER|ROG|STRIX|LC|III|360,COOLERS,121647,ROG STRIX LC III 360 ARGB LCD,WATER COOLER ASUS ROG STRIX LC III 360 ARGB LCD,ASUS,391073.87,3.0,-,-,-,-,-,-,-,-,-,-,-,-,-,-,-,-,-,-,-,-
solo_distribuidor,refrigeracion,refrigeracion|ASUS||WATER|ROG|RYUJIN|III|360|EXTREME,COOLERS,121649,RYUJIN III 360 ARGB EXTREME WHITE,WATER COOLER ASUS ROG RYUJIN III 360 ARGB EXTREME WHITE,ASUS,607479.78,10.0,-,-,-,-,-,-,-,-,-,-,-,-,-,-,-,-,-,-,-,-
solo_distribuidor,refrigeracion,refrigeracion|RAIDMAX|120MM|120MM|PMW|INFINITA|AIR,COOLERS,119159,NV-IX120FWP,COOLER FAN 120mm ARGB PMW RAIDMAX INFINITA-AIR WHITE,RAIDMAX,12989.81,10.0,-,-,-,-,-,-,-,-,-,-,-,-,-,-,-,-,-,-,-,-
solo_mexx,refrigeracion,refrigeracion|EVOLABS||CRYO|3H|FRGB|95W,-,-,-,-,-,-,-,-,70394,Cooler Cpu Cooler Evolabs Cryo 3H Frgb 95W,Evolabs,18999.0,EN STOCK,-,-,https://www.mexx.com.ar/productos-rubro/refrigeracion-pc/50565-cooler-cpu-cooler-evolabs-cryo-3h-frgb-95w.html,-,-,-,-,-,-,-,-,-,-,-
solo_mexx,refrigeracion,refrigeracion|COOLERMASTER||MASTER|HYPER|H411|NANO|100W,-,-,-,-,-,-,-,-,70396,Cooler Cpu Cooler Master Hyper H411 Nano Argb 100W,Cooler Master,51999.0,EN STOCK,-,-,https://www.mexx.com.ar/productos-rubro/refrigeracion-pc/49708-cooler-cpu-cooler-master-hyper-h411-nano-argb-100w.html,-,-,-,-,-,-,-,-,-,-,-
solo_mexx,refrigeracion,refrigeracion|MSI||MAG|COREFROZR|AA13|200W,-,-,-,-,-,-,-,-,70433,Cooler Cpu Msi Mag Corefrozr AA13 Argb 200W Blanco,Msi,35479.0,EN STOCK,-,-,https://www.mexx.com.ar/productos-rubro/refrigeracion-pc/50723-cooler-cpu-msi-mag-corefrozr-aa13-argb-200w-blanco.html,-,-,-,-,-,-,-,-,-,-,-
solo_mexx,refrigeracion,refrigeracion|MSI||MAG|COREFROZR|AA13|200W,-,-,-,-,-,-,-,-,70434,Cooler Cpu Msi Mag Corefrozr AA13 Argb 200W,Msi,39999.0,EN STOCK,-,-,https://www.mexx.com.ar/productos-rubro/refrigeracion-pc/50722-cooler-cpu-msi-mag-corefrozr-aa13-argb-200w.html,-,-,-,-,-,-,-,-,-,-,-
solo_mexx,refrigeracion,refrigeracion|MSI||WATERCOOLER|MAG|CORELIQUID|A13|240|200W,-,-,-,-,-,-,-,-,70454,Cooler Cpu Watercooler Msi Mag Coreliquid A13 240 Argb 200W,Msi,124999.0,EN STOCK,-,-,https://www.mexx.com.ar/productos-rubro/refrigeracion-pc/48380-cooler-cpu-watercooler-msi-mag-coreliquid-a13-240-argb-200w.html,-,-,-,-,-,-,-,-,-,-,-
solo_mexx,refrigeracion,refrigeracion|MSI||WATERCOOLER|MAG|CORELIQUID|A13|240|200W,-,-,-,-,-,-,-,-,70459,Cooler Cpu Watercooler Msi Mag Coreliquid A13 240 Argb 200W Blanco,Msi,125999.0,EN STOCK,-,-,https://www.mexx.com.ar/productos-rubro/refrigeracion-pc/48536-cooler-cpu-watercooler-msi-mag-coreliquid-a13-240-argb-200w-blanco.html,-,-,-,-,-,-,-,-,-,-,-
solo_mexx,refrigeracion,refrigeracion|MSI||WATERCOOLER|MAG|CORELIQUID|A12|240|200W,-,-,-,-,-,-,-,-,70461,Cooler Cpu Watercooler Msi Mag Coreliquid A12 240 Argb 200W,Msi,94999.0,EN STOCK,-,-,https://www.mexx.com.ar/productos-rubro/refrigeracion-pc/49129-cooler-cpu-watercooler-msi-mag-coreliquid-a12-240-argb-200w.html,-,-,-,-,-,-,-,-,-,-,-
solo_mexx,refrigeracion,refrigeracion|MSI||WATERCOOLER|MAG|CORELIQUID|A13|360|200W,-,-,-,-,-,-,-,-,70466,Cooler Cpu Watercooler Msi Mag Coreliquid A13 360 Argb 200W,Msi,120999.0,EN STOCK,-,-,https://www.mexx.com.ar/productos-rubro/refrigeracion-pc/48381-cooler-cpu-watercooler-msi-mag-coreliquid-a13-360-argb-200w.html,-,-,-,-,-,-,-,-,-,-,-
solo_mexx,refrigeracion,refrigeracion|MSI||WATERCOOLER|MAG|CORELIQUID|A13|360|200W,-,-,-,-,-,-,-,-,70467,Cooler Cpu Watercooler Msi Mag Coreliquid A13 360 Argb 200W Blanco,Msi,125999.0,EN STOCK,-,-,https://www.mexx.com.ar/productos-rubro/refrigeracion-pc/48535-cooler-cpu-watercooler-msi-mag-coreliquid-a13-360-argb-200w-blanco.html,-,-,-,-,-,-,-,-,-,-,-
solo_mexx,refrigeracion,refrigeracion|GIGABYTE||WATERCOOLER|360|200W,-,-,-,-,-,-,-,-,70479,Cooler Cpu Watercooler Gigabyte Gaming 360 Argb 200W,Gigabyte,159999.0,EN STOCK,-,-,https://www.mexx.com.ar/productos-rubro/refrigeracion-pc/50230-cooler-cpu-watercooler-gigabyte-gaming-360-argb-200w.html,-,-,-,-,-,-,-,-,-,-,-
solo_mexx,refrigeracion,refrigeracion|ASUS||WATERCOOLER|LIQUID|PRIME|LC|240|200W,-,-,-,-,-,-,-,-,70490,Cooler Cpu Watercooler Asus Liquid Prime LC 240 Argb 200W,Asus,174999.0,EN STOCK,-,-,https://www.mexx.com.ar/productos-rubro/refrigeracion-pc/49455-cooler-cpu-watercooler-asus-liquid-prime-lc-240-argb-200w.html,-,-,-,-,-,-,-,-,-,-,-
solo_mexx,refrigeracion,refrigeracion|XPG||WATERCOOLER|LEVANTE|X360|II|200W,-,-,-,-,-,-,-,-,70501,Cooler Cpu Watercooler Xpg Levante X360 II Argb 200W,Xpg,150999.0,EN STOCK,-,-,https://www.mexx.com.ar/productos-rubro/refrigeracion-pc/49863-cooler-cpu-watercooler-xpg-levante-x360-ii-argb-200w.html,-,-,-,-,-,-,-,-,-,-,-
solo_mexx,refrigeracion,refrigeracion|GAMEMAX||GAMMA|500|RAINBOW|200W,-,-,-,-,-,-,-,-,70716,Cooler Cpu Gamemax Gamma 500 Rainbow Argb 200W,Gamemax,30999.0,EN STOCK,-,-,https://www.mexx.com.ar/productos-rubro/refrigeracion-pc/49307-cooler-cpu-gamemax-gamma-500-rainbow-argb-200w.html,-,-,-,-,-,-,-,-,-,-,-
solo_mexx,refrigeracion,refrigeracion|THERMALTAKE||ASTRIA|200|130W,-,-,-,-,-,-,-,-,70725,Cooler Cpu Thermaltake Astria 200 Argb 130W,Thermaltake,61999.0,EN STOCK,-,-,https://www.mexx.com.ar/productos-rubro/refrigeracion-pc/49605-cooler-cpu-thermaltake-astria-200-argb-130w.html,-,-,-,-,-,-,-,-,-,-,-
solo_mexx,refrigeracion,refrigeracion|THERMALTAKE||ASTRIA|200|130W,-,-,-,-,-,-,-,-,70726,Cooler Cpu Thermaltake Astria 200 Argb 130W Blanco,Thermaltake,63999.0,EN STOCK,-,-,https://www.mexx.com.ar/productos-rubro/refrigeracion-pc/50026-cooler-cpu-thermaltake-astria-200-argb-130w-blanco.html,-,-,-,-,-,-,-,-,-,-,-
solo_mexx,refrigeracion,refrigeracion|THERMALTAKE||ASTRIA|400|130W,-,-,-,-,-,-,-,-,70731,Cooler Cpu Thermaltake Astria 400 Argb 130W Blanco,Thermaltake,95999.0,EN STOCK,-,-,https://www.mexx.com.ar/productos-rubro/refrigeracion-pc/50024-cooler-cpu-thermaltake-astria-400-argb-130w-blanco.html,-,-,-,-,-,-,-,-,-,-,-
solo_mexx,refrigeracion,refrigeracion|THERMALTAKE||ASTRIA|600|265W,-,-,-,-,-,-,-,-,70732,Cooler Cpu Thermaltake Astria 600 Argb 265W,Thermaltake,113999.0,EN STOCK,-,-,https://www.mexx.com.ar/productos-rubro/refrigeracion-pc/50025-cooler-cpu-thermaltake-astria-600-argb-265w.html,-,-,-,-,-,-,-,-,-,-,-
solo_mexx,refrigeracion,refrigeracion|THERMALTAKE||UX200|SE|130W,-,-,-,-,-,-,-,-,70737,Cooler Cpu Thermaltake UX200 SE Argb 130W,Thermaltake,48999.0,EN STOCK,-,-,https://www.mexx.com.ar/productos-rubro/refrigeracion-pc/49603-cooler-cpu-thermaltake-ux200-se-argb-130w.html,-,-,-,-,-,-,-,-,-,-,-
solo_mexx,refrigeracion,refrigeracion|THERMALTAKE||UX200|SE|130W,-,-,-,-,-,-,-,-,70738,Cooler Cpu Thermaltake UX200 SE Argb 130W Blanco,Thermaltake,52999.0,EN STOCK,-,-,https://www.mexx.com.ar/productos-rubro/refrigeracion-pc/49604-cooler-cpu-thermaltake-ux200-se-argb-130w-blanco.html,-,-,-,-,-,-,-,-,-,-,-
solo_mexx,refrigeracion,refrigeracion|THERMALTAKE||WATERCOOLER|LA240|SYNC|130W,-,-,-,-,-,-,-,-,70744,Cooler Cpu Watercooler Thermaltake LA240 Argb SYNC 130W,Thermaltake,135999.0,EN STOCK,-,-,https://www.mexx.com.ar/productos-rubro/refrigeracion-pc/51115-cooler-cpu-watercooler-thermaltake-la240-argb-sync-130w.html,-,-,-,-,-,-,-,-,-,-,-
solo_mexx,refrigeracion,refrigeracion|THERMALTAKE||WATERCOOLER|LA360|200W,-,-,-,-,-,-,-,-,70745,Cooler Cpu Watercooler Thermaltake LA360 Argb 200W,Thermaltake,150999.0,EN STOCK,-,-,https://www.mexx.com.ar/productos-rubro/refrigeracion-pc/51116-cooler-cpu-watercooler-thermaltake-la360-argb-200w.html,-,-,-,-,-,-,-,-,-,-,-
solo_mexx,refrigeracion,refrigeracion|THERMALTAKE||WATERCOOLER|TH360|V2|AIO|200W,-,-,-,-,-,-,-,-,70746,Cooler Cpu Watercooler Thermaltake TH360 V2 Aio Argb Blanco 200W,Thermaltake,187999.0,EN STOCK,-,-,https://www.mexx.com.ar/productos-rubro/refrigeracion-pc/47814-cooler-cpu-watercooler-thermaltake-th360-v2-aio-argb-blanco-200w.html,-,-,-,-,-,-,-,-,-,-,-
solo_mexx,refrigeracion,refrigeracion|THERMALTAKE||WATERCOOLER|TH360|V2|AIO|200W,-,-,-,-,-,-,-,-,70747,Cooler Cpu Watercooler Thermaltake TH360 V2 Aio Argb 200W,Thermaltake,199999.0,EN STOCK,-,-,https://www.mexx.com.ar/productos-rubro/refrigeracion-pc/47809-cooler-cpu-watercooler-thermaltake-th360-v2-aio-argb-200w.html,-,-,-,-,-,-,-,-,-,-,-
solo_mexx,refrigeracion,refrigeracion|GAMEMAX||WATERCOOLER|ICEBERG|120|RAINBOW|125W,-,-,-,-,-,-,-,-,70759,Cooler Cpu Watercooler Gamemax Iceberg 120 Rainbow 125W,Gamemax,63999.0,EN STOCK,-,-,https://www.mexx.com.ar/productos-rubro/refrigeracion-pc/45863-cooler-cpu-watercooler-gamemax-iceberg-120-rainbow-125w.html,-,-,-,-,-,-,-,-,-,-,-
solo_mexx,refrigeracion,refrigeracion|GAMEMAX||WATERCOOLER|ICECHILL|240|180W,-,-,-,-,-,-,-,-,70763,Cooler Cpu Watercooler Gamemax Icechill 240 Argb 180W,Gamemax,95999.0,EN STOCK,-,-,https://www.mexx.com.ar/productos-rubro/refrigeracion-pc/49041-cooler-cpu-watercooler-gamemax-icechill-240-argb-180w.html,-,-,-,-,-,-,-,-,-,-,-
solo_mexx,refrigeracion,refrigeracion|GAMEMAX||WATERCOOLER|ICECHILL|360|295W,-,-,-,-,-,-,-,-,70764,Cooler Cpu Watercooler Gamemax Icechill 360 Argb 295W,Gamemax,113999.0,EN STOCK,-,-,https://www.mexx.com.ar/productos-rubro/refrigeracion-pc/49040-cooler-cpu-watercooler-gamemax-icechill-360-argb-295w.html,-,-,-,-,-,-,-,-,-,-,-
solo_mexx,refrigeracion,refrigeracion|EVOLABS||WATERCOOLER|CRYOGENE|240|250W,-,-,-,-,-,-,-,-,70770,Cooler Cpu Watercooler Evolabs Cryogene Pro 240 Argb 250W,Evolabs,94449.0,EN STOCK,-,-,https://www.mexx.com.ar/productos-rubro/refrigeracion-pc/50568-cooler-cpu-watercooler-evolabs-cryogene-pro-240-argb-250w.html,-,-,-,-,-,-,-,-,-,-,-
solo_mexx,refrigeracion,refrigeracion|EVOLABS||WATERCOOLER|CRYOGENE|SUPREME|240|250W,-,-,-,-,-,-,-,-,70771,Cooler Cpu Watercooler Evolabs Cryogene Supreme 240 Argb 250W,Evolabs,173389.0,EN STOCK,-,-,https://www.mexx.com.ar/productos-rubro/refrigeracion-pc/50569-cooler-cpu-watercooler-evolabs-cryogene-supreme-240-argb-250w.html,-,-,-,-,-,-,-,-,-,-,-
solo_mexx,refrigeracion,refrigeracion|EVOLABS||WATERCOOLER|CRYOGENE|SUPREME|360|250W,-,-,-,-,-,-,-,-,70772,Cooler Cpu Watercooler Evolabs Cryogene Supreme 360 Argb 250W,Evolabs,195999.0,EN STOCK,-,-,https://www.mexx.com.ar/productos-rubro/refrigeracion-pc/50570-cooler-cpu-watercooler-evolabs-cryogene-supreme-360-argb-250w.html,-,-,-,-,-,-,-,-,-,-,-
solo_mexx,refrigeracion,refrigeracion|GAMEMAX|120MM|GABINETE|GMX|12|CBB|RAINBOW|120MM,-,-,-,-,-,-,-,-,71105,Cooler Gabinete Gamemax GMX-12-CBB Argb Rainbow 120MM,Gamemax,7999.0,EN STOCK,-,-,https://www.mexx.com.ar/productos-rubro/refrigeracion-pc/45855-cooler-gabinete-gamemax-gmx-12-cbb-argb-rainbow-120mm.html,-,-,-,-,-,-,-,-,-,-,-
solo_mexx,refrigeracion,refrigeracion|COOLERMASTER||GABINETE|MASTER|MOBIUS|120P,-,-,-,-,-,-,-,-,71107,Cooler Gabinete Cooler Master Mobius 120P Argb Blanco,Cooler Master,50999.0,EN STOCK,-,-,https://www.mexx.com.ar/productos-rubro/refrigeracion-pc/49087-cooler-gabinete-cooler-master-mobius-120p-argb-blanco.html,-,-,-,-,-,-,-,-,-,-,-
solo_mexx,refrigeracion,refrigeracion|COOLERMASTER||GABINETE|MASTER|MF120|LITE|PACK,-,-,-,-,-,-,-,-,71114,Cooler Gabinete Cooler Master MF120 Lite Argb 3 Pack,Cooler Master,42999.0,EN STOCK,-,-,https://www.mexx.com.ar/productos-rubro/refrigeracion-pc/49718-cooler-gabinete-cooler-master-mf120-lite-argb-3-pack.html,-,-,-,-,-,-,-,-,-,-,-
solo_mexx,refrigeracion,refrigeracion|SENTEY||GABINETE|F80|120,-,-,-,-,-,-,-,-,71125,Cooler Gabinete Sentey F80 120 Argb,Sentey,9999.0,EN STOCK,-,-,https://www.mexx.com.ar/productos-rubro/refrigeracion-pc/49990-cooler-gabinete-sentey-f80-120-argb.html,-,-,-,-,-,-,-,-,-,-,-
solo_mexx,refrigeracion,refrigeracion|SENTEY||GABINETE|F70|120,-,-,-,-,-,-,-,-,71126,Cooler Gabinete Sentey F70 120 Argb,Sentey,9999.0,EN STOCK,-,-,https://www.mexx.com.ar/productos-rubro/refrigeracion-pc/49991-cooler-gabinete-sentey-f70-120-argb.html,-,-,-,-,-,-,-,-,-,-,-
solo_mexx,refrigeracion,refrigeracion|SENTEY||CONTROLADORA|GS|1000|CONTROL,-,-,-,-,-,-,-,-,71130,Controladora Sentey GS-1000 + Control,Sentey,11999.0,EN STOCK,-,-,https://www.mexx.com.ar/productos-rubro/refrigeracion-pc/49992-controladora-sentey-gs-1000-+-control.html,-,-,-,-,-,-,-,-,-,-,-
solo_mexx,refrigeracion,refrigeracion|GAMEMAX||CONTROLADORA|RAINBOW,-,-,-,-,-,-,-,-,71138,Controladora Gamemax Fan Led Rainbow,Gamemax,9999.0,EN STOCK,-,-,https://www.mexx.com.ar/productos-rubro/refrigeracion-pc/48928-controladora-gamemax-fan-led-rainbow.html,-,-,-,-,-,-,-,-,-,-,-
